stop_id,stop_name,stop_lat,stop_lon
261,Kassel-Wilhelmshöhe,51.312557,9.447116
315,Lübeck St Jürgen,53.84232,10.702942
354,Herzberg(Harz),51.64386,10.329923
361,Kutno,52.226963,19.348616
456,"Kullenmühle, Bad Herrenalb",48.808926,8.443993
510,Besseringen,49.475975,6.602559
697,S Lichterfelde Ost Bhf,52.43,13.32813
704,Sonthofen,47.513283,10.272093
720,Lübeck-Travemünde Hafen,53.95876,10.865587
806,"Bärenklau Bahnhof, Oberkrämer",52.704163,13.143378
929,Schwetzingen-Hirschacker,49.4061,8.557187
1060,Dorheim(Wetterau),50.352703,8.79051
1094,Hattersheim(Main),50.06788,8.489638
1108,Ottobrunn,48.06369,11.677795
1143,Decin - Prostredni Zleb,50.79309,14.230051
1165,Geiselhöring,48.82239,12.392077
1207,Pfaffenhofen(Ilm),48.522434,11.511884
1230,S Schlachtensee,52.440067,13.215529
1448,Schierwaldenrath,51.013756,6.037462
1518,Ustek,50.58548,14.33501
1533,Bela u Stare Paky,50.53247,15.442552
1600,Bologna Centrale,44.50614,11.343411
1602,Bludenz,47.154724,9.814564
1634,Heiligenstein(Pfalz),49.28566,8.393726
1930,Niederhövels,50.78629,7.788525
1983,S Pankow-Heinersdorf,52.57808,13.429448
2012,Mürzzuschlag,47.60791,15.677244
2089,Rippberg,49.62472,9.291189
2176,Helmstedt,52.222088,11.010553
2194,Wrist,53.93238,9.748128
2197,Mnisek u Liberce,50.832447,15.065304
2351,Lauf(links Pegnitz),49.507095,11.285976
2373,Cadenberge,53.76807,9.058163
2402,Neermoor,53.3055,7.43737
2463,Sorge So_Bek 001 P1,51.69219,10.7034
2580,Ascheberg(Westf),51.78299,7.600749
2599,Trier-Pallien,49.7642,6.63014
2724,"Finkenkrug Bahnhof, Falkensee",52.569805,13.050836
2768,Wasungen,50.662895,10.359287
2867,Bludenz-Moos,47.142067,9.831148
2889,Immenhausen Gl.2 Ri. Kassel,51.427067,9.464275
2893,Cottbus-Willmersdorf Nord,51.816162,14.385054
3080,Hojsova Straz-Brcalnik,49.192066,13.222825
3091,Lindau-Insel,47.544342,9.680469
3115,Leipzig Völkerschlachtdenkmal,51.31874,12.406284
3215,Abenden,50.671085,6.476459
3228,"Gottesauer Platz/BGV, Karlsruhe",49.0075,8.42492
3333,Pocking,48.406223,13.313164
3360,Straßberg(Harz),51.62021,11.043781
3406,Ostromer,50.369045,15.544708
3524,Meckelfeld,53.42438,10.029711
3671,Kleinjena,51.180264,11.781279
3852,Essen-Frohnhausen,51.455112,6.965285
4001,Mörfelden,49.979,8.565384
4042,Balgheim,48.065887,8.759892
4126,Vöhl-Herzhausen,51.181225,8.884998
4329,Jechtingen,48.119843,7.610624
4712,Teisnach Rohde&Schwarz,49.0291,12.991521
4835,Saarbrücken-Burbach,49.242004,6.956526
4840,Michelstadt,49.684856,9.001453
4848,Groß Schwaß,54.077026,12.04612
4863,Salmtal,49.921684,6.839254
4957,Kerkwitz,51.9097,14.627992
5081,Apach(Moselle),49.458786,6.371969
5115,Großheringen,51.10598,11.657745
5152,Weickersgrüben,50.107067,9.782546
5223,Kiel-Russee,54.31004,10.070212
5310,Lövenich,50.942932,6.83444
5335,Weisenheim(Sand),49.51393,8.249874
5349,Taubenheim(Spree),51.0422,14.480637
5387,Raspenava,50.89648,15.131115
5553,Lauda,49.565384,9.709512
5651,Dollern,53.545425,9.55808
5678,Radebeul Ost,51.098293,13.680163
5688,Hochstetten(Nahe),49.79866,7.510962
5920,Vellmar-Obervellmar Gl.2 Ri. Kassel,51.35922,9.453075
6153,Euskirchen-Großbüllesheim,50.68675,6.816188
6162,Schwarzkollm,51.443188,14.133566
6221,Wünschendorf(Elster) Nord,50.817436,12.077948
6409,Kyje u Jicina,50.4999,15.375789
6435,Jatznick,53.60306,13.937671
6586,S Potsdam Hauptbahnhof,52.391766,13.066755
6668,Reutlingen-Sondelfingen,48.515133,9.236915
6707,Okna,50.527233,14.674447
6906,Hersbruck(r Pegnitz),49.510075,11.423826
6936,München-Fasangarten,48.092747,11.606009
6997,Böblingen Zimmerschlag,48.670578,9.035174
7227,S Oranienburg Bhf,52.75403,13.248969
7288,Reinbek,53.508396,10.253335
7295,Mering,48.2627,10.988291
7391,Barchel,53.47198,9.027388
7437,Seligenstadt(Hess),50.04146,8.967472
7440,Sudoměř u Mladé Boleslavi,50.437874,14.745064
7670,Wippra,51.575745,11.280694
7739,Großenkneten,52.945057,8.241136
7837,Wolmirstedt,52.250904,11.635943
7847,Ebstorf(Uelzen),53.017193,10.41695
7848,Amorbach,49.64561,9.223147
7900,Rudolstadt-Schwarza,50.69112,11.328199
7965,Schwanheide,53.428158,10.689993
8039,Benneckenstein Bek_Klb 004 P4,51.67139,10.72322
8043,Pinzberg,49.69881,11.097096
8132,Ilfeld Eisfelder Talmühle Gleis 1,51.62076,10.81298
8197,S Schönefeld (bei Berlin) Bhf,52.390884,13.51315
8211,Neetzendorf,53.163784,10.760576
8272,Rennsteig,50.61525,10.835138
8508,Zielitz Ort,52.288284,11.676309
8518,Nova Paka,50.48663,15.523086
8654,Lissendorf,50.31849,6.615158
8693,Weißes Roß,51.10663,13.661618
8736,Untersteinach(b Stadtsteinach),50.129845,11.528122
8743,Lohhof,48.287937,11.580813
8779,S Röntgental,52.64858,13.513496
8886,Nettersheim,50.490646,6.629541
8968,Niederschelden,50.83925,7.965509
8983,Löwenberg(Mark),52.89649,13.190297
9054,Redwitz(Rodach),50.16883,11.207288
9203,Einbeck BBS/PS-Speicher,51.8201,9.85971
9413,Favoritepark,48.90921,9.180233
9435,Conegliano,45.884663,12.299103
9485,Schwarzenberg,48.59867,8.383851
9497,Tatabanya,47.58493,18.393612
9613,Aha,47.833225,8.134349
9616,Quadrath-Ichendorf,50.93778,6.686533
9620,Weiler(Rems),48.8003,9.501991
9755,Hilden,51.16702,6.922006
9757,Allerheiligenhöfe,47.26903,11.352969
9875,S Zeuthen,52.34869,13.627548
9914,Wernigerode Sr_Drt 001 P1,51.81707,10.72965
9950,Plouznice,50.514183,15.386784
9959,Dortmund-Asseln Mitte,51.52622,7.583839
10057,Neukirchen(Inn),48.517677,13.370103
10345,Koebenhavn H,55.67272,12.564617
10407,Fridolfing,47.984203,12.799689
10451,Usseln,51.28071,8.670227
10481,Tanvald,50.742916,15.310742
10492,Wiemersdorf,53.954628,9.916483
10671,Bad Münstereifel,50.558914,6.764369
10759,Roztoky u Jilemnice,50.554592,15.489965
10797,Wernigerode Wdk_Wdh 003 P3,51.82241,10.7543
10950,Karlsruhe Central Station (FlixTrain),48.99328,8.401294
11027,Malchin,53.743416,12.761041
11038,Harsum,52.206497,9.965697
11047,S Nikolassee,52.43174,13.194195
11136,Leuthen(Cottbus),51.69573,14.256493
11176,Schongau,47.81233,10.902459
11267,Rickling,53.999058,10.168318
11390,Zürich Flughafen,47.450386,8.562402
11412,Daxlanden Karl-Delisle-Straße,48.99576,8.337785
11492,Quickborner Straße,53.734425,9.989818
11510,Helmsdorf(Pirna),51.034206,14.046491
11652,Herten(Westf),51.597507,7.139053
11889,Rammelsbach,49.54213,7.444075
11899,Stolberg-Rathaus,50.768555,6.229845
12078,Dessau Hbf,51.839867,12.234945
12122,Pilnikov,50.53422,15.8129
12229,Schallstadt,47.955948,7.753888
12295,Nordstemmen,52.167522,9.790594
12609,Blumenthal(Mark),53.076553,12.334002
12682,Rackwitz(Leipzig),51.44032,12.37513
12692,Witten Hbf,51.435543,7.329442
12910,Triangel,52.509506,10.57824
12963,Kettwig Stausee,51.35661,6.939145
12980,Wernigerode Wdt_Wdk 002 P2,51.83223,10.78044
13040,Bottrop-Vonderort,51.501728,6.912294
13076,Gettenau-Bingenheim,50.379696,8.885976
13098,Schnepfenthal,50.884,10.57587
13115,Hildbrandsgrün,50.210377,11.728323
13178,Stockstadt(Main),49.976627,9.063369
13197,Biederitz,52.15271,11.716466
13285,Blankenloch Tolna-Platz,49.06007,8.469227
13394,Hagsfeld Reitschulschlag,49.042526,8.4608
13624,Beringerfeld,47.69531,8.592771
13629,Wilthen,51.09328,14.391502
13648,Wernigerode Sr_Drt 003 P3,51.81783,10.73637
13782,Radeburg Bahnhof,51.20927,13.728216
13795,Weil im Schönbuch Röte,48.620865,9.049961
13822,Mechterstädt,50.94378,10.521367
13934,Weißenfels,51.204617,11.970926
13943,Hinterweidenthal,49.201538,7.747673
13967,Sluknov zast.,51.006775,14.435561
14071,Jägersfreude,49.26576,7.00497
14120,Banteln,52.066265,9.75033
14227,Lohsa,51.37417,14.404144
14262,Maintal West,50.140987,8.805296
14286,Sinzheim Nord,48.77082,8.169792
14293,Kornwestheim Pbf,48.86222,9.179964
14373,Neuenhaus Süd,52.4871,6.98405
14419,Förtha(Eisenach),50.938854,10.262007
14426,Berkenbrück,52.357075,14.166475
14499,Löhne(Westf),52.19665,8.7135
14612,Kreuzau-Eifelstraße,50.742798,6.49194
14629,Ahlen(Westf),51.761063,7.895488
14763,Koenigsmacker,49.396545,6.273417
14792,Üdingen,50.728107,6.481437
14890,Laußnitz,51.24825,13.879653
14899,Sellstedt,53.51553,8.723057
14911,Köln-Stammheim,50.99007,7.002095
14970,Auerbach(V) ob Bf,50.519135,12.382054
15157,Schwarzenbek,53.503834,10.484782
15184,Rietheim(Württ),48.03901,8.782636
15262,Niedersachswerfen,51.545067,10.76389
15297,Frankfurt-Griesheim,50.094334,8.606394
15474,Harrachov,50.77151,15.393171
15481,Friedrichstal b Freudenstadt,48.481804,8.376926
15573,Kuty(Gr),48.71108,17.000406
15650,Wernigerode Sr_Drt 013 P13,51.8006,10.72926
15655,Pforzheim-Weißenstein,48.865208,8.676399
15753,Nove Mesto p.Smrkem,50.924747,15.224189
15765,Petersroda,51.569958,12.285349
15884,Suchdol nad Odrou,49.642,17.938858
15888,Ahlhorn,52.899323,8.209429
16086,Düsseldorf Flughafen,51.292007,6.786836
16100,Ellefeld,50.488003,12.384382
16248,Hildburghausen,50.425133,10.717828
16315,Coesfeld(Westf),51.939808,7.163687
16449,Köln-Holweide,50.97627,7.041235
16488,Seelvitz,54.36761,13.561281
16516,Paulinenaue,52.67589,12.71327
16583,Bad Zurzach,47.588314,8.295588
16589,S Lichterfelde West,52.443317,13.29358
16639,Naleczow,51.31779,22.21296
16908,Kerkerbach,50.40188,8.135717
16917,S+U Berlin Hauptbahnhof,52.526695,13.369614
17024,Castrop-Rauxel Süd,51.5503,7.310186
17039,Kirnbach-Grün,48.36193,8.105907
17087,Greiz,50.652973,12.194465
17272,Rosenau(b Grafenau),48.87413,13.408466
17480,Markkleeberg Nord,51.288,12.372204
17486,Hechingen Landesbahn,48.35905,8.968155
17546,Hemmerde,51.553944,7.803364
17625,Biedenkopf,50.90894,8.530353
17646,Gladbeck West,51.57492,6.976389
17708,Vejprty koupaliste,50.483406,13.033537
17715,Friedewald Bad,51.138046,13.662594
17727,Steinach(Baden),48.298992,8.056469
17772,Elend Eld_Ab 005 P5,51.73634,10.68063
17794,Gundelshausen,48.94488,12.003553
17802,Immensen-Arpke,52.391357,10.084479
17863,Obercarsdorf,50.86025,13.665174
17886,Königsbronn,48.739517,10.116135
17946,Burgholzhausen v d H,50.257793,8.677106
18033,Rauenstein(Thür),50.412254,11.047486
18188,Löwenberg(Mark),52.89646,13.190169
18236,Augsburg-Oberhausen,48.38077,10.872533
18410,Soltau(Han),52.983017,9.831109
18618,Brunnen(Oberbay),48.629158,11.2981
18641,Sorge So_Bek 005 P5,51.67893,10.6985
18660,Demitz-Thumitz,51.14214,14.239622
18690,Kronweiler,49.655586,7.262416
18791,Aix-en-Provence TGV,43.45517,5.317224
18802,Brannenburg,47.741356,12.106464
18955,Berzhahn,50.53989,8.006031
19109,Konstanz-Fürstenberg,47.67748,9.162847
19111,S Julius-Leber-Brücke,52.486412,13.361128
19381,Großkorbetha,51.26732,12.022171
19389,Laubendorf,49.494366,10.752696
19788,Münster-Häger,52.02206,7.562341
19808,Rheinzabern Rappengasse,49.114838,8.273291
19828,Bochum-Langendreer West,51.47803,7.304327
19939,Bützow,53.837112,11.998194
20082,Wels Hbf,48.166077,14.026569
20149,Leipzig-Gohlis,51.36286,12.374533
20225,Wahlitz,52.109177,11.788868
20288,Montabaur,50.444836,7.825333
20375,S Baumschulenweg,52.467537,13.489686
20505,Herleshausen Hp,51.002644,10.171661
20642,Scinawa,51.409657,16.421356
20687,Offenbach-Bieber,50.09042,8.808589
20779,Diebach,50.12868,9.83766
20781,Bad Dürkheim-Trift,49.466415,8.193072
20827,Hermsdorf-Klosterlausnitz,50.903778,11.858626
20853,Haarhausen,50.867435,10.905715
20858,Wittenhagen,54.184006,13.05605
21031,Oostende,51.22849,2.926827
21068,Bischheim-Gersdorf,51.228416,14.045516
21189,Seligenstadt(b Würzburg),49.85426,10.102454
21387,"Chemnitz, Alt Chemnitz Center",50.7965,12.917756
21421,Dohna(Sachs),50.96119,13.855565
21428,Eschweiler Talbahnhof,50.81476,6.263203
21712,Halstenbek,53.63038,9.839092
21713,Haidenaab-Göppmannsbühl,49.885777,11.820045
21737,Ochsenfurt,49.663044,10.071776
21797,Eubigheim,49.50173,9.538015
21855,Seybothenreuth,49.894417,11.705542
22012,Hanau Nord,50.141434,8.925848
22056,"Oberbilk S U, Düsseldorf",51.208878,6.808098
22171,Plaue(Thür),50.778393,10.908698
22211,Kälberau,50.09091,9.091445
22424,Kostrzyn(Gr),52.57974,14.627094
22457,Ostseebad Kühlungsborn Mitte,54.141617,11.75344
22488,Bärnsdorf Bahnhof,51.166847,13.720697
22489,Rümlang,47.454067,8.532767
22508,Beelitz Stadt,52.241558,12.967232
22529,Trier-Zewen,49.71999,6.580891
22534,Ueckermünde Stadthafen,53.736202,14.052233
23074,S Kaulsdorf,52.512077,13.590479
23129,Burgthann,49.342476,11.309307
23146,Bernau(b Berlin),52.67533,13.592016
23389,Hochneukirch,51.103294,6.466316
23470,Hundsgrün,50.366257,12.211452
23482,Bad Steben,50.365093,11.64677
23561,Feldafing,47.946938,11.290224
23582,Velbert-Neviges,51.31316,7.090484
23626,Bernburg Hbf,51.79612,11.751455
23688,Nagold-Steinberg,48.541992,8.732717
23715,S+U Gesundbrunnen Bhf,52.549213,13.389895
23813,Basdahl Kluste,53.4542,9.012175
23858,Belfort-Montbéliard TGV,47.58594,6.897634
23914,Dabrowa Gornicza,50.330173,19.185452
23953,Scheuerfeld(Sieg),50.79194,7.837031
23994,Kirchheim (T) Süd,48.63983,9.452046
24034,Ingelbach,50.688904,7.726214
24113,Creußen(Oberfr),49.84947,11.628443
24178,Schönmünzach,48.605347,8.369354
24227,Prora,54.444984,13.564057
24232,Warnitz(Uckermark),53.183437,13.877225
24470,Würzburg-Zell,49.80494,9.884593
24606,"Chemnitz, Gustav-Freytag-Str",50.826145,12.920172
24647,St. Margrethen SG,47.453217,9.638262
24806,Ponikla,50.648582,15.45706
24885,Nieukerk,51.45808,6.375586
25026,Duisburg-Meiderich Süd,51.46883,6.780191
25034,Dortmund Universität,51.49274,7.417708
25239,Lutherstadt Wittenberg Hbf,51.86781,12.662285
25302,Neukloster(Kr Stade),53.48126,9.639721
25374,Langenprozelten,50.061573,9.661384
25388,"Europaplatz (U), Karlsruhe",49.010094,8.393678
25412,Schlattingen,47.666622,8.770434
25497,Schnega,52.869057,10.890386
25500,Hohenleipisch,51.492775,13.565034
25542,S Baumschulenweg,52.467495,13.489615
25549,Dissen-Bad Rothenfelde,52.11192,8.185298
25622,Rietschen,51.398838,14.783843
25679,Au(Sieg),50.773766,7.656537
25801,Temmels,49.68848,6.462523
25855,Menzingen(Baden),49.136234,8.775067
25929,Essen-Kray Süd,51.458054,7.074655
25941,Langenweddingen,52.045555,11.532404
26008,Erlangen Paul-Gossen-Straße,49.579292,10.99939
26099,Raspenava,50.89655,15.131205
26136,Neef,50.091053,7.139418
26323,Hude,53.10943,8.460956
26325,Neumünster,54.075752,9.979816
26548,Annaberg-Buchholz Süd,50.555885,12.997404
26622,Düsseldorf-Flingern,51.226242,6.810284
26631,Heilbronn Hbf,49.143307,9.207715
26705,S+U Jungfernheide Bhf,52.530445,13.299292
26777,Forchheim(b Karlsruhe),48.964787,8.338934
26815,Schwerin Süd,53.574787,11.377005
26883,Elend Drw_Eld 015 P15,51.74644,10.69356
26932,Baunatal-Guntershausen Gl.1 Ri. Kassel,51.230103,9.467305
26951,Neubrücke(Nahe),49.606068,7.172701
27118,"Bahnhof, Kolkwitz",51.757797,14.249733
27121,Oldentrup,52.01028,8.590814
27156,Romanshorn,47.56552,9.379371
27197,Grafenwiesen,49.202637,12.877825
27209,Donaueschingen Grüningen,47.98305,8.471824
27225,Jünkerath,50.344765,6.580933
27245,Oberasbach,49.41621,10.9632
27355,Mimon,50.65795,14.714704
27400,Rathenow,52.59951,12.354245
27531,Warthausen,48.129913,9.801661
27558,S Friedenau,52.470497,13.341152
27632,"Wasen, Ettlingen",48.9453,8.39879
27708,Frankfurt(M)Galluswarte,50.10403,8.64472
27775,Lembeck,51.751244,7.02548
27833,Mägerkingen,48.2878,9.222604
28017,Hörlkofen,48.24259,11.942341
28044,Ronnenberg,52.323074,9.651786
28157,Eppelborn,49.408657,6.967189
28401,Eitensheim,48.81598,11.319259
28409,Odense st,55.401775,10.386005
28560,Schalchen,48.056744,12.570878
28909,Maulburg,47.644375,7.780662
28963,Niedermittlau,50.178608,9.109264
29088,Dortmund Signal Iduna Park,51.490726,7.457573
29175,Patersdorf,49.01298,12.993575
29234,Espenau-Mönchehof Gl.1 Ri. Kassel,51.390724,9.455682
29322,Bremen-Vegesack,53.169716,8.629968
29377,Waldhausen(b Schorndorf),48.789185,9.637927
29405,Leipzig Wilhelm-Leuschner-Platz,51.335396,12.375394
29420,Dachau Stadt,48.266663,11.439761
29423,Böhlen(Leipzig),51.203037,12.381991
29438,Jessen(Elster),51.792786,12.954722
29581,Unna,51.538982,7.692858
29623,Hetschburg,50.912804,11.298205
29642,Unterschwaningen,49.07176,10.631968
29704,Kranebitten,47.269623,11.328687
29844,Neuenburg(Baden),47.81148,7.562756
29882,Senden,48.324017,10.050502
29994,Vechta,52.728905,8.280367
30035,Wegenstedt,52.387074,11.208882
30064,Leipzig MDR,51.32007,12.386318
30112,Warszawa Wschodnia,52.25155,21.052336
30123,Wuppertal-Hahnenfurth/Düssel,51.254,7.055431
30410,Vamdrup st,55.428093,9.286454
30411,Werneuchen,52.637302,13.737549
30452,Bad Driburg(Westf),51.730324,9.03081
30510,Geisingen-Leipferdingen,47.86917,8.654687
30616,Oberlichtenau,50.907913,12.959276
30783,Adelsheim Nord,49.42149,9.392754
30830,Sopot,54.440166,18.562323
31027,Mönchröden,50.302227,11.057613
31242,Görsbach,51.455734,10.941792
31259,Herzberg Schloß,51.654495,10.332804
31364,Zürich Hardbrücke,47.385197,8.517126
31375,Berbisdorf Hp,51.186558,13.725224
31397,Sarstedt,52.2326,9.842592
31411,Schwindegg,48.273193,12.249699
31478,Coschen,52.0205,14.718796
31683,Zapresic,45.844494,15.813187
31762,Hammah,53.612144,9.368728
31819,S Schulzendorf,52.61293,13.246032
31889,"Wittgensdorf, Mitte",50.874386,12.869894
31948,Haan,51.18812,6.998018
32098,Porschdorf(Pirna),50.943184,14.138576
32164,Sadova,50.295406,15.693784
32249,Riedrode,49.647488,8.49595
32291,Heilbronn Finanzamt,49.140526,9.23501
32373,Raubling,47.788506,12.110149
32393,Schwabmünchen,48.178688,10.768291
32503,Wörlitz,51.837864,12.421732
32601,Jicin,50.430546,15.361308
32706,Bad Krozingen Ost,47.91714,7.70979
32762,Giengen(Brenz),48.62002,10.236994
32975,Lörrach-Brombach/Hauingen,47.63761,7.695207
33094,Dortmund Hbf,51.517895,7.45929
33149,S Nikolassee,52.43217,13.193273
33158,S Zehlendorf,52.431046,13.258652
33178,Wangen(Unstrut),51.271503,11.545293
33183,Bremen-Schönebeck,53.1728,8.649481
33308,Petershausen(Obb),48.41345,11.469881
33428,Sennfeld,49.37876,9.380518
33584,Nowy Tomysl,52.304085,16.13294
33616,Stuttgart Central Station (FlixTrain),48.783207,9.182289
33639,Eggenfelden Mitte,48.406216,12.767068
33646,Oberhausen Hbf,51.474876,6.851588
33659,Steinhöring,48.08349,12.031284
33745,Neumark(Sachs),50.66017,12.352828
33887,Derneburg(Han),52.09685,10.143719
33999,Vlcice,50.546696,15.834514
34008,Velke Hamry mesto,50.71962,15.313491
34055,Oberammergau,47.599545,11.057078
34172,S Schöneberg,52.479248,13.351921
34174,Reken-Klein Reken,51.787037,7.035198
34306,Bernau a Chiemsee,47.816483,12.380957
34577,Demmin,53.90114,13.053954
34657,Grambow(Gr),53.415806,14.3734
34684,Benediktbeuern,47.70912,11.403051
34751,Praha-Podbaba,50.11236,14.395604
34818,Fürfurt,50.430492,8.253138
34847,Kloster Marienthal,50.738647,7.668528
34853,Hütten,48.371,9.642462
34881,Forbach(Schwarzw),48.6804,8.361491
35031,Geithain,51.058216,12.697455
35051,Gäufelden,48.55966,8.850308
35194,Rothenbürg,50.310566,11.773125
35220,Elend Eld_Ab 006 P6,51.73553,10.67836
35318,Heiterwang-Plansee,47.44234,10.748252
35386,Horn(Bodensee),47.49318,9.463388
35469,Halle Dessauer Brücke,51.500122,11.982535
35493,Garmisch-Partenkirchen,47.49145,11.097013
35569,Debica,50.054417,21.405565
35630,Übach-Palenberg,50.924335,6.097265
35778,Ostbevern,52.070118,7.809287
35887,Rottenbach,50.689453,11.169939
36194,Weilbach(Unterfr),49.668682,9.213165
36233,Unterlüß,52.83487,10.300262
36314,Biedenkopf Campus,50.915127,8.517706
36350,Stockdorf,48.093258,11.400845
36395,"Burgstädt, Bahnhof",50.91573,12.81259
36435,Matzenbach,49.494377,7.45608
36577,Elend Ab_So 006 P6,51.70708,10.68904
36687,Ganzlin,53.381626,12.247117
37002,Asselheim,49.57622,8.161602
37004,KA Durlacher Tor/KIT-Campus Süd (U),49.008842,8.4176
37058,Mühlen(b Horb),48.44994,8.726802
37100,S Schöneweide Bhf,52.4548,13.50983
37338,Grünebach Ort,50.77714,7.90235
37385,Werdorf,50.59283,8.417263
37419,München-Perlach,48.093426,11.631208
37569,Gammertingen Europastraße,48.242016,9.210298
37644,"Burkhardtsdorf, Bahnhof",50.733353,12.932668
37805,Wernigerode Eck_Gow 003 P3,51.78394,10.60268
37853,Landau(Pfalz)Süd,49.189163,8.114176
37911,KA Ettlinger Tor/Staatstheater (U),49.00577,8.403569
37995,Aich(Niederbay),48.417316,12.398163
38015,Bretten Schulzentrum,49.03177,8.718231
38123,Hagen(Han),52.57369,9.408946
38161,Lund Central,55.70552,13.186582
38211,Benneckenstein Bek_Klb 002 P2,51.67438,10.72131
38246,Konstanz,47.658752,9.177312
38312,Blankenloch Süd,49.05702,8.466765
38327,"Baitz Bahnhof, Brück",52.164185,12.685215
38397,Burkheim-Bischoffingen,48.104008,7.611766
38498,Kojovice,50.30722,14.656463
38535,Schwarzheide Ost,51.473328,13.890326
38677,Selbitz,50.316475,11.748405
38818,Brugge,51.196934,3.217081
38842,Scheidemannplatz  von Wilhelmsstraße,51.316135,9.492489
39002,Rehau,50.250557,12.032457
39063,Heidkrug,53.057095,8.680195
39131,Bad Wimpfen Im Tal,49.229847,9.187046
39145,Doksy,50.573444,14.647238
39225,Hergenrath,50.709045,6.043218
39324,Neukirch(Lausitz)Ost,51.09075,14.322047
39511,Rodgau-Nieder Roden,49.996975,8.870071
39527,Mettmann Zentrum,51.248657,6.979813
39581,Ottenau,48.792877,8.338314
39654,"Knielinger Allee/Städt. Klinikum, Karlsruhe",49.01884,8.375443
39663,Gustorf,51.067173,6.570011
39676,St. Johann im Pongau,47.348377,13.194961
39757,Rhade,51.75127,6.948091
39863,Bad Laasphe-Niederlaasphe,50.924324,8.442001
39869,Muolen,47.517624,9.337093
39877,Böblingen Danziger Straße,48.67877,8.99775
39994,Duisburg-Meiderich Ost,51.468857,6.800789
40018,Velky Grunov,50.69847,14.728328
40117,Eutingen(Baden),48.909847,8.743772
40156,Kyhna,51.511074,12.265876
40224,Sparrieshoop,53.781296,9.685207
40332,Kamen,51.585224,7.661
40503,Guben,51.959045,14.706189
40589,Lichtenthal,49.008762,13.246466
40681,Brehna,51.554382,12.221754
40706,Benneckenstein Klb_Sh 001 P1,51.65627,10.76067
40853,Weißwasser Schwerer Berg,51.48926,14.617692
41173,Grüneberg,52.868217,13.212619
41419,Nußberg-Schönau,49.07065,12.965009
41420,Bremen-Hemelingen,53.054573,8.886759
41435,Blankenberg(Sieg),50.768475,7.348499
41487,Glückstadt,53.788605,9.42832
41706,Kirschbaumwasen,48.623055,8.355684
41750,S+U Westhafen,52.53632,13.344298
41751,Frankfurt-Ginnheim,50.142998,8.64314
41834,Kißlegg,47.793533,9.881921
41846,"Europaplatz, Karlsruhe",49.01004,8.39414
41856,Myslowice,50.23779,19.1419
41857,Gengenbach,48.40466,8.010192
41903,Nidderau,50.230827,8.880233
41920,Gamburg(Tauber),49.698296,9.59558
42090,Blaibach(Oberpf),49.16403,12.807925
42162,Mühlheim am Inn,48.269737,13.220859
42199,Dortmund-Körne,51.51343,7.51537
42728,Sterzhausen,50.861553,8.708698
42854,"Chemnitz, Uhlestr",50.806274,12.911926
42887,Hochdahl,51.21883,6.944419
43033,Am Weinberg  Ri. Heinrich-Heine-Straße,51.307487,9.488085
43077,Bad Münder(Deister),52.178192,9.468062
43297,"Chemnitz, Technopark",50.81143,12.92408
43440,Germersheim Süd/Nolte,49.20834,8.373755
43743,Karlsburg,53.98245,13.609802
43893,S Wollankstr.,52.56533,13.392139
43956,Unterjesingen Mitte,48.52468,8.981736
43975,Petrovice nad Uhlavo,49.320583,13.179073
44007,Langenfeld(Rhld)-Berghausen,51.11751,6.923684
44032,Ludwigsfelde-Struveshof,52.317223,13.232082
44112,S Stresow,52.53193,13.209184
44173,Nossentin,53.521595,12.452177
44207,Nürnberg Nordost,49.473976,11.106115
44266,Wernigerode Wdh_Sr 007 P7,51.81696,10.72421
44365,Liberec,50.76095,15.045946
44386,Igel(Gr),49.713776,6.50721
44450,Fürth(Bay)Hbf,49.469707,10.989988
44458,Benneckenstein Bek_Klb 016 P16,51.66013,10.76516
44570,Ludwigshöhe,49.49957,11.248783
44600,Züssow,53.97388,13.548191
44737,Kahla(Thür),50.808926,11.589104
44739,Gronau(Westf),52.215107,7.022436
44802,Eschenbach(b Markt Erlbach),49.482235,10.671636
44854,Vöhrum,52.33543,10.168802
44907,Kötzschau,51.304462,12.123904
44933,Wiesthal,50.016956,9.440985
44946,München Rosenheimer Platz,48.12917,11.593049
45175,Arzberg(Oberfr),50.054634,12.197692
45403,Burgkemnitz,51.68882,12.407167
45517,Nürnberg Ost,49.46381,11.120885
45600,Pulling(b Freising),48.36339,11.707084
45622,Kattenvenne,52.113144,7.860109
45625,Zuzenhausen,49.297394,8.821439
45724,Beringen Bad Bf,47.694897,8.574616
45761,Bruchsal,49.124622,8.589649
45775,Imst-Pitztal,47.219074,10.76167
45829,Bullay(DB),50.05446,7.134584
45915,S Hennigsdorf Bhf,52.637486,13.206145
46001,Frankfurt(Oder),52.336517,14.545882
46003,Wilhelmsstraße/Stadtmuseum  von Scheidemannplatz,51.314255,9.489253
46099,Bittelbronn,48.444405,8.589439
46156,Zwenkau-Großdalzig,51.208263,12.271154
46166,Dernbach(Westerw),50.457226,7.783693
46225,Zeutern Ost,49.17909,8.703363
46307,Hedersleben-Wedderstedt,51.84469,11.250771
46325,Naila,50.329636,11.7122
46504,Porstendorf,50.976994,11.645489
46567,Brilon-Hoppecke,51.37806,8.640059
46610,Grenzach,47.5509,7.659506
46616,Sulzbach(Saar)Altenwald,49.312077,7.078876
46696,Frankfurt-Niederrad,50.080997,8.637013
46752,Steinau(Straße),50.31435,9.443162
46880,Epe(Westf),52.18346,7.030087
46898,Hovorcovice,50.180557,14.527681
46950,Hamburg-Barmbek,53.58746,10.044164
46970,Sorge So_Bek 008 P8,51.67369,10.71078
47073,Pritzier,53.36497,11.08356
47110,Salzburg Parsch,47.799194,13.073073
47114,Grombach,49.226147,8.996902
47140,"Chemnitz, Schneeberger Str",50.79413,12.92214
47303,Bruck/Mur,47.41388,15.279491
47489,Babenhausen(Hess),49.957962,8.957182
47503,Grünbach(Vogtl),50.439896,12.372815
47519,Gaißach,47.73747,11.575401
47533,Heilbr.-Böckingen Berufsschulzentrum,49.14037,9.181617
47597,Lauf(rechts Pegnitz),49.512333,11.277359
47687,Finsterwalde(Niederlausitz),51.637024,13.710336
47756,Köln West,50.942886,6.933397
47764,Huzenbach,48.582626,8.391276
47781,Walpertskirchen,48.26087,11.970421
47813,Staufen Süd,47.87845,7.727759
47907,Pfronten-Weißbach,47.5957,10.557736
47949,Halle Südstadt,51.44796,11.950925
48099,Bettmannsäge,48.99769,13.186274
48128,Weilerswist,50.750294,6.845078
48160,Groß-Rohrheim,49.714066,8.476857
48333,Sebuzin,50.59305,14.053958
48596,Chalon sur Saône,46.78174,4.843393
48633,Maishofen-Saalbach,47.358585,12.810197
48683,Lemmie,52.285103,9.608572
48695,Armsheim,49.808372,8.074113
48811,Schöllkrippen,50.08584,9.244214
48852,Oberferrieden,49.33148,11.333429
48960,Garmisch-Partenkirchen Hausberg,47.483288,11.092136
49002,Neustadt(Holst),54.104004,10.80849
49027,Leingarten,49.145065,9.121611
49030,Spremberg,51.574924,14.397292
49063,"Sonnenstraße, Düsseldorf",51.212444,6.791299
49073,Idstein(Taunus),50.21599,8.257264
49347,Sieradz,51.59766,18.714989
49383,Nyrsko,49.297672,13.153374
49440,Zöberitz,51.50461,12.033458
49465,Dörpen,52.959023,7.353279
49553,Visnova,50.973274,15.028473
49794,Fornsbach,48.975445,9.642498
49806,Beckingen(Saar),49.386883,6.688021
49809,Oberzent-Kailbach,49.539337,9.077482
49834,Kurort Rathen,50.956818,14.075341
49845,Rohrbach(Oberbay),48.29816,12.551407
49865,München-Berg am Laim,48.134003,11.633295
49899,Rostock-Torfbrücke,54.241756,12.227735
49985,Chemnitz Mitte,50.826443,12.915174
50056,Hohen Neuendorf West,52.67239,13.271095
50063,S Ostbahnhof,52.51059,13.435421
50162,Stolberg(Rheinl)Hbf Gl.44,50.7948,6.218439
50202,Schmiedeberg-Naundorf,50.843792,13.668065
50393,Sternhaus-Haferfeld,51.698593,11.132586
50467,Bruchsal Sportzentrum,49.135445,8.589941
50551,Wuppertal-Vohwinkel,51.23426,7.071597
50557,Fangschleuse,52.406723,13.823361
50639,Rheinfelden(CH),47.551212,7.792169
50640,Niederselters,50.332542,8.22998
50742,Aindorf,47.98704,12.357742
50769,Attnang-Puchheim,48.012802,13.720719
50923,Dolni Podluzi,50.886784,14.620784
51038,Hamburg-Sülldorf,53.581123,9.797519
51043,Ebersbrunn,50.651375,12.443215
51051,Egglkofen,48.395763,12.445956
51371,Liberec,50.761116,15.045802
51593,Berga(Elster),50.74719,12.158865
51695,Flughafen BER,52.36424,13.509191
51897,Bad Wilsnack,52.96022,11.949528
51929,Kamenz(Sachs),51.27378,14.092192
51970,Kurort Oybin-Niederdorf,50.862167,14.753624
52034,Münster-Roxel,51.94641,7.526126
52202,Albersweiler(Pfalz),49.218586,8.024059
52367,Enzisweiler,47.56414,9.665429
52408,Ruhland,51.455162,13.87019
52555,Angermund,51.33075,6.781857
52559,Büchig,49.047558,8.46107
52570,Rottweil,48.165302,8.639295
52640,Plavy,50.70139,15.317767
52666,Arensdorf(Köthen),51.70951,12.007416
52686,Karlsruhe Händelstraße,49.0112,8.369559
52702,Osterburg,52.787666,11.760386
52836,Fürth(Odenw),49.648533,8.781003
52882,Kassel-Oberzwehren Gl.2 Ri. Melsungen,51.276436,9.453978
52895,"Chemnitz, Zentralhaltestelle",50.83169,12.922131
52923,Hemmersdorf(Saar),49.353996,6.614569
53070,Esslingen-Mettingen,48.74708,9.27583
53086,Medenec,50.428764,13.130078
53102,Renningen,48.77512,8.93235
53160,Puch b.Hallein Urstein,47.72392,13.088182
53218,Schönewörde,52.628178,10.634899
53458,Bruchsal Bildungszentrum,49.110348,8.574507
53481,Nenzing,47.191563,9.708253
53540,Haar,48.111412,11.73115
53558,S Bornholmer Str.,52.55462,13.397673
53579,Seminova Lhota,50.517982,15.280882
53617,Türkismühle,49.580357,7.114615
53627,Dreieich-Weibelfeld,50.007084,8.700922
53634,Schloß Holte,51.907967,8.611189
53782,Liestal,47.484463,7.731367
54024,Wernigerode Kn_Schr 005 P5,51.76419,10.68168
54078,Feldkirch,47.24098,9.604102
54127,Golling-Abtenau,47.60081,13.164054
54151,Bühl(Baden),48.696674,8.129299
54348,Srni u Ceske Lipy,50.637012,14.584517
54371,Steinach(Thür)Süd,50.42305,11.166781
54531,Winterhausen,49.708374,10.011882
54650,Olbernhau,50.656254,13.336774
54663,Steinheim(Westf),51.868176,9.088447
54764,Bocholt,51.83412,6.620426
54858,München Hirschgarten,48.14354,11.519245
54877,Kunowice,52.341663,14.638813
54912,"Zwönitz, Hp Niederzwönitz",50.646175,12.822049
55135,Bantorf,52.332253,9.417771
55614,Großkrotzenburg,50.087727,8.982792
55695,Itzehoe,53.923874,9.510287
55746,Uzwil,47.436443,9.130992
55750,Aschau(Chiemgau),47.779106,12.325564
55850,Heilbronn Kaufland,49.170074,9.224687
55856,Meckenheim(Bz Köln),50.627445,7.014757
55953,Niederwürschnitz,50.718224,12.754106
56136,Alzenau Nord,50.089443,9.051385
56253,Hirschhorn(Pfalz),49.515587,7.681008
56290,Reil,50.02517,7.112949
56299,Heilbronn Harmonie,49.141586,9.223006
56380,Höchst(Odenw),49.7945,8.988549
56500,Lörrach Dammstraße,47.597713,7.655224
56514,Niederwiesa,50.862583,13.022814
56523,Rychnov u Jabl.n.Nisou,50.683895,15.144069
56695,Paderborn Nord,51.72807,8.758954
56700,Altenstadt-Lindheim,50.291237,8.978405
56743,Schalkau Mitte,50.396618,11.008687
56800,Dettingen (T),48.616386,9.454858
56862,Unterwurmbach,49.106026,10.73088
56884,Waffenbrunn,49.26154,12.675032
56889,Tannroda,50.862446,11.247149
56986,Bad Kohlgrub,47.668007,11.058204
57139,Löwental,47.66143,9.499387
57226,Stuttgart-Zuffenhausen,48.82944,9.166972
57322,Basdorf,52.71556,13.433993
57327,Dolni Poustevna,50.98343,14.28315
57356,Burg-u. Nieder Gemünden,50.69089,9.047665
57366,Zernsdorf,52.299404,13.693338
57416,Offenbach(Main) Kaiserlei,50.105247,8.738471
57617,Blumenau,50.67124,13.291014
57792,Norf,51.16041,6.731645
57912,Barth,54.362343,12.72646
57917,Pertoltice pod Ralskem,50.677574,14.718159
57984,Heimbach (Eifel),50.636517,6.4735
57991,Zelezny Brod,50.63993,15.266177
58052,Wernigerode Drw_Kn 004 P4,51.76363,10.7176
58074,Dresden-Niedersedlitz,50.999653,13.828399
58143,S Grünbergallee,52.39934,13.541956
58257,Frankfurt(Oder),52.336563,14.545988
58339,Bielefeld Ost,52.024014,8.559416
58455,Schmiechen(Schwab),48.213047,10.978087
58475,Mörsch Am Hang,48.956886,8.285288
58694,Bahnhof Goßdorf-Kohlmühle,50.941166,14.16486
58718,Altena(Westf),51.301983,7.668808
58875,Plessa,51.470676,13.616022
59059,Birkenmoor,51.639656,10.876323
59085,Mikulasovice dol. nadr.,50.984386,14.336771
59148,Bondorf(b Herrenberg),48.523552,8.827662
59161,Bregenz Riedenburg,47.49291,9.721313
59192,Kreiensen,51.85142,9.967798
59317,"Bahnhof, Altshausen",47.93079,9.550207
59372,Münchingen,48.855606,9.0952
59430,Bindlach,49.98022,11.603442
59464,Ostseebad Kühlungsborn West,54.146496,11.727167
59490,Mögelin,52.560097,12.329833
59746,S Südende,52.44818,13.353755
59865,"Albgaubad, Ettlingen",48.936832,8.41495
59873,Zörnigall,51.882935,12.731558
59912,Heiligendamm,54.141678,11.842863
59958,Reckenfeld,52.133698,7.564753
60136,Mertert,49.703255,6.478645
60138,Offenau,49.246414,9.165293
60188,Brno hl.n.,49.19054,16.612774
60223,Altes Lager,52.015865,12.992407
60295,Gundelfingen(Breisgau),48.044025,7.874185
60453,Mühlingen-Zoznegg,47.90346,9.027468
60512,Jiretin pod Jedlovou,50.883068,14.580668
60601,Oerlenbach,50.143276,10.130921
60647,Zbaszyn,52.259502,15.894974
60663,Binzen,47.63141,7.621048
60771,Rostock-Evershagen,54.12355,12.068507
60801,Sassnitz Fährhafen,54.48414,13.584901
60894,"Lichterfelde Ost Bahnhof, Berlin",52.429577,13.328766
61059,S Gehrenseestr.,52.556423,13.524692
61166,Ulm Hbf,48.3994,9.982608
61328,Lovosice,50.50971,14.059588
61340,Prien am Chiemsee,47.855515,12.346615
61377,Bäumenheim,48.680332,10.809972
61494,Voigtsgrün,50.634018,12.426541
61513,Kutzenhausen,48.334774,10.696338
61624,Seesen,51.887074,10.173571
61647,Hinterweidenthal Ort,49.1975,7.750568
61704,Höchstädt(Donau),48.61831,10.566218
61817,Niedernhausen(Taunus),50.1597,8.312879
61858,Ingolstadt Hbf,48.74454,11.437337
62147,Stuttgart-Rohr,48.717903,9.108328
62220,Schleswig,54.49946,9.53814
62243,Hoykenkamp,53.069798,8.598683
62464,Kleinkötz,48.41166,10.288497
62547,Hoyerswerda-Neustadt,51.429085,14.266683
62731,Durach,47.696453,10.343797
62749,Peine,52.318943,10.232145
62764,Hradek nad Nisou,50.855007,14.847601
62779,Ludwigshafen(Rhein) Mitte,49.479004,8.452152
62800,Trebgast,50.065327,11.55229
62811,Trutnov hl.n.,50.565144,15.911194
63030,Bad Brambach,50.217587,12.311414
63177,Ochtrup,52.201614,7.184036
63196,Chamerau,49.196716,12.745258
63199,Halle(Westf),52.057297,8.357729
63375,Bammental,49.35959,8.783685
63414,Mömbris-Mensengesäß,50.07031,9.166218
63487,Forbach(F),49.189217,6.900258
63649,Schopfheim West,47.645542,7.801715
63660,Bad Sebastiansweiler-Belsen,48.395565,9.030023
63697,Aßlar,50.588657,8.462756
63772,Tample,50.54608,15.465091
63801,Markt Schwaben,48.193607,11.862093
63860,Leipzig-Heiterblick,51.36934,12.459979
63932,Oberholz,51.257797,12.506422
64064,Niefern,48.92016,8.76952
64130,S Plänterwald,52.478466,13.47327
64153,Röslau,50.075096,11.994091
64164,Burgstädt,50.915817,12.812707
64171,Hennigsdorf(b Berlin),52.638504,13.20551
64291,Berg(CH),47.58249,9.173922
64404,Bremen-Walle,53.10379,8.786241
64422,Balve-Garbeck,51.32146,7.839903
64542,Reihen,49.21643,8.920591
64678,Amberg,49.447617,11.862902
64680,Riehen Niederholz,47.56946,7.63347
64743,Dohalice,50.283073,15.695302
64942,Enspel,50.616413,7.882353
64991,Eppstein,50.13983,8.387643
65093,Neckarzimmern,49.3169,9.137015
65152,Wörth(Rhein) Mozartstraße,49.055107,8.251944
65153,Leonberg,48.799644,9.003853
65327,Vorhop,52.64804,10.656384
65541,Voerde(Niederrhein),51.59754,6.688813
65665,Straß-Moos,48.711323,11.050315
65733,Metzingen-Neuhausen,48.532646,9.307106
65900,S+U Rathaus Steglitz,52.455395,13.322476
65965,Häuserhof,50.418575,8.938986
65984,Ramsen,49.535187,8.022562
66203,Lend,47.29751,13.055624
66209,Hochstadt-Marktzeuln,50.153133,11.171529
66216,Bad Reichenhall-Kirchberg,47.718536,12.874001
66266,Vrátno,50.442947,14.686413
66278,Warburg(Westf),51.492954,9.163845
66317,S+U Berlin Hauptbahnhof,52.52526,13.369313
66329,Hochzirl,47.28094,11.24929
66377,Langenzenn,49.496944,10.801856
66381,Wiesenburg(Mark),52.0987,12.43162
66425,Nittel,49.654263,6.440942
66445,Kreuzau Bahnhof,50.75075,6.488409
66586,Engstingen,48.39227,9.292419
66636,Zeleznice,50.462143,15.375897
66706,Birkengrund,52.31591,13.271822
66824,Lutten,52.76818,8.343977
66858,Sachsen(b Ansbach),49.29299,10.661498
66938,Wernigerode Wdk_Wdh 006 P6,51.82011,10.74404
66970,Praha-Smichov,50.060947,14.408153
67026,Krefeld-Uerdingen,51.357277,6.645778
67065,Wörth(Rhein) Badallee,49.055996,8.249891
67095,Wertheim,49.762024,9.513095
67151,Oppenheim,49.85756,8.358078
67250,Pulsnitz Süd,51.179733,14.007719
67297,"Kolpingplatz, Karlsruhe",48.997734,8.393849
67331,Unterneudorf,50.493694,12.97461
67451,Aschaffenburg Süd,49.968464,9.152586
67530,Premnitz Nord,52.53595,12.333471
67649,Weststeiermark,46.813923,15.296772
67691,Westerland (Sylt) Autoverladung,54.90474,8.313635
67764,Dornbirn,47.41769,9.738808
67791,Flieden,50.42177,9.577568
67869,"Bahnhof, Ludwigsfelde",52.298466,13.267343
67916,Berlin Hbf,52.525143,13.369612
68032,Ottenhofen-Bergel,49.45579,10.355976
68036,Gammertingen,48.250698,9.217149
68125,Hegne,47.706036,9.099572
68227,"Blönsdorf Bahnhof, Niedergörsdorf",51.955475,12.895891
68355,Hamburg Königstraße,53.547794,9.944088
68393,Ostrau,51.200294,13.166405
68434,Tating,54.322845,8.709512
68458,Kretscham-Rothensehma,50.46721,12.988245
68528,Bernburg-Roschwitz,51.7811,11.7593
68621,Illesheim,49.479733,10.382648
68765,Bad Staffelstein,50.108257,10.994239
68824,Dresden-Plauen,51.02963,13.70317
68840,Elend Eld_Ab 003 P3,51.74156,10.6831
68932,Wasserliesch,49.708466,6.537216
68939,Otterndorf,53.805984,8.893989
68957,Halle-Trotha,51.5239,11.96217
69023,Großkugel,51.41845,12.165368
69210,Filipovka,50.989876,15.02506
69214,Leipzig Miltitzer Allee,51.315353,12.267345
69223,Riehen,47.583157,7.652014
69281,Skramous,50.44322,14.664467
69296,"Varnsdorf, stare nadrazi",50.909508,14.612607
69306,Hesedorf,53.472713,9.195048
69348,Halle(Saale)Hbf,51.47751,11.987085
69414,Pegau,51.165966,12.241046
69439,Hessisch Oldendorf,52.166573,9.243874
69460,Hopfgarten(Sachs),51.105576,12.662693
69744,Sebnitz Bahnhof,50.97578,14.272343
69898,Kochel,47.66065,11.370987
69946,Wernigerode Steinerne Renne Gleis 2,51.81691,10.727387
70027,Prisovice,50.579082,15.078626
70194,Bremen-Oberneuland,53.087036,8.938511
70226,Wahlwies,47.814175,8.965227
70515,Kappelrodeck Ost,48.586926,8.125834
70543,Wernigerode Brm_Bro 001 P1,51.80278,10.61689
70554,Monzingen,49.793465,7.588673
70626,Semily,50.60344,15.323992
70772,Bubach,49.411022,6.94821
70801,Siegburg/Bonn,50.793915,7.203026
70821,Groß Schönebeck,52.904285,13.537516
70918,Nierstein,49.872,8.34281
70932,Burkhardswalde-Maxen,50.925144,13.838369
71060,Vlci Dul-Dobranov,50.671474,14.607855
71134,Poikam,48.931507,12.013836
71193,Osthofen,49.70542,8.325988
71205,"Spinnerei, Ettlingen",48.934746,8.441656
71232,Bad Segeberg,53.933804,10.308163
71262,Tornesch,53.69731,9.71497
71271,Neanderthal,51.22782,6.95325
71295,Verviers-Palais,50.590908,5.864278
71354,Sipplingen,47.795586,9.095524
71460,Mägdesprung,51.670376,11.132653
71493,Tauberbischofsheim,49.62363,9.658294
71568,Bremerhaven Hbf,53.534912,8.599555
71631,Bad Birnbach,48.432823,13.074219
71637,Dreikirchen,50.449863,7.958384
71654,Gundelsdorf,50.27992,11.301455
71770,Königsstollen,50.776455,7.934575
71826,Allendorf(Dillkr),50.743813,8.185486
71949,Lutherstadt Wittenberg Altstadt,51.863766,12.641431
72058,Bottrop-Boy,51.537163,6.967729
72143,Amstetten NÖ,48.121605,14.878112
72366,Vechelde,52.257214,10.35976
72606,Karlsruhe Gottesauer Platz/BGV,49.007404,8.425281
72715,Essen-Kupferdreh,51.390945,7.080247
72848,Ferdinandshof,53.660088,13.881913
72967,Dorum(Weserm),53.688744,8.575801
73042,Eitorf,50.77362,7.447326
73194,Koluszki,51.744602,19.818996
73205,Calau(Nl),51.738102,13.979674
73271,"Chemnitz, Rosenbergstr",50.817505,12.92938
73351,S Wollankstr.,52.565285,13.392058
73493,Bocksthal,51.579296,11.504965
73557,München-Untermenzing,48.177673,11.472792
73798,Bergisch Gladbach (S),50.99132,7.124727
73958,Puchheim,48.17218,11.353061
74087,Lauterecken-Grumbach,49.65371,7.59071
74264,Trier-Euren,49.738087,6.6123
74351,Nidderau-Windecken,50.225002,8.875676
74393,Hamburg-Poppenbüttel,53.652184,10.094034
74426,Wiesenthau,49.71365,11.127198
74481,Luckau-Uckro,51.851425,13.608294
74544,Tschagguns,47.079155,9.904905
74560,Szklarska Poreba Huta,50.82661,15.496918
74633,Einsiedlerhof,49.431004,7.662216
74636,Wüstenfelde,54.23027,13.13961
74754,Dresden-Pieschen,51.08186,13.725527
74852,Leopoldstal,51.844498,8.971182
74894,Nürnberg Rothenburger Str.,49.4454,11.055338
74930,Sinsheim(Elsenz) Hbf,49.250355,8.8751
74955,Burgkunstadt,50.137657,11.242723
74961,"Werderstraße, Karlsruhe",49.00045,8.410569
75010,Wernigerode Brm_Bro 003 P3,51.79861,10.61189
75234,Nieder Wöllstadt,50.280296,8.767573
75247,Vellmar-Obervellmar,51.35968,9.452475
75271,Groß-Umstadt Klein-Umstadt,49.894367,8.938635
75320,Darmstadt Süd,49.855427,8.636586
75383,Mainhausen Zellhausen,50.0157,8.969994
75396,Berlin Ostkreuz,52.503067,13.469961
75421,Ahaus,52.08168,7.016453
75650,Mörsch Römerstraße,48.96113,8.297154
75742,Karlsruhe Yorckstraße,49.01096,8.375353
75827,Kolkwitz Süd,51.746895,14.241595
75841,Zabreh na Morave,49.87227,16.887217
75905,Mosel,50.7836,12.481399
75960,Lalendorf,53.755005,12.386421
75973,Köstendorf Weng,47.936745,13.175342
76013,Eislingen(Fils),48.696594,9.704812
76055,Bohumin(Gr),49.916576,18.322226
76145,Schmalnau,50.456013,9.787847
76150,Elend Drw_Eld 011 P11,51.75239,10.70595
76166,Burgbrohl,50.457855,7.283775
76255,Offenbach(Main) Ledermuseum,50.105988,8.750485
76330,Allensbach,47.714462,9.068852
76421,Krakow Glowny,50.067196,19.947426
76423,Marstetten-Aitrach,47.943558,10.080171
76425,Großen Buseck,50.60578,8.782073
76516,Leipzig Markt,51.34064,12.374612
76529,Grävenwiesbach,50.38224,8.458553
76562,Nistertal-Bad Marienberg,50.632114,7.90058
76712,Pankofen,48.79964,12.899425
76829,Krefeld Hbf,51.325718,6.569885
76844,Schöppenstedt,52.140694,10.772047
77017,Frastanz,47.220066,9.639181
77055,Schmiechen,48.36272,9.72076
77161,Cheb,50.07349,12.380697
77241,Schierke Bobbahn Gleis 1,51.77917,10.64784
77362,Untergrombach,49.08765,8.54829
77521,Koebenhavn Syd,55.65242,12.516317
77574,Flughafen BER,52.364227,13.508213
77683,Wernigerode Drw_Kn 009 P9,51.76283,10.69978
78066,Bubenreuth,49.629543,11.011994
78120,Reutte in Tirol,47.493088,10.721652
78127,Varnsdorf (Bahnhof),50.903122,14.638587
78270,Durlach Ellmendinger Straße,48.994274,8.458968
78336,Mengen,48.053516,9.336619
78511,Berlin-Lichtenberg,52.510277,13.497433
78617,Rusova,50.450027,13.169033
78911,"Chemnitz, Hauptbahnhof",50.840084,12.929775
78934,Endersbach,48.813152,9.370228
78939,Walthersdorf(Erzgeb),50.546352,12.964221
78973,Kirchhorsten,52.307877,9.119783
79002,Falkenberg(Elster),51.58407,13.247276
79196,Bienenbüttel,53.142128,10.484714
79233,Reilsheim,49.353966,8.778836
79392,Buchen Ost,49.519154,9.332137
79495,Marl-Hamm,51.682972,7.131422
79578,Zierenberg Gl.2 Ri. Kassel,51.365074,9.304537
79657,S Südende,52.44821,13.353647
79727,Prenzlau,53.321606,13.86667
79881,"Wolfartsweierer Straße, Karlsruhe",49.00354,8.42316
79963,Mothern,48.934933,8.161855
79974,Bad Salzhausen,50.418762,8.979988
80065,Decin hl.n.,50.773125,14.201305
80080,Schliersee,47.73558,11.859586
80152,Hohensülzen,49.621788,8.214173
80261,Peitz Ost,51.84393,14.449356
80387,Oelsnitz Bahnhofstraße,50.727016,12.698092
80424,Pritzwalk,53.145744,12.184917
80432,Oberwerrn,50.070343,10.153804
80595,Wernigerode Schr_Bb 003 P3,51.76821,10.66836
80648,Wicklesgreuth,49.310688,10.71145
80679,Neugilching,48.098965,11.288666
80687,Kattenes,50.254547,7.439219
80876,Berlin Südkreuz,52.475433,13.365603
80881,Leubingen,51.205097,11.15332
80896,"Chemnitz, Gustav-Freytag-Str",50.825645,12.920235
81052,Mering-St Afra,48.27428,10.971202
81067,Flughafen BER,52.364063,13.509307
81087,Haan-Gruiten,51.214558,7.010546
81115,Heimbach(Nahe)Ort,49.613213,7.251982
81240,Libstat,50.55625,15.417408
81408,Detmold,51.940746,8.872859
81533,Wernigerode Wdt_Wdk 004 P4,51.83005,10.77675
81581,Struznice,50.698334,14.449797
81631,Bad Vilbel,50.188587,8.73956
81699,Aligse,52.40346,9.979349
81777,Domazlice mesto,49.435677,12.924718
81814,Oßmannstedt,51.01909,11.425298
81870,Peterskirchen,48.2341,13.549436
81991,Rodenkirchen(Oldb),53.39984,8.454794
82021,Hengelo,52.261852,6.793726
82306,Potsdam Hbf,52.391582,13.06674
82468,S Birkenstein,52.515594,13.647342
82494,Frantiskovy Lazne,50.124454,12.355325
82513,Ravensburg,47.78448,9.6061
82520,Lampertsmühle-Otterbach,49.48366,7.729408
82699,Mitteloelsnitz,50.718033,12.70673
82748,Moosburg,48.47033,11.930382
82754,Dietzenbach Bahnhof,50.008064,8.785541
82787,"Rüppurr Ostendorfplatz, Karlsruhe",48.975765,8.406614
82831,Sulzfeld(Baden),49.108173,8.852544
82962,Obersinn,50.20902,9.617798
82979,Lorüns,47.130714,9.853631
83431,Wirtheim,50.22603,9.256539
83437,Pardubice hl.n.,50.03174,15.756211
83484,Wernigerode Wernigerode-Hasserode Gleis 2,51.820175,10.742451
83489,Vilemov u Sluknova,50.99228,14.32105
83532,Vetschau,51.790302,14.079425
83542,Solms,50.54568,8.406585
83543,Ratingen Ost,51.295185,6.863562
83550,Wurzbach(Thür),50.46617,11.543131
83614,Bad Tölz,47.76058,11.57394
83710,Wiesenau,52.231487,14.583702
83734,Hoyerswerda,51.43279,14.231407
83820,Herrensee,52.529884,13.887477
83888,Reutlingen Hbf,48.49608,9.209116
83912,Oppurg,50.70611,11.651138
84063,Bretleben,51.340744,11.240839
84077,Horni Sytova,50.632057,15.461875
84113,Wollbach(Baden),47.668213,7.648632
84128,Hagsfeld Jenaer Straße,49.03614,8.456282
84210,Kersbach,49.686707,11.060829
84226,Glauchau-Schönbörnchen,50.821056,12.500671
84235,Salzburg Gnigl,47.811848,13.066356
84327,Maschen,53.403816,10.065662
84515,Friedensdorf(Lahn),50.85746,8.560747
84523,Steinwenden,49.45412,7.524197
84581,Bad Urach,48.491245,9.396483
84609,Weida,50.78592,12.062243
84837,Wremen,53.646988,8.521275
84910,Höllenthal,50.3638,11.683818
84928,Hnevice,50.452686,14.361715
85055,S Petershagen Nord,52.52888,13.789384
85193,Capelle(Westf),51.735268,7.61108
85375,Linkenheim Rathaus,49.123188,8.408248
85395,Fredericia st,55.56809,9.738813
85497,Geradstetten,48.805202,9.439753
85679,Karlsruhe-Kniel. Rheinbergstr.,49.035015,8.336613
86083,Lebach-Jabach,49.40726,6.891823
86128,Voßloch,53.790604,9.735868
86141,Heinsberg-Horst,51.02884,6.182303
86194,Nennhausen,52.599747,12.504083
86243,Frankfurt-Höchst,50.102634,8.54237
86279,Horka u St.Paky,50.526783,15.568073
86369,Rheine,52.2763,7.434255
86519,Ostrava hl.n.,49.852085,18.267262
86529,Varnsdorf Pivovar Kocour,50.918617,14.60425
86694,Heroldsberg Nord,49.544582,11.146804
86700,Wagersrott,54.66328,9.7944
86772,Michendorf,52.316345,13.030688
86780,Mittel Gründau,50.230797,9.119818
86782,Hattingen(Ruhr) Mitte,51.397198,7.180538
86787,Iphofen,49.696796,10.255147
86907,"Chemnitz, Küchwald",50.855053,12.91233
87048,Wörth(Rhein) Zügelstraße,49.052975,8.262016
87304,Matzing,47.935528,12.59239
87364,Schwerin-Warnitz,53.6617,11.345565
87403,Altenbach,51.35587,12.682324
87459,Arth-Goldau,47.049046,8.549446
87574,Leipzig Essener Straße,51.376358,12.396988
87735,Kuchen,48.640522,9.8034
87763,Laufach,50.01067,9.277692
87771,Koebenhavns Lufthavn st,55.629604,12.649382
87774,Trebnitz(Mark),52.53826,14.216504
88042,Landsberg(b. Halle/Saale),51.532898,12.166712
88120,Schwerin-Lankow,53.656654,11.369536
88167,Hann Münden,51.412582,9.658272
88216,Frankfurt Hbf (tief),50.10711,8.662561
88276,Wattenscheid,51.473213,7.139521
88293,Norddeich Mole,53.624313,7.158806
88372,Essen West,51.4545,6.979798
88455,Daaden,50.74047,7.963642
88485,Teicha,51.555054,11.959294
88532,Mitterberghütten,47.39537,13.22216
88555,Zollhaus-Petersthal,47.665825,10.418038
88587,Dürrenbüchig,49.023952,8.648181
88623,Meißen Altstadt,51.159084,13.473095
88648,Marktbreit,49.663803,10.146092
88782,Rüdnitz,52.71695,13.635748
88794,Krasna Studanka,50.8013,15.038103
88817,"Zugspitzbahnhof, Grainau",47.471893,11.023823
88889,Berlin Ostkreuz,52.502907,13.468553
89050,Remscheid-Lennep,51.190723,7.252833
89213,Bad Teinach-Neubulach,48.67847,8.727148
89224,Söllingen Kapellenstraße,48.983955,8.549618
89317,Andernach,50.434544,7.404839
89369,Durlach Ellmendinger Straße,48.994087,8.458411
89506,KA Hirtenweg/Technologiepark,49.01751,8.439465
89519,Domnitz(Saalkr),51.635223,11.839973
89539,Werdohl,51.259483,7.757544
89698,Berlin-Lichtenberg,52.51037,13.497302
89713,Unterlemnitz,50.46934,11.623841
89834,Amtshainersdorf,50.966324,14.232364
90067,S+U Heidelberger Platz,52.480026,13.311782
90116,Bad Wilsnack,52.960114,11.949402
90293,Rebdorf-Hofmühle,48.892227,11.169512
90405,Vichova n.Jizerou,50.627186,15.484153
90588,Triboltingen,47.662895,9.108761
90654,Uebigau,51.585423,13.296519
90752,Daxlanden Dornröschenweg,48.99252,8.335063
90830,S Plänterwald,52.47853,13.47339
91127,Nauen,52.61277,12.886046
91324,Peiß,47.960102,11.776595
91410,Tarp,54.664814,9.398599
91481,Dinslaken,51.56746,6.73803
91513,Edesheim(Pfalz),49.263737,8.139075
91555,Wernigerode Sr_Drt 009 P9,51.80453,10.72836
91558,Dreieich-Sprendlingen,50.014835,8.689306
91587,Hagsfeld Geroldsäcker,49.03291,8.455357
91739,Bitburg-Erdorf,49.998684,6.570958
91861,Wissingen,52.25821,8.205047
91862,Neckarburken,49.378204,9.163236
91911,Rheinbach Römerkanal,50.628284,6.967911
92055,Bernried,47.861385,11.283658
92484,Oberhausen-Sterkrade,51.512085,6.843543
92520,Golzow(Eberswalde),52.914013,13.826975
92551,Niesky,51.298737,14.831897
92764,Munster(Örtze),52.993313,10.096487
92770,Syrenov,50.51345,15.43674
92839,Kaufering,48.081078,10.854911
92913,Witzwort,54.386097,8.998558
92955,Ruhlsdorf-Zerpenschleuse,52.843216,13.541511
92958,Leipheim,48.450172,10.215369
93037,Buchbrunn-Mainstockheim,49.763283,10.145179
93146,Münster(Hessen),49.923515,8.853717
93207,Dortmund-Sölde,51.49546,7.589205
93219,Hamm-Heessen,51.709194,7.831551
93362,München Hackerbrücke,48.141968,11.548572
93400,Röthenbach-Seespitze,49.491524,11.26149
93480,Frelsdorf,53.501305,8.901283
93491,"Neureut Welschneureuter Straße, Karlsruhe",49.04445,8.373915
93557,Mettenheim,49.739906,8.334166
93626,Vöhl-Schmittlotheim,51.15676,8.900093
93678,Zeithain,51.330208,13.344552
93694,"Wittgensdorf, Ob Bf",50.88032,12.842666
93745,Schwetzingen,49.383434,8.578679
93979,Bodenmais,49.070503,13.101102
94310,Roeschwoog,48.833626,8.029835
94555,Oberwesel,50.10446,7.731542
94777,Jänschwalde Ost,51.878036,14.542306
94836,Osnabrück-Sutthausen,52.231808,8.021413
94942,Durlach Untermühlstraße,49.00191,8.455779
94978,Frankfurt(Oder)-Rosengarten,52.33797,14.473073
95053,Rountzenheim,48.820354,8.011739
95074,Rasnice zast.,50.93946,15.163337
95176,"Dammerstock, Karlsruhe",48.9842,8.403732
95246,Herzogenrath-August-Schmidt-Platz,50.886963,6.119504
95266,Lennestadt-Meggen,51.12245,8.065778
95310,Bad Elster,50.296673,12.256286
95431,Liberec,50.760723,15.046143
95457,Elend Ab_So 002 P2,51.7166,10.68114
95568,Mühlhausen(b Engen),47.81363,8.804252
95676,Lispenhausen,50.990246,9.766787
95826,Linda(Elster),51.853058,13.085176
95829,Silberstraße,50.661633,12.549053
95870,Frickenhausen,48.595352,9.358146
95895,Wernigerode Kn_Schr 003 P3,51.76484,10.68971
95908,Mannheim-Neckarau,49.455544,8.494792
95961,Aschendorf,53.052177,7.337153
95987,Birgden,51.00901,6.058602
96255,Sehma,50.535454,12.993805
96290,Mönchhagen,54.14357,12.225336
96291,"Dittersdorf, Bahnhof",50.751648,12.978931
96292,Neu-Edingen/Friedrichsfeld,49.44867,8.580125
96387,Mellikon,47.568485,8.352511
96567,Kissing,48.300922,10.959553
96576,Neuenmarkt-Wirsberg,50.093678,11.581061
96595,Mühlheim(Main)-Dietesheim,50.120422,8.858175
96772,Westerstede-Ocholt,53.202168,7.886468
96824,Žireč,50.403313,15.847935
96956,Puschendorf,49.520763,10.828177
97033,Lengefeld-Rauenstein,50.730583,13.202676
97297,Nova Ves u Krimova,50.49562,13.264744
97490,Weilheim(Oberbay),47.845364,11.14286
97647,"Lößnitz, unterer Bahnhof",50.610935,12.724232
97724,Rommelshausen,48.81554,9.319344
97972,Kupfermühle,53.762184,10.32643
98043,S Südkreuz Bhf,52.47619,13.365085
98269,Karthaus,49.71034,6.596854
98499,Chojnow,51.277657,15.937051
98514,Bad Saulgau,48.01359,9.501083
98541,Oker,51.90488,10.478146
98552,Kressbronn,47.59424,9.598854
98634,Sottrum,53.101242,9.25003
98769,Wallenrod,50.66406,9.331838
98775,S Treptower Park,52.49363,13.461846
98844,Philippsheim,49.953434,6.625693
99107,Elend Drw_Eld 013 P13,51.74925,10.69589
99117,"Marktplatz (Pyramide U), Karlsruhe",49.0083,8.403721
99218,Teichland,51.818863,14.425213
99329,S+U Wuhletal,52.512768,13.575204
99384,Herrlingen,48.417732,9.89773
99410,Bila Tremesna,50.451614,15.733408
99459,S Hohen Neuendorf,52.668644,13.28711
99474,Hilchenbach,50.99226,8.107146
99551,Börßum,52.060463,10.568935
99577,Hausham,47.750412,11.840257
99633,Kölpinsee,54.03529,14.022905
99673,Bexbach,49.3457,7.254456
99703,S Pichelsberg,52.510242,13.227488
99780,Karlsruhe Sophienstraße,49.007748,8.379278
99913,Oerlinghausen,51.978775,8.666016
99919,Jever,53.568714,7.89298
99950,Gatersleben,51.82811,11.291362
99962,Neustadt(Schwarzw),47.91054,8.210558
100038,Magdeburg SKET Industriepark,52.097546,11.638277
100040,Beienheim,50.35913,8.821022
100192,S Ostkreuz Bhf,52.50335,13.468748
100217,S+U Pankow,52.56629,13.41026
100277,Potsdam Pirschheide,52.37287,13.010847
100293,St. Gallen(CH) Winkeln,47.40393,9.30086
100530,Hanau West,50.13195,8.908818
100537,Sontheim(Schwab),48.01181,10.346939
100660,Großbeeren,52.350845,13.28462
100666,Forchheim Leichtsandstr./Messe KA,48.982353,8.323834
100669,Biberach(Baden),48.338387,8.032762
100937,Havixbeck,51.966713,7.407711
100942,Oberstdorf,47.411034,10.278097
100963,Johannisthal,52.44662,13.524071
100973,Augsburg Messe,48.338684,10.886086
100992,Monza,45.574825,9.273683
101118,Geislingen(Steige),48.619358,9.841941
101201,Hegyeshalom,47.913975,17.145296
101246,Klitten,51.34858,14.590756
101273,Euerdorf,50.149536,10.027633
101312,"Kolpingplatz, Karlsruhe",48.997387,8.393669
101348,Essen (Ruhr) West,51.453293,6.981985
101384,Nottuln-Appelhülsen,51.89214,7.426334
101732,Schärding,48.46372,13.442511
101847,Karpfham,48.40799,13.187394
101867,Auestadion  Ri. Park Schönfeld,51.2987,9.481007
101872,Untermaßfeld,50.536633,10.415475
102002,Calbe(Saale) West,51.905693,11.758783
102037,Schwandorf,49.32638,12.103802
102110,Wolfach,48.294727,8.221818
102134,Bieren-Rödinghausen,52.239277,8.516964
102199,Sulzbach(Taunus)Nord,50.13877,8.51758
102296,S Schichauweg,52.39856,13.389437
102351,Nestedice,50.670044,14.140584
102398,Ruhmannsfelden,48.989414,12.99151
102551,Rostock-Bramow,54.101746,12.090548
102613,Hamburg Rübenkamp,53.60597,10.033083
102668,Dolni Zleb,50.84553,14.215599
102697,Braunschweig Hbf,52.252216,10.540295
102761,Lutherplatz  von Am Stern,51.318867,9.496672
102817,Bempflingen,48.572365,9.273425
102823,Sondern,51.073086,7.842578
102873,Vöhl-Thalitter,51.21744,8.895033
103151,Lonsee,48.544968,9.917377
103178,Zwota-Zechenbach,50.351135,12.399987
103250,Merching,48.24577,10.979397
103377,Leipzig-Sellerhausen,51.345177,12.424666
103420,Beelen,51.92932,8.116159
103559,Lübbecke(Westf),52.30634,8.605732
104032,Halle Zscherbener Straße,51.473312,11.921056
104111,Schalkau,50.400555,11.001731
104143,Kimpling,48.26665,13.67094
104416,Flöha,50.854355,13.075152
104457,Durlach Killisfeldstraße,48.997562,8.462157
104541,Kufstein,47.58308,12.16555
104619,Dolni Zleb zastavka,50.837048,14.223727
104722,Schönebeck Süd,52.006752,11.737305
104744,Hamburg Hasselbrook,53.564713,10.056129
104823,Bellheim Am Mühlbuckel,49.19264,8.297626
104911,Olbersleben-Ellersleben,51.14397,11.333224
104929,Novina,50.760036,14.941687
104950,Berlin-Wannsee,52.42173,13.181534
104980,Dresden-Trachau,51.089966,13.703878
104984,Weinsberg/Ellhofen Gewerbegebiet,49.148758,9.305552
105014,Uffing a Staffelsee,47.72015,11.158954
105144,"Bahnhof, Ortrand",51.37365,13.764909
105166,Dobra Voda u Horic,50.34592,15.609746
105188,Eschenz,47.645412,8.876562
105221,Wustermark,52.551952,12.938612
105226,Hnevceves,50.3124,15.72173
105348,S Greifswalder Str.,52.540108,13.439108
105381,Ladenburg,49.474243,8.602803
105387,Wroclaw Glowny,51.09808,17.037088
105624,Neckargerach,49.397907,9.074704
105753,Klostermansfeld Randsiedlung,51.59109,11.498513
105791,Freital-Hainsberg,50.9889,13.637938
105854,Bad Dürrenberg,51.305164,12.071053
105974,Wangen(Allgäu),47.689228,9.830573
106102,Berlin-Spandau,52.534542,13.197124
106162,S Bergfelde,52.670082,13.320426
106240,Edle Krone,50.950016,13.583632
106294,Hanau Klein-Auheim,50.100735,8.934288
106395,Wustrau-Radensleben,52.857418,12.896831
106465,Weißwasser Teichstraße,51.510296,14.645459
106473,Berlin Ostbahnhof,52.510475,13.43524
106546,Benesov n.Ploucnici,50.73822,14.30427
106601,Stolberg-Mühlener Bahnhof,50.77359,6.223898
106633,Ebermergen,48.75621,10.71096
106734,Alzenau Burg,50.08793,9.07434
106771,Valdek,50.98127,14.50701
106809,Köppern,50.269794,8.646746
107074,Eckardtsleben,51.066093,10.682123
107094,Mannheim-Käfertal,49.501556,8.503772
107287,Plüderhausen,48.796684,9.595853
107352,Kojetice u Prahy,50.237343,14.499168
107360,Kalchreuth,49.55844,11.139993
107386,Wernigerode Wd_Wdt 003 P3,51.83765,10.7824
107493,Anzefahr,50.845383,8.860173
107525,Eckartshausen-Ilshofen,49.152317,9.936645
107550,Haspelmoor,48.223263,11.098784
107602,Schwalbach(Taunus)Nord,50.15986,8.534777
107728,As(CZ),50.209435,12.199936
107965,S Oranienburg Bhf,52.753983,13.248812
108018,Tanvald zast.,50.737022,15.305253
108050,Raisting,47.912075,11.114165
108118,Angermünde,53.015793,13.995908
108257,Holzhau Blockline,50.73383,13.576665
108331,"Chemnitz, Erfenschlag Ost",50.783985,12.96472
108590,Lübeck-Moisling,53.8368,10.6295
108767,Zossen,52.21882,13.438575
108776,Herrensee,52.529934,13.885463
108863,Hamburg-Tonndorf,53.586384,10.12305
109090,Unfriedsdorf,50.199535,11.752578
109178,Forchheim Hauptstraße,48.97471,8.312165
109493,Storkow(Mark),52.251633,13.9209
109543,Göhren(Rügen),54.345963,13.737704
109593,S Wuhlheide,52.46867,13.55424
109645,Schmiedeberg Bahnhof,50.833973,13.677245
109694,Schnitzmühle,49.070408,12.915158
109818,Wulften,51.659405,10.176026
109855,Sülzenbrücken,50.88739,10.895873
109874,S Julius-Leber-Brücke,52.48645,13.361028
109907,Harblek,54.361973,8.962646
109926,Wilhermsdorf,49.4834,10.725242
110024,Lohnweiler,49.63568,7.599712
110036,Beringhausen,51.407772,8.751414
110053,Sedlejovice,50.63669,15.099144
110095,Wernigerode Wdt_Wdk 003 P3,51.83154,10.77903
110198,Bad Salzschlirf,50.626934,9.494484
110376,Grünhainichen-Borstendorf,50.774624,13.163443
110415,Wolgast Hafen,54.051846,13.779963
110430,Laage(Meckl),53.919598,12.339608
110589,Krumbach(Schwab)Schule,48.23542,10.361165
110592,Würzburg Süd,49.788193,9.943503
110656,Quedlinburg-Quarmbeck,51.75303,11.126402
110799,Obercarsdorf Bahnhof,50.860744,13.665271
110840,Rimbach Schulzentrum Bf,49.6223,8.75364
110935,Bürstadt,49.645767,8.458188
111019,Bremen-Sebaldsbrück,53.061356,8.887383
111153,Dreieich-Götzenhain,49.994026,8.732699
111248,Bremen-Blumenthal,53.183636,8.58118
111285,Mühlacker Rößlesweg,48.95634,8.860143
111294,Sinzing,48.990795,12.037653
111365,Friedewald Haltepunkt,51.131226,13.651769
111438,Putbus,54.356766,13.48097
111499,Stützerbach,50.63948,10.857915
111547,Hatzenport,50.227676,7.413508
111568,Rückersdorf(Mfr),49.491074,11.231203
111703,Eduardschacht,51.62847,11.519115
111766,Haltingen,47.610832,7.613652
111833,Lübeck Flughafen,53.804466,10.697352
111836,Ober Ramstadt,49.83205,8.743744
111842,Jacobsdorf(Mark),52.3327,14.356151
112011,"Liberec,Rochlice,",50.74723,15.061828
112239,Hilpertsau,48.739895,8.348683
112257,Kassel-Harleshausen Gl.1 Ri. Kassel,51.332115,9.451991
112272,Dortmund-Germania,51.498123,7.363728
112370,Anrath,51.285538,6.45023
112424,S Alt-Reinickendorf,52.577778,13.351235
112460,Höfingen,48.814987,9.025315
112470,Milano Centrale,45.48714,9.204824
112591,Vils Stadt,47.549812,10.631642
112640,Hamburg Klein Flottbek,53.55817,9.861122
112807,"Karlstor/Bundesgerichtshof, Karlsruhe",49.005177,8.394693
112859,Strohkirchen,53.398384,11.318463
112888,Witten-Annen Nord,51.44784,7.375337
112950,Wilchingen-Hallau,47.679447,8.46386
113113,Obernhof(Lahn),50.315945,7.853004
113158,Prödel,52.03764,11.913342
113541,Fischhaus,48.655403,13.440826
113583,Thale Musestieg,51.751434,11.04688
114072,Alt Hüttendorf,52.957436,13.783584
114200,Eisenberg(Pfalz),49.55448,8.070582
114212,Wernigerode Brm_Bro 002 P2,51.80194,10.61147
114283,As mesto,50.218826,12.183322
114362,Walsrode,52.864857,9.600906
114397,Steckborn,47.664505,8.981033
114428,S Osdorfer Str.,52.41888,13.314304
114503,Lengwil,47.6256,9.190283
114708,Durlach Zündhütle,48.98242,8.460944
114894,Unterneustädter Kirchplatz  Ri. Altmarkt,51.313583,9.509247
114931,Zlonin,50.21503,14.507352
114936,Münnerstadt,50.250076,10.188634
115073,Schneidhain,50.17267,8.451934
115077,Wernigerode Wdk_Wdh 002 P2,51.82379,10.7566
115111,Reisen(Hess),49.57797,8.720015
115184,Berlin Gesundbrunnen,52.548573,13.390519
115192,Höchst Mümling-Grumbach,49.771755,8.985615
115227,S Beusselstr.,52.53436,13.329406
115255,Scharnitz,47.392258,11.266927
115301,Fachingen(Lahn),50.361782,7.992566
115361,Albersdorf,54.14632,9.292151
115428,Lübs(Magdeburg),52.02021,11.93517
115438,Holzgerlingen Buch,48.62676,9.024547
115515,Pfarrkirchen,48.429195,12.938169
115584,Werther,51.469917,10.742145
115602,Neukirch-Egnach,47.5388,9.375853
115705,Owen,48.58689,9.447753
115793,Treysa,50.91066,9.185673
115807,Bad Breisig,50.50422,7.304564
115888,Schwaigern Ost,49.140606,9.069348
115977,Brandenburg Hbf,52.40021,12.565134
115985,Wernigerode Hochschule Harz,51.826218,10.765687
115989,Frankfurt(Oder),52.336643,14.54624
116018,S Wannsee Bhf,52.42148,13.180296
116042,S Kaulsdorf,52.512165,13.590481
116147,Arnschwang,49.27461,12.8116
116206,Klais,47.483032,11.238589
116273,Hagsfeld Jenaer Straße,49.035736,8.456129
116291,Remscheid-Güldenwerth,51.169197,7.16303
116324,Wernigerode Wd_Wdt 002 P2,51.83789,10.78368
116497,Friedrichsplatz  Ri. Rathaus,51.31376,9.494458
116808,Batzenhäusle,48.089066,7.94108
116880,Hagenbüchach,49.536346,10.767799
116940,"Ebertstraße, Karlsruhe",48.9945,8.395143
116942,Burgau(Schwab),48.424797,10.427012
117056,Bad Sooden-Allendorf,51.267975,9.968696
117118,Bödigheim,49.47593,9.317207
117153,Auerbach(V) unt Bf,50.511723,12.391421
117313,Seelow-Gusow,52.559303,14.351462
117343,Niederwinden,48.139706,8.023083
117364,Magdeburg Hbf,52.130512,11.626963
117652,Freilassing,47.836918,12.977193
117668,Blizevedly,50.613647,14.395422
117744,"Yorckstraße, Karlsruhe",49.010994,8.375344
117759,Jesewitz(Leipzig),51.41988,12.545378
117798,Hameln,52.10185,9.375906
117817,Baiersbronn Schule,48.51061,8.375858
117856,S Rummelsburg,52.501236,13.478701
117863,Wedel(Holst),53.581993,9.705161
118019,Köthen,51.75193,11.989358
118059,Herbolzheim(Breisg),48.223866,7.767638
118091,München Flughafen Terminal,48.35373,11.78597
118121,Villingen(Schwarzw),48.05802,8.465261
118204,Ahrensfelde(Bz. Bremen),53.23341,8.818138
118236,Bad Bellingen,47.730804,7.557601
118323,Klosterreichenbach,48.526627,8.399008
118536,"Bahnhof, Brück",52.186836,12.758456
118656,Mülheim(Ruhr)Styrum,51.449203,6.852636
118729,Vellmar-Obervellmar Gl.3 Ri. Kassel,51.359188,9.453023
118789,Altshausen,47.93071,9.551478
118924,Kavelstorf,54.00708,12.197821
119047,Lunden,54.33123,9.030746
119256,Elend Drw_Eld 006 P6,51.75633,10.70795
119313,Herten(Baden),47.549507,7.739663
119354,Beuren,51.37713,10.279034
119565,Wörth(Rhein) Badepark,49.058563,8.24413
119615,Glashütte(Sachs),50.8511,13.782378
119700,Fermerswalde,51.64291,13.174042
119706,Hiddenhausen-Schweicheln,52.15844,8.668239
119751,Lohr Bahnhof,50.00441,9.580715
119899,Bad Urach Wasserfall,48.499264,9.376401
120072,Woltersdorf/Nuthe-Urstromtal,52.11741,13.195387
120141,"Chemnitz, Hauptbahnhof",50.84007,12.929919
120156,Hörpolding,47.964138,12.568261
120216,Rankweil,47.273018,9.637252
120218,Stralsund-Grünhufe,54.3043,13.04393
120422,Witzschdorf,50.775234,13.088523
120512,Flughafen Wien,48.120823,16.562828
120623,Seddin,52.29158,12.984404
120867,Münsingen,48.409214,9.490144
120930,Kraslice predmesti,50.311695,12.518783
120965,Gryfino,53.254215,14.49302
121160,Schönau(Hörsel),50.94522,10.429779
121175,Stargard,53.33975,15.031746
121319,Falkenberg(Elster),51.584076,13.247388
121391,Nonnenhorn,47.57512,9.612676
121559,Ahnatal-Heckershausen Gl.1 Ri. Kassel,51.36297,9.422994
121724,Karlovice-Sedmihorky,50.56173,15.196539
121732,Markkleeberg-Großstädteln,51.26247,12.376329
121733,Hartmannmühle,50.778385,13.792418
121734,Frankfurt(Oder)-Neuberesinchen,52.322323,14.546092
121874,Frauenau,48.98765,13.300048
121972,Uelzen,52.96978,10.553053
122081,Dahlerbrück,51.25186,7.517001
122128,Praha-Vysocany,50.11232,14.497496
122208,Heimersheim/Lohrsdorf,50.548115,7.185198
122216,Manndorf,50.038395,10.834224
122409,Böblingen Danziger Straße,48.67925,8.996628
122427,Ernsgaden,48.73331,11.573292
122436,Niederwillingen,50.775455,11.038709
122663,Svatava zastavka,50.197296,12.607995
122686,Bilfingen,48.948875,8.620341
122738,Kassel-Kirchditmold Gl.2 Ri. Hümme,51.32478,9.45203
122781,Solingen Vogelpark,51.16671,6.992398
122853,Liège-Carré,50.640507,5.561963
122991,Ittlingen,49.18712,8.93458
123125,Ilmenau,50.684483,10.923086
123152,Halle Messe,51.45476,12.028041
123211,Schönebeck-Frohse,52.033916,11.707384
123221,Sandweiler-Contern,49.60074,6.205689
123257,Padova,45.417824,11.88062
123314,Lübeck-Dänischburg IKEA,53.9112,10.735581
123513,Siebeldingen-Birkweiler,49.20927,8.042565
123535,Spiegelau,48.917725,13.35926
123580,"Limbach(b Homburg,Saar)",49.31215,7.279127
123682,Halbmeil,48.29075,8.270454
123731,Deisenhofen,48.01954,11.583597
123961,S Heiligensee,52.624477,13.229361
123980,"Chemnitz, Technopark",50.811485,12.924853
124038,Melsungen-Bartenwetzerbrücke Gl.2 Ri. Kassel,51.132336,9.548643
124047,Chotyne,50.8376,14.87153
124113,Heinsberg-Porselen,51.040615,6.174482
124143,Opladen,51.066174,7.008775
124162,Gaildorf West,49.003822,9.753892
124473,Velke Hamry,50.71159,15.31376
124574,Brandoberndorf,50.43162,8.493816
124699,Eberswalde Hbf,52.833805,13.796755
124755,Hemmingen,48.86791,9.03203
124919,Essen(Oldb),52.72388,7.945437
125015,Königsborn,52.13401,11.756268
125049,Weibhausen,47.898575,12.692476
125263,Gnadau,51.9796,11.78115
125488,Ilmenau Bad,50.681347,10.908966
125609,Bordesholm,54.174374,10.043711
125692,Bad Reichenhall,47.731167,12.881825
125828,Dortmund West,51.50965,7.438938
125848,Bruchhausen(b Ettlingen),48.923992,8.373975
125879,Birkelbach,51.020695,8.252865
125894,Heusenstamm,50.06007,8.802202
125906,Bad Bentheim,52.30985,7.158539
125911,Verona Porta Nuova,45.428658,10.982739
125936,Wernigerode Westerntor,51.83396,10.780256
125986,Nörten-Hardenberg,51.628185,9.933096
126028,Geseke-Ehringhausen,51.66281,8.44926
126058,Decin - Prostredni Zleb,50.79308,14.230123
126089,S+U Wittenau,52.59702,13.334203
126133,"Elstal Bahnhof, Wustermark",52.547573,13.00079
126299,Krsko,45.95624,15.493454
126457,Bobstadt,49.66325,8.451786
126481,Goldhausen,50.461437,7.873057
126551,Michelaubrück,50.11671,9.767679
126554,Dahlbruch,50.970432,8.053456
126621,Kürbitz,50.462723,12.069771
127004,Staßfurt,51.851257,11.587898
127008,Soltendieck,52.87421,10.761416
127095,Berlin Südkreuz,52.47565,13.365612
127115,S Spandau Bhf,52.53472,13.197532
127176,Baumholder,49.61222,7.330917
127307,Fretzdorf,53.065228,12.545651
127387,Hüttenbusch,53.273296,8.962154
127441,Hanau-Wilhelmsbad,50.14387,8.88325
127591,Karlsruhe-Durlach,49.002327,8.462822
127611,Brötzingen Wohnlichstraße,48.882076,8.653987
127644,Tacherting,48.078747,12.567336
127721,Blankenloch Mühlenweg,49.06883,8.474805
127763,Beutersitz,51.590218,13.36063
127841,Frankfurt(Main)Ost,50.112576,8.70864
127921,Langenbrand,48.70227,8.355473
127938,Bachheim,47.862072,8.399399
128006,Elend Eld_Ab 004 P4,51.73909,10.68327
128042,Bramsche,52.410877,7.975007
128085,Langenorla West,50.74188,11.579663
128208,Mittelherwigsdorf,50.922794,14.74128
128331,Königsbrück,51.26017,13.899856
128508,Alsdorf-Mariadorf,50.861977,6.188454
128538,Altenstadt(Iller),48.16119,10.109983
128780,Erpolzheim,49.488327,8.210697
128784,Hochstätten(Pfalz),49.763344,7.829096
128797,Schweinfurt Hbf,50.035313,10.212919
128813,Veringendorf,48.16028,9.199108
128827,Faurndau,48.710808,9.616047
129002,Hamburg-Bergedorf,53.489834,10.206171
129053,Taben,49.55266,6.60082
129076,Albig,49.771374,8.116579
129101,Zweibrücken Hbf,49.246803,7.356643
129152,Zell/Pram,48.317425,13.623936
129196,Ölbronn-Dürrn,48.98581,8.753677
129418,Pritzwalk Hainholz,53.17006,12.205902
129422,S Fredersdorf,52.5262,13.760479
129636,Benneckenstein Klb_Sh 003 P3,51.64468,10.77024
129746,Glattfelden,47.548557,8.524055
129864,Leipzig/Halle Flughafen,51.42334,12.223426
129875,Greifswald,54.092922,13.370262
129876,Nordhausen Nord,51.49398,10.787882
129950,S+U Karl-Bonhoeffer-Nervenklinik,52.57802,13.328994
129956,Soyen,48.108086,12.209744
130105,Pirmasens Hbf,49.205647,7.598432
130170,Dalheim,51.149143,6.178597
130221,Wien Hütteldorf,48.197258,16.26125
130274,Hofgeismar,51.499187,9.395461
130344,Boren-Lindaunis Schleibrücke Nord,54.58445,9.819096
130477,Frommern,48.244034,8.872122
130539,S Attilastr.,52.447296,13.361177
130589,Agatharied,47.765606,11.824472
130596,S Rahnsdorf,52.451675,13.689947
130616,Gummersbach-Dieringhausen,50.98542,7.542483
130624,Süderlügum,54.871,8.889327
130656,Bezdekov u Klatov,49.38066,13.236639
130706,Rösrath,50.90155,7.182662
130932,Waldkirch,48.09569,7.957245
131079,Kleve,51.789734,6.146224
131136,Weiler (Brohltal),50.459034,7.258502
131169,Heddesheim/Hirschberg,49.509407,8.633746
131211,Wernigerode Eck_Gow 004 P4,51.78508,10.59677
131232,Swidnik Miasto,51.223846,22.695324
131390,Heilsbronn,49.34595,10.791053
131402,Mönchengladbach-Lürrip,51.199623,6.472428
131425,Weilburg,50.487274,8.268435
131444,Grafenaschau,47.66703,11.1374
131500,Syke,52.91616,8.809786
131535,Krizany,50.751385,14.918635
131788,Osterburken,49.429657,9.422692
131794,Gevelsberg West,51.317276,7.313845
131880,Petersaurach,49.303658,10.745433
131883,Nassenheide,52.818924,13.238278
131999,Neuss Süd,51.185783,6.69029
132010,"Chemnitz, Technopark",50.811012,12.924305
132136,S Osdorfer Str.,52.41891,13.314214
132172,S Schöneweide Bhf,52.45491,13.510019
132441,Röt,48.555466,8.397356
132463,Ritschenhausen,50.512863,10.429506
132470,Mainz Hbf,50.001118,8.25872
132487,Dietmannsried,47.812866,10.290481
132511,Soest,51.57842,8.104589
132578,Schwedt(Oder)Mitte,53.06829,14.271603
132637,Benneckenstein Klb_Sh 005 P5,51.64182,10.77402
132715,Plzen hl.n.,49.743168,13.388244
132733,Slubice,52.335815,14.594658
132870,"Bahnhof Medienstadt Babelsberg Vorpl., Potsdam",52.38251,13.12199
132903,Heimenkirch,47.62891,9.9021
133019,Hegyeshalom(Gr),47.93826,17.095844
133088,Kellmünz,48.120285,10.124616
133195,Schwarzenberg-Neuwelt,50.55438,12.765726
133210,"Stollberg, Bahnhof",50.709496,12.773873
133288,Basel SBB,47.547413,7.589563
133303,Finningerstraße,48.38999,10.026228
133308,Bad Wildbad Nord,48.763935,8.555095
133428,Hohenbrunn,48.046574,11.698872
133451,Egestorf(Deister),52.278584,9.514485
133495,Alsdorf-Annapark,50.870518,6.156661
133518,"Chemnitz, Riemenschneiderstr",50.78541,12.925499
133535,S Charlottenburg Bhf,52.505135,13.304349
133630,Lindenberg(Mark),52.203625,14.111705
133649,Wittighausen,49.618404,9.846243
133674,Neuhaus(Pegnitz),49.62665,11.551709
133686,Turnov mesto,50.57958,15.151965
133689,Erkelenz,51.076595,6.321634
133979,Doberlug-Kirchhain,51.62065,13.56415
133992,Glauburg-Stockheim,50.327057,9.010123
134121,Empel-Rees,51.798473,6.416712
134181,Güsten,51.79302,11.601766
134271,Potucky,50.43019,12.738825
134284,Heerlen,50.890694,5.975844
134416,Völklingen,49.249092,6.848156
134420,Niederroth,48.320934,11.390041
134578,Pram-Haag,48.23177,13.618879
134579,Möttingen,48.806805,10.597832
134596,Zschortau,51.48369,12.361336
134605,Herrenberg,48.59399,8.862662
134674,Probstzella,50.528233,11.383568
134708,Hostinne mesto,50.53922,15.720149
134774,Lahntal-Sarnau,50.871197,8.756045
134785,Ottweiler(Saar),49.402336,7.166133
134842,S+U Wedding,52.543053,13.367575
134898,Kremmen,52.753143,13.040256
134925,Pönitz(Holst),54.045654,10.671157
134959,Chelm Miasto,51.138405,23.459185
135077,Fahrenkrug,53.943962,10.253159
135147,Lublin Zachodni,51.218742,22.508389
135196,"Chemnitz, TU Campus",50.813465,12.931051
135215,Hauptfriedhof  Ri. Wiener Straße,51.330524,9.498441
135392,Helmsheim,49.08575,8.651336
135437,Steinerne Renne,51.8167,10.727011
135473,Mammendorf,48.216827,11.174618
135491,Herrnburg,53.837708,10.760008
135492,Ludwigsfelde,52.299675,13.267809
135548,Schiltach Mitte,48.29125,8.344709
135549,Alsdorf-Busch,50.876587,6.140586
135588,Doberlug-Kirchhain,51.620575,13.564228
135591,Schüptitz,50.72276,12.029868
135690,Herbolzheim(Jagst),49.281494,9.259824
135738,Nievenheim,51.12372,6.782117
135749,Ilmenau Pörlitzer Höhe,50.694695,10.922891
135793,Ichenhausen,48.370186,10.302138
135975,Künsebeck,52.0367,8.384328
136056,Kenz,54.329876,12.741013
136150,Hausen-Starzeln,48.301743,9.068047
136280,Wriezen,52.71543,14.140239
136317,Altenstadt-Höchst,50.269768,8.923418
136444,Groß Kreutz,52.410934,12.777052
136524,"Philippstraße, Karlsruhe",49.01145,8.36432
136535,Cernovice u Chomutova,50.454323,13.363351
136667,Seekirchen am Wallersee,47.899418,13.13001
136721,Langenargen,47.59949,9.544837
136883,Meckenheim Industriepark,50.64365,7.027184
137051,Achkarren,48.06009,7.60787
137117,Oberelsungen,51.37651,9.25129
137118,Thann-Matzbach,48.26651,12.04746
137222,Dortmund-Wischlingen,51.51929,7.412863
137351,"Kreuzeck/Alpspitzbahn Bahnhof, Garmisch-Partenkirc",47.472103,11.062936
137454,Weinsberg,49.148,9.287024
137466,Niederraunau,48.221344,10.374503
137511,Sluknov zastavka,51.006756,14.435522
137640,München Flughafen Besucherpark,48.352097,11.764185
137661,Naumburg(Saale)Hbf,51.16307,11.796984
137665,Koblenz-Moselweiß,50.349464,7.560646
137700,Zgorzelec(Gr),51.142876,14.990672
137778,Korbach Süd,51.270264,8.878815
137797,S+U Bundesplatz,52.477688,13.329539
137805,Germersheim,49.225403,8.365282
137812,Muldenberg Floßplatz,50.41569,12.399034
137886,Neunkirchen a Sand,49.520405,11.32205
137933,Schiffweiler,49.363373,7.12934
138085,Kleinwallstadt,49.87491,9.168168
138316,Gerlachsheim,49.581036,9.710819
138460,Greußen,51.229134,10.941476
138530,Eichstätt Stadt,48.893295,11.179602
138584,Roßtal,49.400696,10.898632
138588,Hof(Münstertal),47.85712,7.772654
138614,Petershain,51.316536,14.751237
138647,S Mahlow,52.36075,13.407713
138664,Elsterberg,50.61355,12.167487
138683,Herzogenrath,50.870914,6.094486
138686,Hachenburg,50.664,7.822895
138838,Baunatal-Rengershausen Gl.1 Ri. Kassel,51.255024,9.468748
138898,Rostock Hbf,54.078247,12.131079
138936,Brake(Unterweser),53.328815,8.48135
138971,Eschweiler-Nothberg,50.812828,6.293846
139063,Forchheim Hallenbad,48.978985,8.318058
139103,Dippoldiswalde Bahnhof,50.89098,13.664705
139172,Helmstadt(Baden),49.320087,8.97513
139214,Kaiserslautern Pfaffwerk,49.434715,7.751248
139285,Burgbernheim-Wildbad,49.443295,10.312317
139350,"Europaplatz (U), Karlsruhe",49.01007,8.39411
139886,Friedrichshafen-Kluftern,47.68815,9.409515
139891,Apach(fr),49.46902,6.369699
139950,Niederndodeleben,52.129974,11.502663
139967,Donaueschingen Allmendshofen,47.94058,8.501819
140002,Varnsdorf,50.903378,14.638871
140039,Minden(Westf),52.29014,8.934728
140186,Hösbach,49.999714,9.229008
140196,Reinsbüttel,54.181206,8.906647
140200,Flöha-Plaue,50.84449,13.085007
140223,Lüdersdorf(Meckl),53.832924,10.815143
140298,Bad Münstereifel-Iversheim,50.583035,6.769162
140361,Kövenig,49.98121,7.119488
140378,Dormagen,51.099495,6.814837
140511,Weil der Stadt,48.75548,8.872806
140752,Jedlova,50.842552,14.57027
140876,Altmarkt/Regierungspräsidium  von Am Stern,51.3161,9.504862
140979,S Oberspree,52.452446,13.538028
141091,Daxlanden Dornröschenweg,48.99146,8.334165
141096,S Mehrower Allee,52.55775,13.553721
141104,Gera-Zwötzen,50.85005,12.082181
141192,Hörstmar(Lippe),52.0125,8.844978
141296,Schwerzenbach ZH,47.384384,8.658674
141317,Niederwartha,51.09463,13.605922
141445,Bad Fallingbostel,52.862926,9.700233
141524,Horovice,49.843323,13.899184
141659,Fürth-Dambach,49.46074,10.970196
141716,Türkheim(Bay)Bf,48.04569,10.617439
141748,Fischbach(Nürnberg),49.41334,11.17407
141788,Neuenburg(Baden)(Gr),47.814342,7.54639
141903,Steinalben,49.31624,7.651613
141979,Berlin Jungfernheide,52.530193,13.299447
142020,Rynoltice,50.78696,14.82664
142179,Rottenburg(Neckar),48.47243,8.935548
142305,Desna-Pustinska,50.764145,15.335437
142398,Gladbeck Ost,51.57553,6.994813
142436,Meinsdorf,51.90319,12.256369
142438,"Chemnitz, Roter Turm",50.83419,12.922697
142566,Reutte in Tirol Schulzentrum,47.489742,10.725157
142576,Erkner,52.42768,13.752098
142589,Mörsch Merkurstraße,48.953346,8.291576
142617,Wettingen,47.459637,8.316006
142626,Bad Wimpfen-Hohenstadt,49.24254,9.138753
142672,Kelkheim-Hornau,50.147186,8.444645
142680,Wernigerode Drw_Kn 001 P1,51.76887,10.72321
142690,Neuss Hbf,51.20435,6.684527
142695,S Waidmannslust,52.60632,13.321223
142873,Neunkirchen(Saar)Hbf,49.35329,7.176655
143022,Krasna Lipa,50.919147,14.512113
143147,Blankenfelde(Teltow-Fläming),52.3369,13.416238
143382,Großschönau(Sachs),50.892555,14.66545
143402,Brucken,48.574,9.453106
143452,Cainsdorf,50.686558,12.496565
143763,Messinghausen,51.393192,8.679775
143849,Medewitz(Mark),52.061317,12.392227
143940,Thesdorf,53.64437,9.813837
143973,Bengel,50.01054,7.058601
144003,Chribska,50.867878,14.523557
144076,Ludwigsau-Friedlos,50.896946,9.743237
144156,S Bernau-Friedenstal,52.66847,13.564998
144329,Maximiliansau Eisenbahnstraße,49.037212,8.29835
144523,Gera Hbf,50.883423,12.077092
144542,Struthütten,50.78144,7.973309
144550,Kuty,48.661892,17.047695
144578,Buckow(Beeskow),52.18818,14.169507
144670,Poznan Glowny,52.401993,16.91087
144741,Freudenstadt Schulzentrum,48.467373,8.421404
144987,Dortmund-Marten Süd,51.507984,7.387479
145001,Dormagen Chempark,51.077045,6.838171
145069,Regensburg-Burgweinting,48.990726,12.146485
145072,Bad Kreuznach,49.8424,7.866435
145123,Pforzheim Maihälden,48.89339,8.678158
145266,Friedrichstadt,54.377487,9.079258
145347,Bigge,51.35828,8.475253
145386,Roppen,47.21582,10.817376
145460,Oberhaid,49.929466,10.817637
145584,Luzern,47.05018,8.310183
145728,Döttingen,47.57527,8.256365
145767,Coschen,52.020454,14.718875
145808,Nürnberg-Schweinau,49.434376,11.045403
146001,Teisnach,49.039375,12.994268
146163,Sierksdorf,54.068523,10.769108
146194,Sorge So_Bek 003 P3,51.68824,10.69882
146387,Altenbamberg,49.786858,7.830745
146449,Sauerlach,47.97406,11.654774
146704,Oberzent-Hetzbach,49.5949,8.992856
146727,Bad Krozingen,47.91972,7.697632
146824,Mannheim-Rheinau,49.42409,8.534944
146864,Pfullendorf,47.92288,9.255728
146868,S Karow Bhf,52.615234,13.469409
146929,Benneckenstein Klb_Sh 004 P4,51.6435,10.77446
146954,Übersee,47.82205,12.487338
146955,Krippen,50.913143,14.1601
146957,Hadamar,50.4469,8.043513
147007,Büdingen(Westerw),50.62475,7.895901
147129,Hamburg Dammtor,53.560753,9.989566
147220,Frankfurt(Oder),52.336525,14.546767
147222,Radersdorf,48.51456,11.162222
147235,Würzburg-Heidingsfeld Ost,49.76113,9.953262
147316,Lambrecht(Pfalz),49.373337,8.074391
147364,Börnecke(Harz),51.81968,10.995759
147759,Wakendorf,53.866264,10.365956
147762,Mücka,51.31953,14.708179
147778,Bremen-Mahndorf,53.03976,8.944627
147798,Worpswede,53.226486,8.91551
147877,Hauenstein(Pfalz),49.201393,7.830006
147923,Brzesko Okocim,49.986397,20.6103
148012,Unterkochen,48.815006,10.126493
148115,Halitplatz Ri. Holländischer Platz,51.32669,9.500011
148118,Bad Bramstedt Kurhaus,53.903366,9.89042
148185,Karlsruhe Mühlburger Tor,49.01055,8.383653
148239,Hranice na Morave,49.565548,17.741594
148276,Wilmersdorf(Angerm),53.11163,13.892457
148456,Bruchsal Am Mantel,49.141182,8.56327
148491,S Altglienicke,52.40736,13.558798
148520,Wernigerode Drei Annen Hohne Gleis 1,51.770412,10.727106
148559,Dornbirn Schoren,47.413216,9.726722
148654,Bestwig,51.36191,8.397839
148811,Borsdorf(Sachs),51.345703,12.541165
149075,Schwieberdingen,48.87048,9.07152
149092,Wiesenfeld,51.00752,8.749376
149160,Pernink,50.3653,12.773449
149275,Haidkapelle,48.360626,9.261571
149361,Heiligenstatt(Obb),48.21336,12.609585
149655,Velbert Rosenhügel,51.300125,7.101725
149661,Dotternhausen-Dormettingen,48.228455,8.781119
149697,Wolfsmünster,50.09451,9.734893
149817,Metzingen(Württ),48.539726,9.290156
149840,Reichenbach(Oberlausitz),51.135567,14.796387
149859,Grüntal-Wittlensweiler,48.4754,8.460747
150053,Markersdorf Alte Mühle / Schreckenstein,50.92981,12.850822
150292,Blaufelden,49.296234,9.96768
150463,Elpersheim,49.473095,9.873427
150474,Welschingen-Neuhausen,47.83403,8.769216
150485,Berkenbrück,52.357147,14.166477
150567,Breddin,52.886097,12.224649
150658,Balgstädt,51.208294,11.738454
150737,Dillbrecht,50.80162,8.20389
150746,Tostedt,53.272045,9.732013
150941,Coburg-Neuses,50.278,10.951277
150987,Oberursel-Weißkirchen/Steinbach,50.173244,8.586918
151116,Leuven,50.881542,4.716148
151129,Neustift(b Passau),48.566814,13.394415
151430,Söllingen(b Karlsr),48.987755,8.543543
151500,Oldenbüttel,53.283432,8.810466
151535,S Grunewald,52.488308,13.261033
151541,Arbon,47.51059,9.433359
151674,Wächterhof,48.033566,11.712731
151740,Kirchheimbolanden,49.668545,8.016526
151763,Neuhausen(Cottbus),51.687523,14.412188
151764,Caldern,50.852943,8.670066
151812,Waiblingen,48.826122,9.299882
151897,Doubi u Turnova,50.607964,15.101902
151967,Duisburg-Obermeiderich,51.468792,6.821232
151970,Fischbach-Weierbach,49.7389,7.404671
151979,Kraftwerk Finkenheerd,52.262543,14.575121
152040,Altötting,48.22124,12.67479
152389,Bruchmühlen,52.204597,8.448636
152457,Dietzenbach-Steinberg,50.025707,8.792898
152461,Mindelaltheim,48.45598,10.407905
152651,Dettum,52.156876,10.660129
152679,Holdorf(Oldb),52.57497,8.138367
152689,Gersfeld(Rhön),50.449394,9.914389
152720,Kierspe,51.130013,7.616229
152788,Salzgitter-Ringelheim,52.03816,10.31483
152889,Ancona,43.6076,13.497795
152930,Reinhardsbrunn-Friedrichroda,50.8635,10.562728
152931,S Botanischer Garten,52.448006,13.307177
152940,Burgweiler,47.922764,9.343805
153010,Wandlitzsee,52.755966,13.474025
153055,Hamburg-Allermöhe,53.490356,10.158735
153066,Braunau/Inn,48.259125,13.047988
153108,Hünfeld,50.673313,9.762935
153137,Sulzbachtal,49.522743,7.663672
153147,Musau,47.531643,10.672701
153288,Köln-Worringen,51.05238,6.851719
153458,Mühlanger,51.855713,12.748212
153517,Weichering,48.720646,11.330409
153559,Bad Berka Zeughausplatz,50.90044,11.280095
153725,Wernigerode Drt_Drw 012 P12,51.77158,10.72961
153860,Brigachtal Klengen,48.007366,8.465779
153960,Mining,48.271297,13.171771
154290,Hamburg Alte Wöhr,53.59793,10.035415
154317,Dortmund-Wickede,51.53393,7.62466
154337,Grambow,53.41738,14.347457
154365,Durlach Schlesier Straße West,48.988415,8.452195
154433,Morlesau,50.117146,9.799066
154470,Liberec,50.761433,15.04595
154532,S Köpenick,52.458515,13.581459
154592,Bad Laasphe,50.929314,8.42072
154625,Egelsbach,49.969112,8.653632
154627,Kytlice,50.814754,14.533322
154747,S Schönholz,52.571472,13.381121
154760,Machnin hrad,50.7879,14.969514
154827,Radebeul-Zitzschewig,51.114513,13.60668
154848,Farchant,47.53097,11.11486
154889,Kreuzlingen Bernrain,47.642113,9.163204
154903,"Hammersbach Zugspitzbahn, Grainau",47.466022,11.046595
154975,Böblingen,48.68776,9.004128
155029,Tüßling,48.21188,12.589077
155170,Ellental,48.955288,9.123744
155272,S Wartenberg,52.573025,13.503676
155315,Husum,54.472084,9.055953
155500,Birkungen,51.36631,10.330736
155525,Augsburg Hbf,48.36544,10.88557
155606,Nörvenich-Binsfeld,50.79497,6.533342
155635,Berghausen Am Stadion,49.002552,8.536012
155640,Karlovy Vary,50.23567,12.86685
155910,Oettingen(Bay),48.94505,10.600122
156001,Coburg Nord,50.271492,10.96487
156054,Hofeld,49.51192,7.159755
156090,Durlach Steiermärker Straße,48.985916,8.455797
156116,Merseburg Bergmannsring,51.33737,11.989651
156149,Oberesslingen,48.729877,9.327267
156164,Hadmersleben,52.00736,11.324446
156243,Tuttlingen Schulen,47.987335,8.801166
156258,Ahnatal-Weimar,51.36363,9.391588
156453,Immenreuth,49.911343,11.86966
156454,Limburg Süd,50.3825,8.096112
156473,Frankfurt-Frankfurter Berg,50.170223,8.676557
156542,"Thalheim, Mitte",50.701588,12.854883
156700,Wernigerode Drw_Kn 011 P11,51.76874,10.69721
156720,Hegelsbergstraße  Ri. Holländ. Straße,51.337006,9.490352
156865,Müssen,53.499462,10.561128
156921,"August-Bebel-Straße, Karlsruhe",49.024162,8.375802
156974,Lennestadt-Grevenbrück,51.14178,8.017977
156994,Halbe,52.108006,13.702074
157070,Scheidt(Saar),49.24402,7.057083
157143,Bad Homburg,50.219906,8.620624
157150,Zaisenhausen,49.104755,8.816664
157278,St Avold,49.086052,6.721033
157322,Hofheim(Taunus),50.084473,8.443842
157332,Pfaffenhausen,48.117794,10.451825
157355,Falkenberg(Elster),51.58334,13.246233
157421,Rosendahl-Holtwick,51.99839,7.122568
157448,Bardowick,53.29047,10.371994
157459,Steinbach-Hallenberg,50.693165,10.558086
157488,Grub(Oberbay),48.164524,11.782559
157492,Olbernhau West,50.660248,13.320757
157556,Selm-Beifang,51.693672,7.454609
157678,Hangelsberg,52.40041,13.920247
157843,Erfurt Central Station (FlixTrain),50.972454,11.038239
157882,Dahlen(Sachs),51.35097,12.984253
158186,Dienheim,49.841354,8.35714
158248,Gussenstadt,48.6399,9.957623
158278,Aachen Hbf,50.7678,6.091499
158294,KA Durlacher Tor/KIT-Campus Süd (U),49.009003,8.416693
158397,Marl Mitte,51.653835,7.099575
158416,Riederau,47.982582,11.097153
158518,Winningen(Mosel),50.315426,7.523185
158564,Eckersmühlen,49.215473,11.137947
158581,Lindach,49.41692,9.00646
158644,Seebergen,50.92927,10.792702
158663,Sobotka,50.465473,15.167937
158888,Borek p.Troskami,50.535522,15.232211
158963,Burghausen,48.1742,12.828182
158972,Tägerwilen-Gottlieben,47.659615,9.132979
158989,S Buckower Chaussee,52.41053,13.382734
159102,Neupetershain,51.606598,14.162321
159152,Linsburg,52.6015,9.325042
159256,Abensberg,48.819454,11.84662
159260,Berlin Südkreuz,52.475887,13.365455
159352,Neu Wulmstorf,53.473045,9.788432
159374,Nörvenich-Rommelsheim,50.782608,6.547316
159471,Bezdez,50.516117,14.729343
159547,Henfenfeld,49.50141,11.38655
159561,Klieken,51.89453,12.371778
159639,Wannweil,48.512314,9.150449
159698,Lindwedel,52.610943,9.689022
159830,Ulbersdorf Bahnhof,50.955624,14.220106
159925,Görlitz-Weinhübel,51.128662,14.970271
159933,Neukieritzsch,51.150772,12.412836
160011,"Chemnitz, Scheffelstr",50.801952,12.911225
160036,Wendisch-Rietz,52.206966,14.00941
160070,Oberrotweil,48.089844,7.620899
160238,Berga-Kelbra,51.45206,11.014813
160332,Godramstein,49.20685,8.076028
160414,Erdmannhausen,48.94823,9.299405
160454,Killer,48.315685,9.060828
160971,Bielefeld-Senne,51.96512,8.520335
161081,Steinfurt-Borghorst,52.118736,7.397539
161091,Rabenau Bahnhof,50.963093,13.634935
161327,Hajniste,50.92883,15.197446
161329,Sonneberg(Thür)Ost,50.352253,11.201293
161365,Bruchsal Tunnelstraße,49.11955,8.594378
161479,Gernsbach Mitte,48.763084,8.339042
161763,S Messe Süd,52.498672,13.270454
161788,Seifersdorf,50.93997,13.647601
161919,Aschersleben,51.757122,11.465689
161925,Kyritz,52.942192,12.390957
162155,Gräfentonna,51.089733,10.733617
162243,Neustadt(Donau),48.800186,11.763297
162287,"Chemnitz, Treffurthstr",50.819424,12.915187
162334,Martinstein,49.803978,7.536625
162357,Hildesheim Ost,52.14655,9.963169
162460,Ratzeburg,53.698215,10.740633
162522,Iserlohnerheide,51.39986,7.69221
162557,Magdeburg-Salbke,52.080746,11.656447
162583,Wernigerode Drw_Kn 007 P7,51.76038,10.70641
162588,La Wantzenau,48.665264,7.824767
162631,Treben-Lehma,51.046936,12.440947
162682,Tanneneck,53.755325,9.943297
162849,S Marienfelde,52.424297,13.374679
162852,Gutenfürst,50.418797,11.960916
162875,Berlin Hbf,52.524998,13.369061
162992,Oberaudorf,47.65279,12.175262
163084,Zierenberg-Rosental Gl.1 Ri. Wolfhagen,51.3675,9.291684
163189,S Betriebsbahnhof Rummelsburg,52.493896,13.497601
163246,Groß Gerau-Dornberg,49.912277,8.494709
163375,Elend,51.74597,10.690129
163468,Böhringen-Rickelshausen,47.74895,8.925769
163512,Parchim,53.43032,11.831265
163521,Berlin-Schöneweide,52.45462,13.509517
163542,Lengenwang,47.6974,10.601214
163560,Mülheim(Ruhr)Hbf,51.431343,6.88651
163665,Tessin West,54.034435,12.44257
163759,Helmbrechts,50.2338,11.724351
163856,Friedrichshafen-Fischbach,47.67248,9.417383
163940,Leipzig-Lindenau,51.333755,12.321483
163992,Laucha(Unstrut),51.222057,11.678442
164047,Schwerin Hbf,53.63474,11.407455
164053,Huchem-Stammeln,50.85252,6.45337
164056,Sinzig(Rhein),50.546844,7.258224
164152,Friedrichshafen-Manzell,47.66432,9.429156
164195,Vilsbiburg,48.447384,12.3475
164380,Vatteröder Teich,51.59822,11.412194
164411,Hohenfichte,50.822063,13.133981
164490,Ueckermünde,53.733925,14.05408
164534,Hangelsberg,52.40046,13.920277
164554,S+U Potsdamer Platz Bhf,52.50964,13.376708
164636,Sauldorf,47.94441,9.094539
164742,Urft,50.512367,6.580173
164805,Leinefelde,51.388836,10.328758
164858,Dortmund-Rahm,51.525726,7.395252
164903,S+U Jannowitzbrücke,52.514194,13.419471
164925,Bildstock,49.337326,7.094341
164997,Nordhorn,52.429882,7.064799
165001,Rommerskirchen,51.039932,6.69959
165034,Listerscheid,51.108143,7.849495
165042,Schöna(Gr),50.860054,14.222133
165114,Innsbruck Hbf,47.263237,11.401028
165214,Böbingen(Rems),48.822437,9.912807
165231,Wernigerode Wdh_Sr 002 P2,51.82077,10.7377
165363,Ergoldsbach,48.693867,12.201874
165370,Zollhaus(Villingen-Schwenningen),48.04089,8.505997
165433,Blankenloch Kirche,49.065132,8.471544
165524,Zimmersrode,51.008144,9.225195
165681,Eschhofen,50.393482,8.104429
165870,Sachsenhausen(Nordb),52.77227,13.251867
165925,Durlach Schlesier Straße West,48.988758,8.452213
166015,Karlsruhe-Knielingen,49.026695,8.341171
166063,Szczecin Glowny,53.418785,14.550318
166064,Dülmen,51.827675,7.295765
166188,Gutach(Breisgau),48.113575,7.98948
166205,Dolhain-Gileppe,50.61637,5.936716
166433,Nürtingen Vorstadt,48.620182,9.340278
166544,Krnsko,50.376656,14.869166
166546,Zell(Wiesental),47.705627,7.849149
166565,Seifersdorf/DW Bahnhof,50.9398,13.647601
166603,Walkenried,51.584877,10.608814
166662,"Frankeneck, Bahnhof",49.375153,8.050657
166876,Blumenberg,52.033806,11.457093
166987,Geilenkirchen,50.96104,6.124518
167055,Birkenbringhausen,51.022373,8.744887
167120,Bingen(Rhein) Hbf,49.968727,7.884263
167256,Radeberg,51.11175,13.912539
167261,Eibau,50.98645,14.646055
167340,Ostersode,53.31466,8.975377
167596,Weilimdorf,48.82208,9.094328
167620,S Landsberger Allee,52.529385,13.454998
167725,Schwenningen(Neckar),48.05977,8.535862
167898,"Nordhausen, Bahnhofsplatz",51.49392,10.789363
168183,S Nordbahnhof,52.532467,13.387738
168278,Huckstorf,53.98448,12.116026
168296,Ludwigshafen(Rhein) BASF Nord,49.519955,8.427878
168359,Sroda Wielkopolska,52.21805,17.274818
168374,Starnberg,47.995964,11.34367
168393,Wasserburg(Inn)Bf,48.06156,12.18523
168407,Nortorf,54.167328,9.851689
168423,Mausheim,49.120148,11.768138
168515,Eckartsberga(Thür),51.107838,11.55455
168674,Erfurt-Bischleben,50.93377,10.988439
168809,Karlsruhe Europaplatz,49.009674,8.394999
168876,Elend Ab_So 001 P1,51.71691,10.67827
168938,Mertingen Bahnhof,48.660973,10.824752
168980,S Birkenwerder Bhf,52.688663,13.288775
169062,Horni Nova Ves,50.450466,15.572206
169158,Lüssow(Meckl),53.843723,12.13786
169189,Palzem,49.565063,6.371926
169236,Chorin,52.903557,13.869606
169244,"Eggenstein Süd, Eggenstein-Leopoldshafen",49.071426,8.396256
169345,Laaber,49.070023,11.884056
169379,Rieschweiler,49.244995,7.50761
169407,Ebersdorf(b Coburg),50.22427,11.064643
169411,Hof-Neuhof,50.321537,11.904711
169555,Schirnding,50.0773,12.228749
169613,Lang Göns,50.49692,8.667054
169674,Decin-Priper,50.78501,14.209291
169900,Salzburg Aiglhof,47.807827,13.026729
169904,Bad Wimpfen,49.229744,9.167297
169941,Mimberg,49.352867,11.274054
170005,Vormwald,50.98042,8.143094
170013,Petergrube,51.0984,12.503348
170047,Eschwege-Niederhone,51.196293,10.008073
170159,Freden(Leine),51.927788,9.899006
170164,Chrastava-Andelska Hora,50.79678,14.957803
170207,Speikern,49.52864,11.336992
170340,Hannover-Leinhausen,52.396854,9.6763
170369,Leipzig Grünauer Allee,51.320904,12.303006
170516,Jänschwalde Ost,51.877403,14.539839
170595,Müllrose,52.24178,14.434154
170622,Rintheim Sinsheimer Straße,49.020725,8.444658
170639,"Pfaffenhain, Bahnhof",50.750015,12.822903
170694,Karlsruhe Kronenplatz (U),49.009285,8.410899
170888,Neustadt-Böbig,49.354244,8.158313
170954,Lichtenfels,50.146454,11.059472
171006,Wernigerode Wd_Wdt 001 P1,51.83808,10.78565
171016,Burgkirchen,48.16691,12.727783
171137,Strasbourg,48.58534,7.734067
171188,Saasen,50.59408,8.881774
171217,Köndringen,48.13746,7.802925
171236,Breitenbrunn(Erzg),50.47708,12.746053
171291,Krölpa-Ranis,50.67706,11.543418
171295,Gambsheim,48.694973,7.879199
171299,Vratislavice n.Nisou,50.740143,15.093466
171337,Flomersheim,49.513958,8.333801
171414,Burladingen West,48.29227,9.099292
171433,Klein Bünzow,53.925068,13.620311
171439,Zdislava,50.77016,14.876865
171467,Doberlug-Kirchhain,51.620533,13.564268
171468,Kurort Kipsdorf Bahnhof,50.80571,13.676446
171570,St Ilgen-Sandhausen,49.341267,8.668715
171572,Handeloh,53.24169,9.844711
171578,Wellen(Magdeburg),52.13616,11.432138
171665,Eschede,52.74128,10.230844
171735,Immelborn,50.79327,10.280478
171776,Sarreguemines,49.107258,7.067878
171784,Bopfingen,48.855152,10.351707
171831,Caputh Schwielowsee,52.341007,12.980441
171862,Calw-Heumaden,48.709305,8.762145
171892,Leipzig Olbrichtstraße,51.36989,12.3535
171896,Seefeld-Hechendorf,48.04137,11.19873
171948,"Kolpingplatz, Karlsruhe",48.99765,8.39377
171981,Laudenbach(Bergstr),49.612076,8.644539
171987,Berlin Südkreuz (FlixTrain),52.475685,13.365562
172048,Vilemov u Sluknova,50.99216,14.321317
172352,Ampfing,48.25395,12.410919
172424,Aichach,48.461117,11.122721
172494,Mannheim-Seckenheim,49.451263,8.53844
172495,Klingenbrunn,48.9447,13.33618
172583,Hamburg-Harburg(S),53.45696,9.991454
172587,Wernigerode Wdh_Sr 006 P6,51.81768,10.7262
172739,Frankfurt-Zeilsheim,50.090122,8.506011
172790,Wilhelmshorst,52.331833,13.068156
172841,Bünde(Westf),52.202076,8.573876
172873,Mendig,50.36966,7.291007
172888,Bad Muskau,51.53785,14.722831
172944,"Bahnhof, Großräschen",51.59148,14.014854
172985,Velbert-Nierenhof,51.372375,7.134154
173021,Riedau,48.30447,13.626719
173056,Mühlhausen(Thür),51.209194,10.474041
173160,Netzeband,52.995544,12.628078
173487,Grimmenthal,50.53295,10.450512
173525,Dettingen(Main),50.042557,9.036807
173534,Rodalben,49.23895,7.632768
173540,Passow(Meckl),53.50802,12.053749
173552,Svihov u Klatov,49.473938,13.290741
173577,Beilrode,51.571007,13.064935
173584,"Dittersdorf, Bahnhof",50.751553,12.978931
173663,Schladen(Harz),52.022366,10.550134
173709,Landsberg(b. Halle/Saale) Süd,51.504395,12.172315
173711,Jiretin p.Bukovou,50.756966,15.263877
173757,Buchholz(Nordheide),53.324684,9.876266
173800,Wörgl Hbf,47.4918,12.060581
173929,S Pankow-Heinersdorf,52.578037,13.429576
173961,Trnovany u Litomeric,50.54327,14.176125
173977,Tinglev st,54.936172,9.258234
174059,Etzenbach,47.86677,7.748889
174129,Forth,49.591698,11.221457
174241,Decin hl.n.,50.773193,14.200972
174280,Weddel(Braunschw),52.26912,10.623494
174378,Sontra,51.07215,9.930934
174432,Ebenhausen-Schäftlarn,47.978687,11.453608
174440,Wintermoor,53.18614,9.828536
174446,Gadebusch,53.705173,11.119425
174481,Bietigheim-Bissingen,48.947933,9.137557
174497,Weixdorf,51.15004,13.806676
174626,Achterwehr,54.314915,9.964024
174649,Trento,46.07229,11.1189
174727,Lubmin Personenbahnhof,54.1381,13.654161
174834,Starnberg Nord,48.005974,11.347386
174931,Backnang,48.942677,9.425989
174972,Mühlbach(Pirna),50.91412,13.818784
175289,Gräveneck,50.451904,8.250757
175333,Ehlershausen,52.52361,10.029596
175403,Freyburg(Unstrut),51.20908,11.767313
175416,Vachdorf,50.52934,10.538533
175451,Eppingen,49.136,8.914663
175586,Lörzenbach-Fahrenbach,49.63885,8.764628
175912,S Grünau,52.41248,13.574059
175982,Heilbronn Trappensee,49.14028,9.25257
176052,Rosbach v d Höhe,50.29834,8.700984
176105,Freital-Potschappel,51.013893,13.662552
176116,Unterföhring,48.19031,11.646772
176195,Schierstedt,51.75151,11.521356
176219,Winnweiler,49.57055,7.855955
176222,Althegnenberg,48.236374,11.063003
176363,Schmiedeberg Naundorf Hp,50.843975,13.667948
176498,Beetz-Sommerfeld,52.804363,13.021806
176608,Olomouc hl.n.,49.59313,17.277931
176610,Meerbusch-Osterath,51.269016,6.625981
176625,Hannover-Linden/Fischerhof,52.352634,9.723114
176702,Crailsheim,49.13787,10.064326
176848,Wernigerode Kn_Schr 002 P2,51.7665,10.69216
176858,Bleicherode Ost,51.4533,10.609188
176924,Forbach(fr),49.21409,6.944314
176969,Worms-Pfeddersheim,49.634632,8.279654
177083,Jarrenwisch,54.212082,8.962896
177368,Laubenheim(Nahe),49.9188,7.897215
177380,Bad Rotenfels Bf,48.815823,8.3031
177393,Klinikum Bremen-Nord/Beckedorf,53.185253,8.595206
177418,Altenburg,50.997196,12.443905
177424,Stapelburg,51.90028,10.671721
177554,München Harras,48.11775,11.536311
177577,Lenglern,51.58843,9.871195
177678,Pölling,49.28828,11.413685
177905,Neuss Am Kaiser,51.220352,6.697529
177956,Großlehna,51.304806,12.168818
177991,Einbeck-Salzderhelden,51.79817,9.922775
178119,Aachen Schanz,50.769863,6.07384
178145,Gokels,54.118755,9.470081
178186,Marbach(b Münsingen),48.383717,9.422304
178293,Kraslice,50.330353,12.50316
178417,Illertissen,48.222828,10.099942
178421,Karow(Meckl),53.54027,12.272265
178619,"Lößnitz, oberer Bahnhof",50.62482,12.748908
178625,Buggingen,47.855255,7.628161
178728,Eickendorf,51.946754,11.676879
178812,Sindorf,50.903706,6.681106
178822,Leipzig Slevogtstraße,51.372944,12.344416
178924,München Karlsplatz,48.139454,11.565619
179285,Nohen,49.63965,7.242085
179309,Zeutern Bf,49.17825,8.677521
179561,Fangschleuse,52.40681,13.823378
179669,Zotzenbach,49.609367,8.75322
179766,Bergheim(Erft),50.951706,6.646302
179779,"Händelstraße, Karlsruhe",49.01117,8.369559
179868,Horrem,50.91625,6.713497
179913,Thun,46.754852,7.629606
179944,S Erkner Bhf,52.42964,13.750917
180147,München-Allach,48.189934,11.468036
180173,Jilemnice,50.604362,15.513833
180176,Gotteszell,48.95813,12.983435
180189,Hausen(Eichsfeld),51.382523,10.379167
180205,Selb Stadt,50.174217,12.126305
180290,S+U Innsbrucker Platz,52.478176,13.341468
180320,Okarben,50.252663,8.75335
180404,Leutkirch,47.826168,10.015836
180450,Buddenhagen,54.00156,13.68228
180484,Umrathshausen Ort,47.80574,12.326966
180641,"Schillerstraße, Karlsruhe",49.01042,8.379853
180643,Bonn-Bad Godesberg,50.683926,7.159555
180653,Ventschow,53.78721,11.580016
180717,Elmenhorst,54.2102,13.074014
180968,Beutersitz,51.590202,13.359682
181000,Fritzlar,51.12522,9.282089
181009,Suhl,50.605145,10.682826
181029,Niederwiesa,50.862717,13.023218
181035,Wysoka Kamienska,53.82494,14.832578
181042,Hürth-Kalscheuren,50.87567,6.910223
181142,Limbach(Vogtl),50.58707,12.25315
181172,Bad Hofgastein,47.195343,13.100503
181224,Hannover-Ledeburg,52.408787,9.691117
181304,Kappelrodeck,48.593403,8.116094
181385,Alsfeld(Oberhess),50.75096,9.264297
181419,Hetzdorf(Flöhatal),50.840313,13.127695
181568,Nürnberg-Erlenstegen,49.47206,11.137293
181574,KA Tullastraße/Alter Schlachthof,49.007336,8.431542
181616,Mellingen(Thür),50.950092,11.394318
181659,Krupunder,53.61582,9.867762
181725,Teningen-Mundingen,48.128777,7.824408
181748,S Adlershof,52.43509,13.541183
181924,Breitungen(Werra),50.752476,10.32223
182097,S Halensee,52.49599,13.290502
182218,Kolomuty,50.406628,14.977979
182385,Uphusum,54.838593,8.862821
182531,Düsseldorf-Hellerhof,51.133038,6.908277
182570,Eggenfelden,48.403957,12.748669
182618,Heppenheim(Bergstr),49.641552,8.633379
182619,Dedensen-Gümmer,52.407047,9.521252
182644,Wildeck-Hönebach,50.935432,9.944241
182654,Großarmschlag,48.885723,13.375921
182730,Warnemünde Werft,54.16932,12.085638
182769,Wuppertal-Steinbeck,51.25068,7.14063
183276,Rotava,50.286823,12.53556
183352,"Auerbach(b Mosbach, Baden)",49.399563,9.223276
183413,Schnelldorf,49.194324,10.178483
183533,Süderbrarup,54.63741,9.770907
183553,Assenheim(Oberhess),50.30494,8.812462
183566,Ihringen,48.04041,7.648777
183601,Przeworsk,50.067215,22.503357
183679,Northeim(Han),51.70314,9.986618
183726,Hammerunterwiesenthal,50.44109,13.008722
183856,Elend Eld_Ab 014 P14,51.71971,10.67566
183955,Gurten OÖ,48.243244,13.335071
184000,Olbersdorf Oberdorf,50.871548,14.767724
184030,Füssen,47.57071,10.696789
184074,Breitendiel,49.691383,9.225052
184082,Nidderau-Eichen,50.255947,8.917491
184287,Salem,47.757793,9.297266
184316,Fasanenpark,48.079712,11.609378
184327,Trebbin,52.217697,13.230371
184511,Nürnberg-Steinbühl,49.442837,11.0682
184602,Wolfhagen,51.33147,9.178943
184658,Frankfurt-Eschersheim,50.1583,8.65521
184659,S Nöldnerplatz,52.50388,13.485281
184725,Legelshurst,48.55855,7.913549
184895,Halitplatz Ri. Hauptfriedhof,51.326874,9.500033
184919,Hesseln,52.068398,8.311956
184954,Hechingen,48.359646,8.968513
185071,S+U Pankow,52.566223,13.410354
185132,Poitiers,46.582237,0.33306
185145,Kaufbeuren,47.87543,10.629496
185166,Hrdonovice,50.49041,15.264353
185176,Herrsching,47.998848,11.170571
185262,Ohlstadt,47.63409,11.218066
185301,S Greifswalder Str.,52.54021,13.439227
185524,Riedstadt-Goddelau,49.83323,8.489187
185526,Neumarkt(Oberpf),49.27322,11.456987
185596,Belgershain,51.233948,12.542785
185651,Hedemünden,51.392162,9.762144
185758,Altdorf(b Nürnberg),49.389835,11.353673
185824,Zerkall,50.69244,6.453932
185870,Vellmar-Obervellmar Gl.1 Ri. Hümme,51.359894,9.452223
185926,Köln-Weiden West,50.9409,6.815137
185944,"Chemnitz, Schneeberger Str",50.794136,12.922409
186129,Rodheim v d Höhe,50.26783,8.695829
186199,Ponikla zastavka,50.66671,15.450942
186236,Welgesheim-Zotzenheim,49.878574,7.956653
186286,Kanina,50.415703,14.614853
186370,Bad Wörishofen,48.00571,10.597875
186372,Münchweiler(Alsenz),49.550606,7.887939
186433,Jüterbog,51.997406,13.054081
186520,Lauenbrück,53.19703,9.56371
186571,Stolberg(Rheinl)Gbf,50.797554,6.22488
186609,Diepholz,52.60477,8.380334
186699,Ubbedissen,51.988445,8.637579
186778,Attendorn,51.124645,7.908493
186792,Sondernach,48.36764,9.62044
186952,Karlsruhe Eckenerstraße,49.00576,8.350442
187046,Hervest-Dorsten,51.67191,6.974167
187230,Arnsberg-Neheim-Hüsten,51.438004,7.970066
187235,Rheinberg(Rheinl),51.54238,6.591944
187413,Kröpelin,54.069138,11.791573
187494,Potsdam Hbf,52.391666,13.066749
187544,Boisheim,51.274323,6.274591
187606,"Dreieich Buchschlag, Bahnhof Mast 05",50.02248,8.661155
187631,Hannover Flughafen,52.458725,9.699105
187786,Dreieich-Dreieichenhain,49.998466,8.708693
187900,"Einsiedel, August-Bebel-Platz",50.767162,12.974116
188018,Würzbach(Saar),49.244183,7.193441
188178,S Friedrichshagen,52.457424,13.623211
188180,Lingenfeld,49.252583,8.349523
188292,Liberec,50.76134,15.045613
188343,Münzesheim,49.12608,8.716007
188386,Tarvisio Boscoverde,46.506355,13.607212
188420,Calau(Nl),51.738014,13.979786
188425,Beelitz Stadt,52.239388,12.966848
188438,Johannisthal,52.446663,13.524141
188578,Nova Role,50.273415,12.780008
188622,Eschborn Süd,50.133564,8.578487
188697,Hallein,47.68517,13.099434
188785,Ropczyce,50.078583,21.582882
188835,Luckaitztal,51.684837,14.001785
188938,Rethen(Leine),52.28581,9.819496
189058,Borna(Leipzig),51.117928,12.486291
189073,Bottrop Hbf,51.50945,6.936684
189165,Gräfelfing,48.119774,11.425571
189168,Langen(Hess),49.99361,8.656787
189185,Rasnice,50.9389,15.151129
189188,S Savignyplatz,52.505196,13.319069
189251,Elend Drw_Eld 014 P14,51.7477,10.69388
189333,S Wartenberg,52.573074,13.50379
189356,Pulawy Miasto,51.426903,21.985098
189520,Gransee,53.00172,13.167739
189535,Oberdachstetten,49.41808,10.423118
189571,Libun zastavka,50.50011,15.300726
189628,Offingen,48.481846,10.376003
189725,Buldern,51.863052,7.370479
189762,"Chemnitz, Haltepunkt Borna",50.859802,12.894489
189861,Odenheim Bf,49.17902,8.746388
189895,Krippen Bahnhof,50.913166,14.160216
189986,Deuten,51.713085,6.97079
190136,Bad Dürkheim,49.460632,8.170701
190248,Meitingen,48.545998,10.84805
190252,St Alban,47.964134,11.105359
190265,Alsdorf Poststraße,50.855675,6.19705
190438,Jena West,50.923286,11.577848
190641,Hattorf,51.64622,10.235999
190663,Regis-Breitingen,51.08355,12.426039
190761,Wunsiedel-Holenbrunn,50.051113,12.033928
190820,Gütersloh Hbf,51.90694,8.385071
190844,KA Europaplatz (U),49.01007,8.393714
191106,Klosterfelde,52.791374,13.488131
191114,München-Englschalking,48.156914,11.648335
191196,Günzach,47.8196,10.439565
191302,Gransee,53.003235,13.169596
191403,Maichingen Nord,48.72738,8.979411
191510,Ilfeld Tf_Etm 002 P2,51.63185,10.81776
191590,Zerrenthin,53.49939,14.097895
191599,Wendlingen(Neckar),48.672962,9.373011
191665,Sassnitz,54.516285,13.637909
191667,S+U Lichtenberg Bhf,52.510303,13.497825
191742,Potsdam Pirschheide,52.373085,13.01155
191848,Schönwalde(Barnim),52.679794,13.432371
191916,Putzkau,51.103123,14.23577
192018,Wernigerode Drt_Drw 009 P9,51.78401,10.73563
192051,Fredenbeck,53.516827,9.397044
192072,Hochwang,48.389122,10.298007
192225,Herford,52.11961,8.663643
192291,Waibstadt,49.30094,8.919354
192390,Horni Rasnice,50.95191,15.197536
192477,Rinklingen,49.036667,8.673646
192622,Vicenza,45.5411,11.540777
192774,Wronki,52.704967,16.38615
192779,Stockach,47.85009,9.005731
192780,Karlstadt(Main),49.9629,9.768148
192818,Heilbronn Friedensplatz,49.14131,9.228776
192869,Vettweiß-Jakobwüllesheim,50.766705,6.565209
193073,Zwotental,50.36207,12.363835
193142,Mengersgereuth-Hämmern,50.39289,11.118299
193176,"Philippstraße, Karlsruhe",49.011463,8.364169
193200,Bensheim-Auerbach,49.701557,8.613366
193283,"Durlacher Tor/KIT-Campus Süd (U), Karlsruhe",49.00888,8.41735
193391,Ostrach Bahnhof,47.946587,9.379116
193411,Unterjesingen Sandäcker,48.523308,8.988261
193455,Litomerice mesto,50.532482,14.138833
193460,S+U Innsbrucker Platz,52.478073,13.341445
193536,Mayschoß,50.517235,7.020463
193689,Herchen,50.77127,7.521349
193794,Neunhofen,50.724346,11.71444
193861,Ubstadt Salzbrunnenstr,49.15519,8.633025
193916,Karlsruhe Philippstraße,49.011387,8.364878
193974,Frankfurt(Oder)(Gr),52.321175,14.576403
193993,Winterberg(Westf),51.198586,8.532408
194153,S Strausberg Nord,52.59028,13.908549
194177,Celle,52.620457,10.062468
194264,Mimon,50.657974,14.71462
194272,S Raoul-Wallenberg-Str.,52.55078,13.547532
194522,"Marktplatz (Kaiserstraße U), Karlsruhe",49.009586,8.402958
194955,Eisenhüttenstadt,52.148563,14.658408
194972,Falkenau(Sachs)Süd,50.84935,13.110263
195062,Wernigerode Wdh_Sr 005 P5,51.81823,10.72905
195188,Stuttgart-Obertürkheim,48.762012,9.267889
195212,Ehr,50.17572,7.571324
195304,Weil am Rhein Ost,47.59063,7.63478
195326,Obernau,49.934536,9.136088
195461,Freudenberg-Kirschfurt,49.743755,9.317981
195713,Dettelbach Bahnhof,49.788147,10.090359
195785,Mainz-Marienborn,49.960163,8.222902
195788,Stommeln,51.018093,6.752466
195860,Münstertal(Schwarzwald),47.855076,7.781217
195875,S+U Tempelhof,52.47092,13.384416
195939,Leer(Ostfriesl),53.23165,7.465283
196063,Halle(Westf) OWL-Arena,52.06164,8.343797
196070,Ibbenbüren-Laggenbeck,52.26486,7.780962
196071,Weßling(Oberbay),48.077374,11.251768
196087,Roitzsch(Bitterf),51.570656,12.263188
196095,"Rüppurrer Tor, Karlsruhe",49.00518,8.4104
196298,Reicholzheim,49.728516,9.527543
196389,Wusterhausen(Dosse),52.8893,12.45608
196396,Karlshagen,54.116756,13.83143
196469,Brandenburg Altstadt,52.412148,12.530161
196564,Lorsbach,50.11489,8.422853
196568,Bad Windsheim,49.5066,10.412942
196574,Ettenhausen,50.87456,10.232251
196701,Ashausen,53.368694,10.145564
196709,Mesice u Prahy,50.20397,14.513631
196769,Ruschberg,49.622845,7.287455
196782,Sinn,50.649773,8.325126
196903,Neckarsulm Süd,49.18033,9.220743
197044,Bebra,50.969566,9.797788
197055,Diemeringen,48.940617,7.184837
197076,Gießenbach in Tirol,47.374382,11.236703
197100,Hamburg Landwehr,53.5612,10.038021
197150,Mühlheim(b Tuttlingen),48.029213,8.885643
197248,Chemnitz-Friedrichstraße,50.772877,12.919328
197338,Sehnde,52.318073,9.962528
197340,Wolfen(Bitterfeld),51.66116,12.279563
197355,Stuttgart-Untertürkheim,48.77975,9.250569
197411,"Neureut Bärenweg, Karlsruhe",49.046993,8.378614
197571,Koblenz-Güls,50.34085,7.549005
197758,Mühlen(Oldb),52.619694,8.208512
197774,Kraftsdorf,50.878075,11.930855
198135,Bad Schönborn Süd,49.2,8.641924
198163,Zyrardow,52.052116,20.448338
198210,Hasselborn,50.406593,8.495336
198351,Dresden Grenzstraße,51.1283,13.777737
198361,Karlsruhe Marktplatz (Pyramide U),49.00874,8.40376
198366,Dortmund-Aplerbeck,51.49015,7.553189
198482,Massy TGV,48.72584,2.261344
198501,Eberswalde Hbf,52.833714,13.796967
198519,Wiesenburg(Sachs),50.652706,12.566743
198576,Nejdek-Sejfy,50.349415,12.751223
198639,Mainz-Bischofsheim,49.993225,8.3575
198685,Aachen Süd(Gr),50.731915,6.04541
198741,Benneckenstein Bek_Klb 013 P13,51.66254,10.75424
198789,Brettorf,52.96713,8.44697
198882,Hamburg-Sternschanze,53.56372,9.967204
198906,Sophienhof Sophienhof Gleis 1,51.64113,10.78972
198936,Mannheim Hbf,49.479355,8.468921
199099,Bellenberg,48.254646,10.09039
199150,Zelena Lhota,49.249237,13.178999
199152,Weetzen,52.29835,9.635376
199215,Mladejov v Cechach,50.480995,15.226345
199233,Berlin Gesundbrunnen,52.548485,13.390691
199248,Köfering,48.931717,12.20875
199270,Aachen West,50.78036,6.070715
199331,Gotha,50.93907,10.712568
199363,Landau(Pfalz)West,49.195747,8.107052
199377,Nürnberg-Dürrenhof,49.44804,11.09753
199478,Gries im Pinzgau,47.28804,12.890462
199519,Balingen(Württ),48.27847,8.850307
199649,Melsungen-Bartenwetzerbrücke Gl.1 Ri. Melsungen,51.13221,9.548665
199663,Zidani Most,46.085587,15.170323
199920,Untergrainau,47.481117,11.042821
199997,Maulbronn West,48.98367,8.781788
200108,Westheim(Westf),51.49459,8.910255
200117,Waltershausen,50.90073,10.563743
200164,Prestice-Zastavka,49.60082,13.299112
200182,Zossen,52.21882,13.438648
200416,Zittau Hp,50.89867,14.816982
200560,Löffingen,47.88333,8.34207
200593,Welkenraedt,50.65951,5.975023
200754,Cesena,44.145473,12.249513
200811,Quickborn,53.73113,9.904759
200900,Pillgram,52.336838,14.397825
200906,Taufkirchen,48.05155,11.609252
200986,Böckingen Sonnenbrunnen,49.140656,9.191198
200996,Quedlinburg,51.785267,11.153001
201368,Paffendorf,50.961693,6.606998
201479,Hedersdorf,49.569344,11.338705
201487,Cattolica-SG Gabicce,43.959908,12.745024
201612,"Chemnitz, Altchemnitz",50.790974,12.926074
201806,Bötzingen Mühle,48.075554,7.727931
201864,Schwarzburg,50.642574,11.18066
201975,Karlsruhe Eckenerstraße,49.00632,8.351224
202023,Kilstett,48.679443,7.854966
202102,Roigheim,49.360832,9.341831
202258,Lustenau,47.45034,9.667113
202282,Böckingen West,49.1393,9.165441
202325,Lörrach-Stetten,47.601418,7.659032
202328,Reifland-Wünschendorf,50.739925,13.194703
202374,Moselkern,50.195484,7.371357
202596,Merseburg Hbf,51.356888,11.990551
202630,Zell-Romrod,50.727165,9.199797
202690,Nienburg(Saale),51.83795,11.761533
202788,Schierke Eckerloch Gleis 1,51.7845,10.61955
202793,Siegershausen,47.610916,9.16826
202801,Trier Hbf,49.756847,6.652453
202900,Friedewald(Kr Dresden) Bad,51.137947,13.662422
202910,Bad Aibling Kurpark,47.857616,12.013823
202982,Osterteich,51.720615,11.160691
203018,Mörsch Rheinaustraße,48.958244,8.294145
203216,Hademarschen,54.12281,9.414475
203218,Strausberg,52.532146,13.832481
203235,Fellbach,48.820297,9.270599
203360,Nemmenich,50.68805,6.681466
203498,Haselbrunn,47.74453,8.975309
203556,Welschen Ennest,51.04197,8.00361
203806,Rotenhain,50.60162,7.893375
203900,Herdecke,51.404804,7.432619
203978,Wernigerode Hbf,51.840195,10.788848
203997,Keitum,54.888813,8.368969
204012,Greppin,51.64536,12.297969
204015,Elend Drw_Eld 009 P9,51.75583,10.70236
204082,Leipzig Central Station (FlixTrain),51.345474,12.382064
204156,Geigant,49.323353,12.681424
204276,Weisenbach,48.72753,8.355263
204620,Jülich-Nord,50.928898,6.366587
204710,Meinerzhagen,51.108143,7.634116
204716,Hanau Hbf,50.120953,8.929
204806,Fröndenberg,51.471252,7.762198
204883,Bischweier,48.832153,8.277543
204909,Bramstedt(b Syke),52.871613,8.786024
205020,Bad Nauheim,50.367905,8.749334
205065,Vaihingen(Enz),48.948116,8.957632
205176,Friedrichshafen Ost,47.651707,9.502018
205185,Rottweil Saline,48.14871,8.645609
205209,Oberkotzau,50.266388,11.932204
205212,Traunreut,47.96507,12.589768
205401,Gerwisch,52.177586,11.742095
205459,Quelle-Kupferheide,51.994102,8.476397
205632,Hamburg Wandsbeker Chaussee,53.569733,10.059975
205693,Wilhelmshaven,53.518795,8.114901
205694,Lähn,47.41991,10.833844
205850,Gernsheim,49.753597,8.4902
205911,Gent St Pieters,51.035625,3.710609
206023,Bad Höhenstadt,48.494606,13.323195
206062,Wernigerode Eck_Gow 002 P2,51.77906,10.613
206247,Gdansk Wrzeszcz,54.38186,18.605434
206328,Bremen-Lesum,53.170715,8.686152
206599,Beverungen-Wehrden,51.709614,9.382552
206717,Meine,52.38135,10.535812
206750,Straßwalchen,47.971916,13.264822
206773,Zeesen,52.264862,13.635143
206884,Benneckenstein Bek_Klb 009 P9,51.66421,10.73796
206887,Büttgen,51.19721,6.605785
206923,Neu St Jürgen,53.255474,8.958919
206932,Dortmund-Huckarde,51.532623,7.402353
206934,Bergtheim,49.8993,10.076473
207345,Eilenburg,51.45185,12.637013
207368,Cervene Porici,49.495922,13.305024
207453,Forchheim Oberfeldstraße,48.969986,8.307557
207490,Kaltenkirchen(Holst),53.834415,9.966825
207555,Bad Ems,50.327652,7.728637
207619,Rieseby,54.54136,9.820489
207699,Quakenbrück,52.673943,7.947819
207705,Königstein(Taunus),50.17795,8.468855
207750,Zweibrücken-Rosengarten,49.25204,7.378441
207776,Konz Mitte,49.70024,6.573757
207779,"Sedlitz Ost Bahnhof, Senftenberg",51.55322,14.055165
207788,Weil am Rhein-Pfädlistraße,47.589016,7.626493
207962,Miltach,49.163963,12.7683
207969,Elend Drw_Eld 001 P1,51.76879,10.72328
208158,Dieskau,51.450596,12.050897
208465,Michelbach(Unterfr),50.099815,9.104496
208717,Oborniki Slaskie,51.298965,16.907549
208882,Schluchsee,47.816868,8.177126
209039,Owschlag,54.392593,9.590516
209104,Markkleeberg Mitte,51.28018,12.369742
209139,Narsdorf,51.00914,12.713023
209159,Gelsenkirchen-Hassel,51.61086,7.066571
209240,Posewald,54.368107,13.528412
209351,Legefeld,50.926907,11.288262
209413,Ostrach Bahnhof,47.94678,9.379193
209535,Annweiler-Sarnstall,49.208725,7.937192
209557,Radebeul S-Bahnhof Ost,51.09836,13.680327
209626,Wittingen,52.72729,10.723174
209682,Chomutov,50.45691,13.399315
209696,S Mexikoplatz,52.436783,13.233258
209860,Manebach,50.68029,10.862501
209990,Schoden-Ockfen,49.636375,6.58097
210059,Zgorzelec,51.140022,15.003544
210082,Olching,48.209995,11.335602
210127,Wloszczowa Polnoc,50.85811,19.947002
210131,Luckenau,51.093994,12.077902
210144,Geseke,51.64523,8.510292
210167,Gräfenstuhl-Klippmühle,51.60215,11.404247
210253,Kriftel,50.08228,8.475448
210272,Kubschütz,51.165726,14.509634
210428,Rendsburg,54.30226,9.671134
210487,Bad Wildbad Bf,48.75572,8.551089
210514,Bad Salzuflen,52.081627,8.740428
210680,Weiding,49.255722,12.776995
210681,Bochum-Dahlhausen,51.426357,7.140842
210746,Stubbenfelde,54.028072,14.033515
210768,"Bahnhof/A.-Bebel-Str., Brieselang",52.5828,13.000861
210789,"Ulzburg-Süd, Henstedt-Ulzburg",53.77346,9.972892
210804,Ilfeld Tiefenbachmühle Gleis 1,51.63646,10.81344
210912,Delmenhorst,53.05279,8.629758
210941,Ottendorf(Mittweida),50.935116,12.952856
210983,Wassertrüdingen,49.043793,10.607434
211056,Dresden-Zschachwitz,50.98965,13.84493
211264,Gallin,53.516598,12.129003
211357,Schmilka Hp Hirschmühle,50.889854,14.228604
211374,Boppard-Fleckertshöhe,50.197926,7.577889
211422,Bergenweiler,48.576298,10.272879
211547,S Sonnenallee,52.472954,13.455771
211557,Kurort Oberwiesenthal,50.421177,12.971981
211562,Singlis,51.058605,9.323773
211717,Dresden-Klotzsche,51.114666,13.78911
211848,Scharbeutz,54.01874,10.745762
211981,Tiebensee,54.219486,9.019229
212044,Obersdorf,52.536964,14.167862
212088,Marienhafe,53.519238,7.27436
212134,Ernsthausen,50.97959,8.731855
212211,"Knielingen Eggensteiner Straße, Karlsruhe",49.03328,8.33841
212290,Radebeul-Naundorf,51.110336,13.599101
212331,Lünern,51.54337,7.760771
212352,Sternfeld,53.824776,13.15042
212554,Hockeroda,50.59772,11.434282
212632,Koserow,54.045334,13.999275
212668,Scharfenstein,50.702827,13.056007
212715,Leipzig-Holzhausen,51.30604,12.461448
212812,S Zeuthen,52.34864,13.627388
212814,Coburg,50.262928,10.957328
212982,Lengenfeld(Vogtl),50.57312,12.373259
213097,Essen-Steele Ost,51.444202,7.088561
213103,Praha-Holesovice,50.110214,14.440013
213126,Eschweiler-St.Jöris,50.834827,6.201643
213228,Herbertingen Ort,48.05357,9.433397
213457,Neckarsulm,49.189,9.219788
213520,Tiefenau,51.39069,13.413904
213649,Selb-Plößberg(Gr),50.212486,12.173497
213682,Etzbach,50.781345,7.687565
213854,Düsseldorf-Oberbilk,51.208046,6.808678
213859,Obertsrot,48.745808,8.34753
214188,Groß Düngen,52.09773,10.020077
214314,Jinolice,50.478977,15.335158
214394,Bielefeld-Sennestadt,51.940582,8.567477
214604,Hamburg Friedrichsberg,53.57633,10.057433
214766,Minkovice,50.950775,15.029102
214922,"Augartenstraße, Karlsruhe",48.99879,8.40361
214981,Luh nad Svatavou,50.21771,12.588197
215015,Pöndorf,47.986736,13.355736
215039,Utrecht Centraal,52.089397,5.109861
215045,Bremen Turnerstraße,53.193237,8.545403
215139,Heilbronn Industrieplatz,49.15532,9.217886
215353,Ahrensfelde Friedhof,52.580524,13.573094
215418,Bönningstedt,53.663395,9.910243
215489,Pordenone,45.956356,12.653684
215589,Bad Bevensen,53.078247,10.574141
215804,Liederbach,50.118633,8.486363
215938,Oberzissen,50.455135,7.20031
215949,Ehrang Ort,49.80935,6.688324
215978,Sömmerda,51.164955,11.127584
216161,Salzburg Liefering,47.824184,13.000623
216238,"Kronenplatz (U), Karlsruhe",49.00931,8.41072
216424,Baierbrunn,48.01874,11.480027
216463,Ribnitz-Damgarten Ost,54.251015,12.487015
216484,Eggesin,53.681824,14.073046
216495,Brennero/Brenner,47.002342,11.505426
216662,Neuburg(Kammel),48.302853,10.365641
216692,Eppelsheim(Rheinhess),49.70006,8.162882
216697,Gertenbach,51.379875,9.804389
216711,Antwerpen Centraal,51.215813,4.421168
216836,Desna,50.753506,15.308936
216847,Bochum West,51.48146,7.211223
216849,Schmollensee,53.983482,14.076254
216902,Wickrath,51.13277,6.411505
216904,Wolfgang(Kr Hanau),50.123463,8.958101
216920,KA Tullastraße/Alter Schlachthof,49.00672,8.431291
217050,"Spandau Seegefelder Str., Berlin",52.534668,13.197191
217088,Bad Urach Ermstalklinik,48.494156,9.386901
217152,"Burkhardtsdorf, Bahnhof",50.733063,12.931868
217155,Villach Hbf,46.618614,13.848449
217169,Stolberg(Rheinl)Hbf Gl.27,50.7942,6.21887
217194,Paderborn Kasseler Tor,51.71616,8.76126
217203,Inowroclaw,52.804947,18.24406
217255,Rüsselsheim Opelwerk,49.988,8.400373
217275,Chrastava,50.81317,14.952283
217291,Rodenbach(b Hanau),50.14707,9.012153
217456,Goßmannsdorf,49.68496,10.025594
217510,Baunach,49.98909,10.854115
217735,Sellin(Rügen) Ost,54.371346,13.697662
217812,"Ittersbach Industrie, Karlsbad",48.884792,8.508898
217850,Gausbach,48.686752,8.362372
218018,Melsungen-Schwarzenberg Gl1 Ri Kassel,51.146595,9.561377
218020,Golzow(Oderbruch),52.56253,14.51181
218071,Dirmingen,49.415386,7.012377
218075,Senftenberg,51.527348,14.004216
218165,Hainstadt(Baden),49.543056,9.326884
218348,Borgholzhausen,52.085228,8.266579
218377,Kassel-Harleshausen Gl.2 Ri. Hümme,51.332066,9.452166
218395,Pößneck ob Bf,50.690292,11.588338
218521,Machnin,50.78743,14.9848
218525,Durlach Ostmarkstraße,48.992264,8.453605
218606,Neuhausen(Cottbus),51.6875,14.412112
218763,Neustadt(Weinstr)Hbf,49.349552,8.140757
218766,Gauselfingen,48.276176,9.163284
218917,Welkers,50.480995,9.722538
219090,Haltern am See,51.737667,7.184366
219155,München Siemenswerke,48.0945,11.532799
219254,Altenahr,50.51565,6.989707
219356,Köditz,50.328888,11.848109
219456,Helenesee,52.279778,14.479508
219492,Lübeck Hochschulstadtteil,53.83077,10.688946
219514,Oberndorf(Neckar),48.29567,8.575514
219601,"Wünsdorf-Waldstadt Bahnhof, Zossen",52.165623,13.468133
219727,Lichtentanne(Thür),50.524376,11.481606
220128,Düsseldorf-Rath,51.264126,6.821063
220318,Ringsheim/Europa-Park,48.248726,7.773037
220337,Hofgeismar Gl.1 Ri. Hümme,51.499428,9.395496
220390,S Lehnitz,52.74118,13.263457
220436,Schopfheim,47.64797,7.822674
220453,Raindorf,49.50426,10.84599
220521,Dortmund-Lütgendortmund Nord,51.508522,7.342401
220588,S Tiergarten,52.51442,13.336536
220955,Hamburg Reeperbahn,53.549667,9.957668
221026,Otting-Weilheim,48.88087,10.818935
221039,Stadtprozelten,49.783596,9.410979
221044,Stuttgart-Vaihingen,48.72628,9.113226
221206,Wasserburg(Günz),48.438377,10.269707
221340,Frankfurt-Höchst Farbwerke,50.098454,8.52832
221345,Kalenborn(Westerw),50.615536,7.312721
221411,Brohl,50.48143,7.332639
221529,Traunstein Klinikum,47.874557,12.633438
221553,Elsholz,52.204144,12.955081
221642,S Westend,52.51789,13.284394
221689,Kassel-Wilhelmshöhe Gl.7 Ri. Melsungen,51.311665,9.447681
221789,Bennewitz,51.355927,12.70843
221866,Obervogelgesang,50.9498,13.989919
221880,"Ostendstraße, Karlsruhe",49.005,8.41653
221976,Zwieselau,49.00676,13.276937
222120,Grafing Bahnhof,48.043224,11.940423
222236,Sechshelden,50.74897,8.252763
222298,Karlsruhe Rheinhafenstraße,49.00139,8.3449
222301,Vysoka Pec,50.34195,12.712069
222357,Stralsund Rügendamm,54.30532,13.107522
222399,Vandans,47.09872,9.868838
222425,Fallersleben,52.423496,10.717325
222711,Burbach(Kr Siegen),50.748966,8.077808
222731,Weißenohe,49.629288,11.249367
222935,Reinheim(Odenw),49.829807,8.835689
223063,Rothenstein(Saale),50.851147,11.609223
223212,Schwallungen,50.689384,10.346514
223320,Altranft,52.763367,14.082107
223390,Lüdenscheid-Brügge(Westf),51.20792,7.571086
223558,Filderstadt,48.676495,9.217709
223592,Stuttgart Neckarpark,48.792,9.241052
223613,Witzighausen,48.317444,10.097804
223735,Großgeschaidt,49.56503,11.172204
223829,Königstein(Sächs Schw),50.919445,14.078899
223947,Mörlenbach,49.597298,8.730987
223952,Hörsching,48.245556,14.185979
223960,Ispringen,48.91443,8.67222
224024,Neunkirch,47.68915,8.495384
224041,Hamburg Airport,53.63235,10.006646
224063,Frankfurt(M)Mühlberg,50.101913,8.700606
224086,Winnenden,48.87958,9.39229
224088,München-Giesing,48.1108,11.596346
224098,Esting,48.212196,11.317322
224310,Essen-Dellwig Ost,51.487602,6.927211
224602,Nordheim v. d. Rhön,50.47722,10.180723
224604,S Marienfelde,52.42428,13.374587
224715,Bad Holzhausen,52.289097,8.545854
224906,Crossen a d Elster,50.96573,11.984064
224908,Grafenau,48.856167,13.393327
224970,Feldhausen,51.614952,6.973216
225348,Paradies,51.623238,11.531679
225426,Hilpoltstein,49.188774,11.184146
225480,Zella-Mehlis West,50.65855,10.649535
225585,Hirschhorn(Neckar),49.44267,8.896055
225638,"Durlach Hubstraße, Karlsruhe",49.00725,8.47249
225840,Schwerin Mitte,53.62691,11.405334
225895,Dinkelscherben,48.342224,10.588002
226404,Schwerin Industriepark,53.575264,11.431516
226513,Peenemünde,54.138763,13.773084
226527,Hamburg Berliner Tor,53.55287,10.02463
226556,Bad Liebenzell,48.77258,8.734039
226690,Grünstadt Nord,49.573357,8.170781
226733,Oberweißbach-Deesbach,50.57924,11.135521
226750,S Sundgauer Str.,52.436375,13.273898
226798,Frankfurt(Main)Hbf,50.10668,8.662828
226934,Otzberg Lengfeld,49.839455,8.902737
226963,Ermatingen,47.67,9.085673
226966,Dortmund-Lütgendortmund,51.500736,7.334177
227074,Essen-Borbeck,51.473103,6.948461
227101,Hattert,50.676033,7.776343
227193,Daxlanden Dornröschenweg,48.993126,8.335566
227200,S Buch,52.635864,13.491579
227249,Rieseby Schleibrücke Süd,54.582386,9.8211
227298,Horni Kamenice,50.799427,14.436439
227329,Marienau,52.10495,9.57255
227348,Gerlenhofen,48.351334,10.037282
227395,Bayerisch Eisenstein,49.12147,13.208802
227586,Solingen-Schaberg,51.163204,7.128182
227703,Cochem(Mosel),50.15309,7.166738
227816,Essen-Steele,51.450684,7.075552
227827,Hochfilzen,47.467712,12.626525
228185,Annaberg-Buchholz unterer Bf,50.57926,12.998065
228272,S Buckower Chaussee,52.410534,13.382789
228376,Benneckenstein Kälberbruch Gleis 1,51.6583,10.76397
228441,"Weinweg, Karlsruhe",49.00444,8.44129
228523,Basel Bad Bf (FlixTrain),47.567795,7.606924
228603,Bad Berka,50.896137,11.28155
228630,Höfen(Enz) Bf,48.79856,8.58104
228651,Decin - Certova Voda,50.817047,14.221472
228682,Hesepe,52.43922,7.967599
228956,Monsheim,49.633667,8.208162
229128,Welver,51.616253,7.956653
229206,Radebeul Hp Lößnitzgrund,51.121384,13.653871
229403,S Blankenburg,52.591335,13.443411
229412,Decin vychod,50.77509,14.223134
229455,Tarnow,50.0054,20.97418
229539,Solingen Hbf,51.160767,7.004187
229617,Salzgitter-Thiede,52.180553,10.493609
229659,München-Solln,48.07992,11.526954
229692,Hugstetten,48.04825,7.783929
229717,Holländische Straße  (Ausstieg),51.339897,9.481062
229759,Haßmersheim,49.30403,9.154129
229763,Felsberg-Altenbrunslar,51.165226,9.445462
229913,Libosovice,50.486122,15.163535
229974,Nendingen(b Tuttlingen),48.009426,8.853908
230061,Oberlindhart,48.75541,12.217908
230082,Calmbach Süd,48.773396,8.566424
230324,"Kappeln, (Schlei)",54.65816,9.934556
230439,Wernigerode Kn_Schr 001 P1,51.76786,10.69288
230579,Doberschütz,51.492237,12.745785
230628,Hasloh,53.69457,9.919906
230635,"Ettlinger Tor/Staatstheater, Karlsruhe",49.00546,8.40243
230724,Riedlingen,48.149574,9.48498
230778,Hammelburg,50.12004,9.882966
230790,Nowa Sol,51.799683,15.708106
230929,Lentföhrden,53.876907,9.889835
230934,Benneckenstein Benneckenstein Gleis 2,51.673733,10.714885
231189,Brahlstorf,53.36442,10.951992
231248,Zandov,50.712124,14.389681
231274,Essen Stadtwald,51.42285,7.023296
231514,Oetrange,49.602608,6.25814
231627,Stadtilm,50.766956,11.070817
231850,Staré Krecany,50.94779,14.491694
231866,Elend Eld_Ab 007 P7,51.73439,10.67641
231882,Aglasterhausen,49.350098,8.990838
231935,Kratzeburg,53.427803,12.941627
231954,Bautzen,51.173096,14.428735
232025,Simtshausen,50.941727,8.704144
232100,"Bahnhof, Bad Liebenwerda",51.51822,13.403101
232189,Caputh-Geltow,52.35002,12.984185
232204,Tessin,54.032017,12.462614
232335,Gronsdorf,48.1184,11.698619
232367,Neuhof(Kr Fulda),50.45434,9.620322
232449,Coswig(b Dresden),51.12281,13.579414
232498,Villingen-Schwenningen Hammerstatt,48.060177,8.546922
232573,"Bahnhof, Lübben (Spreewald)",51.939842,13.877132
232585,Haren(Ems),52.785122,7.301428
232863,Leipzig Coppiplatz,51.367073,12.366024
232901,Camburg(Saale),51.050858,11.70468
232930,S Nordbahnhof,52.532375,13.38758
232969,Grünstädtel,50.530155,12.816782
232997,Lübberstedt,53.343357,8.785104
233073,Linz(Rhein),50.569336,7.276032
233171,"Neuwiesenreben, Ettlingen",48.95297,8.400317
233226,Brtniky,50.9516,14.43879
233255,Edling,48.05848,12.163234
233301,Buchenau(Oberbay),48.16028,11.224497
233399,Decin-Prostredni Zleb,50.792957,14.23002
233466,Lauterach,47.477413,9.724285
233471,Salzwedel,52.858112,11.162035
233509,Janovice nad Uhlavou,49.352524,13.203749
233635,Nürnberg-Dutzendteich,49.43707,11.117378
233752,Mehltheuer,50.54431,12.037091
233792,Jablonec n.N.dol.n.,50.726246,15.149162
233819,Kleinberghofen,48.354046,11.275478
234017,Heilbronn Hauptbahnhof/Willy-Brandt-Pl.,49.142593,9.208356
234102,Gangloffsömmern,51.19147,10.954856
234109,Bily Potok p.Smrkem,50.87603,15.20625
234130,Veringenstadt,48.18141,9.210822
234351,S Olympiastadion,52.511646,13.242649
234403,Hebertshausen,48.291107,11.455487
234404,S Ostkreuz Bhf,52.50328,13.46871
234456,Dolni Poustevna,50.98358,14.283438
234723,Gaggenau Mercedes-Benz Werk,48.79804,8.327476
234865,Oppenweiler(Württ),48.981518,9.462785
235031,Meßkirch,47.995277,9.116188
235067,Dallgow-Döberitz,52.543552,13.058831
235105,Zwickau Stadthalle,50.70392,12.498056
235268,Schifferstadt Süd,49.37448,8.376973
235317,Hauptfriedhof  Ri. Mombachstraße,51.33059,9.498513
235400,Kühnsdorf-Klopeiner See,46.62484,14.620893
235407,Langenhagen Pferdemarkt,52.450993,9.735882
235604,Leverkusen-Manfort,51.03106,7.015178
235706,Obercarsdorf Bahnhof,50.860744,13.665415
235712,Frenz,51.749195,11.898933
235795,Philippshagen,54.347664,13.707042
235968,Skalice u Ceske Lipy,50.7418,14.522291
236086,Falkenstein(Vogtl),50.479057,12.361094
236087,Oberlichtenau,50.90775,12.959231
236244,Hermaringen,48.594585,10.258331
236264,Müden(Mosel),50.18486,7.339393
236304,Waldhausen(b Geislingen),48.635307,9.907723
236371,Prien/Stock (Hafen),47.860844,12.365337
236407,Ebermannstadt,49.776802,11.186873
236472,Zschaitz,51.168743,13.15668
236488,Winkelhaid,49.392944,11.301035
236489,Kreuzlingen Hafen,47.649162,9.181982
236679,Leipzig Karlsruher Str,51.317238,12.279271
236696,Hauenstein Mitte,49.19917,7.849564
236709,Remscheid-Lüttringhausen,51.215324,7.242728
236785,Überlingen,47.7691,9.162853
236792,Stahe,50.9842,6.06139
236873,Friedland(Han),51.421562,9.914746
236883,Gräfenroda,50.758995,10.833276
236909,Echem,53.337006,10.537198
237004,Hamburg-Hörgensweg,53.617283,9.903627
237037,Sythen,51.77176,7.226526
237155,Plauen(Vogtl)West,50.49441,12.113439
237159,Planegg,48.105305,11.413556
237189,Mainz Römisches Theater,49.993465,8.277565
237247,S Hegermühle,52.548573,13.86654
237323,Germersheim Mitte/Rhein,49.219875,8.379305
237469,Katzhütte,50.561066,11.06111
237475,Schweich(DB),49.831062,6.740335
237486,Bad Sassendorf,51.58717,8.162439
237621,Trebovetice,50.327335,15.703764
237622,Dürrröhrsdorf,51.028137,14.00738
237676,Ingwiller,48.872643,7.476667
237892,Königsbach(Baden),48.962585,8.608931
238065,Budenheim,50.026836,8.174062
238125,Kasbach Brauerei Steffens,50.591965,7.259105
238156,Steinfeld(Oldb),52.592796,8.198151
238311,Lauterbach-Steinbach,51.175037,12.619387
238313,Heilbronn Sülmertor,49.151318,9.220431
238371,"Brilon-Stadt, Bahnhof",51.39905,8.5753
238417,Gnarrenburg,53.381237,9.008099
238426,Wilsenroth,50.531296,8.032535
238438,Schenkenzell,48.308426,8.371887
238491,S+U Frankfurter Allee,52.5154,13.47437
238554,Rehna,53.77426,11.049747
238584,Karlsruhe West,49.00216,8.362951
238591,"August-Bebel-Straße, Karlsruhe",49.023914,8.375667
238703,Fürth-Burgfarrnbach,49.49103,10.923627
238709,Amsterdam Centraal,52.37919,4.899431
238755,Hoffenheim,49.272038,8.838411
238779,Ploskovice,50.549824,14.205742
239032,Gera-Langenberg,50.91697,12.0472
239283,Heilbad Heiligenstadt,51.377316,10.124518
239310,Libun,50.49015,15.30307
239317,"Bahnhof, Ruhland",51.455296,13.869945
239504,Pulsnitz,51.188164,14.013795
239520,Cerekvice nad Bystrici,50.325626,15.716646
239543,Grüna(Sachs)Hp,50.811417,12.798514
239828,Uffenheim,49.551266,10.242887
239830,Westbarthausen,52.096973,8.232642
239850,Lebach,49.408333,6.907231
239873,Obergrunstedt,50.955593,11.270746
240052,Ehlenbruch,51.98127,8.741243
240060,Greven,52.089947,7.599353
240062,Durlach Ostmarkstraße,48.99117,8.4525
240134,S Marzahn,52.54326,13.541126
240149,Wahrenholz,52.608,10.606954
240200,Kevelaer,51.58101,6.252227
240291,Chemnitz Kinderwaldstätte,50.884212,12.953568
240323,Nüziders,47.171078,9.793551
240594,Wulfen(Anh),51.81868,11.922141
240716,Rathaus/Fünffensterstraße  Ri. Ständeplatz,51.312477,9.490867
240764,Sprötze,53.30943,9.812245
240775,Gifhorn Stadt,52.479774,10.54294
240789,Varnsdorf Pivovar Kocour,50.91843,14.604352
240936,Plattling,48.779617,12.86394
240950,Friedrichshöhe,51.639626,10.937618
240979,Benneckenstein Benneckenstein Gleis 1,51.673645,10.714933
240980,Triebes,50.688046,12.023306
241039,Neuwirtshaus(Porscheplatz),48.833847,9.15196
241072,S Prenzlauer Allee,52.54486,13.425975
241086,Frankfurt(Oder)-Rosengarten,52.337944,14.473098
241177,Nauen,52.61252,12.88593
241179,S+U Yorckstr.,52.49134,13.372006
241257,Ahlbeck Ostseetherme,53.942593,14.17974
241280,Oberelchingen,48.447575,10.083024
241355,Blens,50.660248,6.486442
241516,"Vrchlabí, Bf",50.618675,15.622853
241664,Etzelwang,49.525524,11.586408
241730,"Bahnhof, Doberlug-Kirchhain",51.62053,13.564161
241760,Friesdorf,51.58946,11.302089
241836,Hrabacov (Bahnhof),50.6232,15.501329
241886,"Chemnitz, Bahnhof Reichenhain",50.794926,12.936055
241993,Westerland(Sylt),54.906837,8.310925
242023,Kiebingen,48.47937,8.973745
242046,Ottenhöfen West,48.56787,8.142636
242258,Leichlingen,51.10752,7.005251
242294,Roggwil-Berg,47.48559,9.392023
242302,Hejnice,50.87959,15.184933
242381,Göttingen,51.536816,9.926072
242461,Großdeuben,51.232353,12.383193
242587,Dortmund-Westerfilde,51.548332,7.380213
242600,Paulinzella,50.701107,11.10596
242765,Peißen,51.500813,12.059642
242983,Gelindchen,50.998558,6.059102
243013,Neukirchen(b Sulzb),49.524326,11.61954
243386,Jaromer,50.34182,15.91043
243459,Schechen,47.92705,12.126724
243602,Güsen(b Genthin),52.334213,11.976476
243786,Stadtroda,50.868217,11.722792
243827,Desenice,49.277668,13.174638
243848,Dortmund-Aplerbeck Süd,51.484436,7.549982
243966,Chemnitz-Hilbersdorf,50.861935,12.953879
243977,"Neureut Adolf-Ehrmann-Bad, Karlsruhe",49.050827,8.385261
244056,Düren,50.809517,6.482451
244271,"Chemnitz, Schule Altchemnitz",50.799034,12.912932
244522,Rovereto,45.89096,11.033601
244628,Ilfeld,51.578964,10.789808
244784,Sulz-Röthis,47.29387,9.634743
244884,Marbach-Grafeneck,48.395855,9.431171
244907,Neuenrade,51.284775,7.79439
244982,Halver-Oberbrügge,51.191868,7.574042
245020,Honrath,50.910587,7.252882
245040,Vachendorf,47.826813,12.32188
245055,Binolen,51.371983,7.859433
245101,Kehl,48.576656,7.806556
245319,Bechstedt-Trippstein,50.659733,11.168153
245586,Zwota,50.35262,12.427735
245642,Bad Sulza,51.09477,11.634595
245704,Karlsruhe Hauptfriedhof,49.013653,8.430833
245802,Dillingen(Saar),49.35271,6.72215
245863,S Wilhelmsruh,52.581657,13.362192
245882,Eschenau(b Heilbronn),49.143784,9.402735
245885,Weißenburg(Bay),49.029675,10.96539
245944,Rokytnice nad Jizerou,50.71209,15.422834
245963,Kitzbühel Hahnenkamm,47.44339,12.389856
246071,Elfershausen-Trimberg,50.14048,9.969109
246083,Ostseebad Binz,54.40482,13.600507
246120,München Marienplatz,48.137047,11.575386
246151,Karlsruhe Marktplatz (Kaiserstraße U),49.00968,8.40264
246166,Ludersheim,49.392166,11.323856
246192,Rheinzabern Bf,49.119537,8.274166
246247,Bad Pyrmont,51.97423,9.272719
246448,Unterwiesenthal,50.42776,12.989118
246530,Trassenmoor,54.091045,13.86781
246610,Leonding,48.274017,14.253941
246626,Dortmund-Dorstfeld,51.509377,7.424864
246715,Thionville,49.33326,6.15176
246834,Haßfurt,50.03332,10.509998
247080,Wernigerode Drt_Drw 011 P11,51.77852,10.73323
247125,Rieneck,50.091663,9.664138
247200,Willsbach,49.14242,9.358868
247308,Frankfurt(M)Hauptwache,50.113926,8.678947
247457,Natrup-Hagen,52.20985,7.910752
247538,Albrechtshof,52.5493,13.129131
247621,Buchenau(Lahn),50.87061,8.601115
247629,Hoffnungsthal,50.91136,7.196513
247691,Brzeg,50.85297,17.471178
247848,Heimerdingen,48.851368,8.985515
247890,Friedberg Süd,50.32028,8.747646
247901,Prittitz,51.15841,11.937331
247911,S Köpenick,52.458652,13.581491
248090,Korenov zast.,50.762386,15.346917
248105,Linnich-Tetz,50.964214,6.322882
248164,Renningen Süd,48.762672,8.932027
248195,Geroldshausen,49.68735,9.90381
248262,S Wildau,52.31931,13.63384
248460,Bülach,47.52395,8.536209
248498,Falkensee,52.559788,13.089593
248510,Geisingen-Aulfingen,47.88641,8.661611
248642,Nimburg(Baden),48.105717,7.76014
248643,Freital-Deuben,50.99936,13.646432
248670,Mockrehna,51.505608,12.819504
248711,Mölln(Meckl),53.585938,13.084507
248734,Dorfen Bahnhof,48.267048,12.159686
248754,Lübbenau(Spreewald),51.862026,13.961095
248780,Wernigerode Sr_Drt 010 P10,51.80378,10.72691
248813,Miltern,52.563343,11.936624
248892,Röhrnbach,48.737053,13.526134
249115,Kirchen,50.806576,7.880509
249120,Mücke(Hess),50.6171,9.029035
249225,Lambsheim,49.511864,8.283476
249246,Buxtehude,53.47049,9.688314
249342,Wipperdorf,51.452957,10.661064
249546,Legnica,51.21385,16.168922
249591,Saulheim,49.873806,8.154249
249619,"Bahnhof, Kremmen",52.75333,13.04007
249799,Achim,53.01599,9.030447
249879,"Entenfang, Karlsruhe",49.01056,8.359129
249940,Pfungstadt,49.806225,8.607033
249958,"Vrchlabi, Podhuri Bf",50.600708,15.624766
249980,Niedersachswerfen Ilfelder Straße,51.560673,10.769898
250034,Gundelfingen(Bay),48.54878,10.377186
250039,Ammern,51.233345,10.458086
250128,Ovelgünne,52.141808,11.26943
250213,Stadt Wehlen(Sachs),50.953716,14.032242
250479,Zennern,51.11213,9.317278
250561,Mosbach(Baden),49.35256,9.143655
250599,Osnabrück Altstadt,52.280933,8.045902
250621,Essen-Überruhr,51.42854,7.068716
250924,Gollmitz(Niederlausitz),51.7051,13.888011
250974,S+U Berlin Hauptbahnhof,52.525146,13.369354
251007,KA Marktplatz (Kaiserstraße U),49.00971,8.401673
251052,Langenmoor,53.77244,9.663746
251090,Uder,51.367043,10.062149
251122,Undorf,49.02714,11.939138
251145,Wetterzeube,51.00835,12.012642
251163,Bretten Wannenweg,49.030464,8.709122
251198,Ruppertsgrün,50.575024,12.176392
251322,Schwieberdingen,48.870552,9.071197
251336,Dubicna,50.60998,14.359489
251380,Nassau(Erzgeb),50.7696,13.485766
251414,Wurlitz,50.253193,11.99001
251617,Barrien,52.94684,8.818506
251809,Hövelhof,51.82399,8.661685
251816,Wiesental,49.225456,8.50239
251839,Graben-Neudorf,49.161797,8.49063
251856,Oberderdingen-Flehingen,49.08397,8.775007
251890,Sorge,51.693413,10.697347
251947,Zahna,51.919968,12.781211
252124,Dobiegniew,52.968422,15.746908
252402,Oberschleißheim,48.257225,11.55783
252489,Troisdorf,50.813995,7.15041
252681,Göhrde,53.167747,10.851118
252799,"Schloss Gottesaue, Karlsruhe",49.00365,8.4274
252938,Düsseldorf Volksgarten,51.210136,6.791978
253063,Wernigerode Drw_Kn 010 P10,51.76653,10.70201
253164,Potsdam Park Sanssouci,52.394535,13.013671
253312,Klingenthal,50.357162,12.462677
253343,Burgweiler Bahnhof,47.923252,9.344626
253448,Merchweiler,49.35603,7.065547
253449,Zieverich,50.949276,6.62574
253452,Bibra,50.468758,10.444326
253470,S Tiergarten,52.51444,13.33642
253630,Dausenau,50.326866,7.758212
253642,Speyer Nord-West,49.33359,8.419263
253693,Legden,52.03493,7.088505
253994,Schwarzenfeld(Opf),49.39275,12.130636
254067,Oberaichen,48.705193,9.127335
254185,Jungnau,48.13916,9.213664
254288,Mühringen,48.419884,8.759939
254328,Ludwigshafen(Rh)Hbf,49.47653,8.433042
254435,Agathenburg,53.56411,9.531244
254453,Elend Drw_Eld 003 P3,51.76244,10.71906
254556,Boizenburg(Elbe),53.37806,10.754279
254588,Tisice,50.26768,14.557073
255168,Schweikershain,51.037792,12.955713
255218,Gensingen-Horrweiler,49.89826,7.938188
255220,Nürnberg Hbf,49.445618,11.082989
255341,Lodz Widzew,51.763092,19.544464
255505,Teisendorf,47.849396,12.834452
255523,Malchow Krebssee,53.49084,12.388926
255530,Essen-Horst,51.431213,7.102741
255569,S+U Friedrichstr. Bhf,52.520424,13.38635
255596,Verviers Central,50.58816,5.855
255765,Schladern(Sieg),50.807007,7.592264
255811,Torgelow,53.63462,14.008758
255888,"Bahnhof, Neupetershain",51.606445,14.16181
255909,Niederstotzingen,48.532604,10.23646
256006,Kraslice-Pod vlekem,50.340584,12.496783
256038,Varnsdorf (Bahnhof),50.903202,14.638605
256096,Hennef(Sieg),50.77333,7.284592
256300,Seeshaupt,47.822784,11.28703
256356,Großröhrsdorf,51.148518,14.01731
256466,Schwäbisch Hall,49.10821,9.733359
256534,Ilfeld Tf_Etm 001 P1,51.63405,10.81665
256783,Neuenrade-Küntrop,51.2934,7.814796
257032,Kork,48.57002,7.874797
257106,Wiltingen(Saar),49.66264,6.590462
257162,Elend Drw_Eld 002 P2,51.76636,10.72225
257167,Hofen(b Aalen),48.872692,10.114407
257313,Birresborn,50.17641,6.628884
257344,Bad Neustadt(Saale),50.32813,10.226134
257475,Spornitz,53.41235,11.710976
257505,Lübeck Hbf,53.867546,10.669821
257530,Dortmund-Huckarde Nord,51.53367,7.415095
257688,Vise(fr),50.758793,5.703064
257748,Maintal Ost,50.14234,8.836714
257808,Großhesselohe Isartalbf,48.071068,11.530945
257947,Oesede,52.20873,8.064317
258016,Willingen,51.293343,8.603635
258048,Escherndorf-Vogelsburg,49.86674,10.165791
258085,Melnik,50.353233,14.49182
258120,Raschau(Schwarzenb),50.533955,12.84174
258144,Wallersdorf,48.740643,12.743464
258150,Klosterbuch,51.157623,13.00406
258237,Oberrohn,50.84986,10.214108
258267,Lengede-Broistedt,52.19702,10.320695
258354,"Burkhardtsdorf, Mitte",50.732933,12.916148
258393,Litomerice horni nadrazi,50.541016,14.131631
258410,Stubersheim,48.593792,9.920377
258470,Dortmund-Bövinghausen,51.519035,7.327477
258553,Bötzingen,48.070175,7.721616
258558,Meckenbeuren,47.69976,9.558393
258569,Fürstenwalde(Spree),52.36709,14.059004
258594,"Europahalle/Europabad (Schleife), Karlsruhe",48.999874,8.377042
258616,Baunatal-Guntershausen Gl.2 Ri. Melsungen,51.230057,9.467179
258621,Mieszkowice,52.782093,14.485966
258860,Wernigerode Sr_Drt 004 P4,51.81161,10.73302
258958,Obertshausen(Kr Of),50.072227,8.853417
259053,Merten(Sieg),50.77048,7.385657
259089,Frankenstein(Pfalz),49.438866,7.969802
259100,Marchtrenk,48.201355,14.100024
259214,Bressanone/Brixen,46.709896,11.649764
259309,Plzen zast.,49.736794,13.374884
259473,Lörrach Hbf,47.6138,7.665303
259478,Leuthen(Cottbus),51.69435,14.255729
259491,Lunestedt,53.439083,8.735085
259552,Rieste,52.48472,8.010613
259727,Kirchenlamitz Ost,50.165497,11.985965
259767,Bernau(b Berlin),52.675426,13.591859
259787,Heinschenwalde,53.49873,8.972913
259849,Gdansk Oliwa,54.409893,18.571741
259862,Ibbenbüren,52.276867,7.721486
259989,Korntal,48.82644,9.121071
260007,Durlach Gritznerstraße,48.99918,8.463846
260106,Bad Soden(Taunus),50.14296,8.504426
260337,Lützow,53.655968,11.18043
260434,Nürtingen Roßdorf,48.608635,9.34565
260515,Obererbach,50.71991,7.659393
260648,Bad Rappenau,49.237766,9.101529
260687,Bietigheim(Baden),48.910587,8.258045
260737,Neckargemünd Altstadt,49.39239,8.802954
260825,Zahrady u Rumburka,50.933952,14.482993
260885,Wülknitz,51.369022,13.389256
261080,Lüblow(Meckl),53.418636,11.460084
261153,Stara Role,50.245796,12.835762
261238,Kirchheim(Unterfr),49.65675,9.857713
261314,Graal-Müritz,54.248775,12.245387
261320,Luhe,49.57992,12.139463
261423,Rottenacker,48.234844,9.694364
261514,Großkarolinenfeld,47.88883,12.084824
261625,Alvesta station,56.89848,14.556882
261629,Erla,50.519814,12.78694
261714,Lenggries,47.680393,11.573539
261885,Titisee,47.9034,8.155069
261931,Rorschach,47.478,9.505141
262006,Marksuhl,50.90835,10.224589
262028,Reken-Maria Veen,51.839268,7.098167
262056,Markersdorf-Taura,50.92682,12.854245
262249,Heudeber-Danstedt,51.90474,10.866495
262256,Mülheim(Ruhr)West,51.439655,6.871404
262393,Heinzenhausen,49.625595,7.607437
262403,S Schöneberg,52.47931,13.351781
262426,Hockenheim,49.317413,8.537385
262445,Altenerding,48.29357,11.901744
262476,Baruth(Mark),52.058765,13.511761
262517,Eutingen Nord,48.4847,8.7531
262587,Bad Hersfeld,50.869766,9.716581
262591,Blankenfelde(Teltow-Fläming),52.336903,13.41609
262608,S+U Potsdamer Platz Bhf,52.509636,13.376837
262661,Bretten,49.0369,8.693448
262744,Rheinhausen Ost,51.401875,6.724108
262977,Stralsund Hbf,54.30829,13.078022
262993,Gelsenkirchen Zoo,51.537685,7.111104
263003,Niederlahnstein,50.31639,7.599503
263037,S Schöneweide Bhf,52.45485,13.509917
263096,Schwaan,53.939186,12.117894
263181,Liège-Saint-Lambert,50.64648,5.570718
263233,Karlsruhe Durlacher Tor / KIT-Campus Süd,49.009113,8.417941
263446,Teting (Moselle),49.051712,6.663732
263448,Cottbus-Sandow,51.755177,14.353704
263487,Wernberg,49.538933,12.146226
263494,Maximiliansau-Im Rüsten,49.03488,8.279421
263586,Niebüll neg,54.78955,8.832959
263658,Döberitz,52.524334,12.368462
263688,Laudenbach am Main,49.742527,9.179126
263790,Naumburg(Saale)Ost,51.155525,11.823895
263810,S Springpfuhl,52.52707,13.536465
263910,Horni Poustevna,50.99691,14.300901
263978,Velden am Wörther See,46.620056,14.04472
264090,Schwerin-Margaretenhof,53.65855,11.360973
264166,Wieslensdorf,49.149796,9.422316
264286,Ebensfeld,50.06873,10.954725
264352,Bad Endorf,47.905067,12.301558
264555,Nordhausen,51.49292,10.789249
264638,Schwerte-Ergste,51.424706,7.577534
264697,Hodenhagen,52.766563,9.595056
264699,Wolfenbüttel,52.159126,10.532306
264715,Gronau(Westf)Gr,52.218296,6.97997
264730,Aachen-Rothe Erde,50.770203,6.116475
264732,Nürnberg-Gleißhammer,49.444458,11.111354
264769,Erzingen(Württ),48.25541,8.815709
264906,Loukov u Mnichova Hradiste,50.55875,15.056546
264930,Warendorf,51.950092,7.984464
264931,Unterlenningen,48.565315,9.460455
264950,Bensheim,49.681328,8.616717
265094,Gunzenhausen,49.120445,10.755463
265124,Smrzovka,50.740307,15.24415
265129,"Bahnhof, Hallstadt",49.929554,10.885452
265261,Marsberg,51.46289,8.854904
265300,S Charlottenburg Bhf,52.50499,13.304449
265516,Algermissen,52.251965,9.96666
265595,Lehrte,52.37672,9.974599
265616,Drahnsdorf,51.915752,13.581534
265694,Niebüll,54.789604,8.834572
265774,Eppingen West,49.132618,8.904556
265833,Niederau-Tuchmühle,50.764072,6.488009
265973,Ludwigsfelde-Struveshof,52.317123,13.232125
266095,Hamburg-Rothenburgsort,53.538475,10.043953
266193,Etzenrot,48.914207,8.457623
266225,Wertheim-Bestenheid,49.786182,9.499932
266250,Berthelsdorf(Erzgeb),50.87559,13.363608
266338,Krystofovo Udoli,50.771896,14.941277
266398,Schwarzenbach(Saale),50.220375,11.935887
266410,Alfter-Witterschlick,50.689697,7.026083
266414,Bad Sobernheim,49.78285,7.649816
266447,Bestensee,52.241615,13.635126
266477,Gernrode(Harz),51.729767,11.149083
266532,Bodelsberg,47.678112,10.411092
266680,Liberec-Horni Ruzodol,50.75351,15.033035
266753,Kirchhain(Bz Kassel),50.82378,8.921399
266785,Ostermünchen,47.942146,12.041588
267020,Eilsleben(b Magdeburg),52.150234,11.215212
267021,Konstanz-Wollmatingen,47.682453,9.147331
267057,Hauptbahnhof Gleis 5 Ri. DB,51.31823,9.48891
267084,Pleszew,51.89199,17.73284
267110,Lutherstadt Wittenberg-Labetz,51.871456,12.694192
267249,Gevelsberg Hbf,51.324398,7.33976
267289,Aufhausen(Württ),48.85613,10.317193
267410,Walddrehna,51.772648,13.617211
267530,"St. Gallen(CH), Bruggen",47.407204,9.329655
267617,"Chemnitz, Bernsbachplatz",50.824726,12.927287
267691,Rödermark-Urberach,49.975136,8.798159
267710,Bleibach,48.124092,8.004777
267795,"Frankenberg, Bahnhof",50.91123,13.043277
267901,Düren-Kuhbrücke,50.783314,6.486752
267959,Grötzingen Krappmühlenweg,49.005875,8.512436
268032,Burg(Magdeburg),52.274406,11.840356
268083,Altomünster,48.38492,11.255133
268101,Oertzenhof,53.51808,13.573119
268256,Mülheim-Kärlich,50.402615,7.50878
268486,Repov,50.406918,14.955566
268551,Neuruppin West,52.926327,12.794005
268642,Zehdenick-Neuhof,53.005707,13.34587
268683,"Neureut Welschneureuter Straße, Karlsruhe",49.044804,8.374724
268747,Göggingen(Baden),48.00817,9.198128
268774,Holthusen,53.555607,11.36526
268784,Plate(Meckl),53.553204,11.507024
268963,Hüfingen Mitte,47.928963,8.490065
269045,Mühlacker,48.953194,8.846101
269283,Bretten Kupferhälde,49.036987,8.723679
269408,Esslingen(Neckar),48.738544,9.300522
269496,Sechtem,50.79571,6.957454
269561,Germering-Unterpfaffenhofen,48.12887,11.364023
269724,Münster-Sarmsheim,49.947388,7.898033
269754,Balduinstein Bf,50.347378,7.96758
269802,Mettmann Stadtwald,51.25102,6.986951
269843,Langeln(Holst),53.791832,9.862105
269872,Heidelberg Hbf,49.40357,8.675442
269879,Schwabsberg,48.92519,10.138893
269991,Tulling,48.082867,12.060049
270022,Paderborn-Sennelager,51.77024,8.713704
270111,S Spindlersfeld,52.447136,13.561301
270217,Eppstein-Bremthal,50.14115,8.364353
270261,Bönen,51.598015,7.757296
270426,Dortmund-Kley,51.489468,7.365374
270544,"Chemnitz, Hbf Bahnhofstr",50.83824,12.929227
270600,Rumburk,50.95684,14.550814
270633,Altnau,47.62137,9.265918
270687,Decin hl.n.,50.773415,14.201247
270890,Walporzheim,50.532513,7.078478
270957,Hartershofen,49.416763,10.242238
270959,Bad Doberan Stadtmitte,54.10465,11.9021
270971,Warendorf-Einen-Müssingen,51.9614,7.894774
271058,Düsseldorf-Bilk,51.207993,6.775578
271083,Loitsch-Hohenleuben,50.73403,12.048284
271112,Zoblitz,51.123577,14.750741
271155,Gundelsheim(Neckar),49.282932,9.15787
271249,Heidenau-Großsedlitz,50.960823,13.894877
271603,Sörup,54.716663,9.669912
271736,Boppard-Hirzenach,50.175076,7.648436
271893,"Lambrecht, Bahnhof",49.373337,8.074714
271954,Hosena,51.45484,14.015144
272026,Bahnhof Wörlitz,51.837883,12.421554
272099,Holzheim(b Neuss),51.165653,6.664626
272167,Leszno,51.846405,16.565569
272235,Arnsdorf(Dresden),51.092808,13.982212
272241,Lhotka u Melnika,50.382072,14.541838
272286,Rüsselsheim,49.99164,8.413583
272315,Heidelberg-Weststadt/Südstadt,49.398323,8.688749
272374,Gumpenried-Asbach,49.07183,13.000993
272468,S+U Wittenau,52.597084,13.334298
272492,Senigallia,43.71623,13.221666
272532,Hp Waldersee,51.83651,12.270723
272553,Dürrnhaar,47.993954,11.736607
272661,Wiesbaden-Erbenheim,50.05506,8.2964
272685,Katusice,50.443035,14.776936
272690,Neubukow,54.03078,11.677763
272781,Biesenthal,52.755936,13.675252
272820,Lesce-Bled,46.360416,14.157971
272848,Hodkovice n.Mohelkou,50.66769,15.100069
272861,Bad Muskau,51.53791,14.72292
272921,Bremen Kreinsloger,53.18878,8.557846
272956,Weingarten(Baden),49.0591,8.521224
273030,Pilinkov,50.727333,15.035444
273070,Ruhland,51.455208,13.870102
273107,Grünberg(Oberhess),50.59659,8.959931
273249,Unterwellenborn,50.659252,11.435073
273384,Geilhausen,50.7715,7.638723
273412,Vejprty zastavka,50.46628,13.022604
273627,Dossow(Prign),53.120308,12.522354
273628,"Europaplatz, Karlsruhe",49.010094,8.393678
273689,Dippoldiswalde,50.891094,13.664603
273747,Hinterzarten,47.906277,8.106033
273754,Betzdorf(LUX),49.68889,6.348989
273769,Blankenheim(Wald),50.44187,6.593504
273810,Kitzbühel,47.45411,12.391045
273933,Auerstedt,51.100376,11.588905
274086,Dudweiler,49.277298,7.027351
274155,Chemnitz-Siegmar,50.81556,12.84251
274177,Breziny u Decina,50.761,14.243957
274275,S Griebnitzsee Bhf,52.394436,13.127622
274294,"Karlstor/Bundesgerichtshof, Karlsruhe",49.004436,8.394478
274489,Wil SG,47.462414,9.040993
274538,Leipzig Allee-Center,51.319157,12.291748
274548,Borken(Westf),51.848137,6.866589
274577,Cadolzburg,49.460648,10.863611
274693,Bönen-Nordbögge,51.615707,7.7422
274694,Mannenbach-Salenstein,47.67365,9.052804
274705,Zittau Süd,50.89024,14.814749
274747,Karlsruhe Hbf,48.993515,8.402181
274799,Sonneberg(Thür)Hbf,50.35508,11.168848
274846,S Gehrenseestr.,52.556473,13.524843
274935,S Südkreuz Bhf,52.476147,13.365282
274989,Genderkingen,48.69584,10.885159
275029,Bening,49.13819,6.828917
275250,Essen-Holthausen,51.41771,7.072649
275303,Müncheberg(Mark),52.524727,14.100332
275354,Bressoux,50.644505,5.612652
275398,Altach,47.352074,9.661128
275529,Heinebach,51.04574,9.664423
275561,Zwickau(Sachs)Hbf,50.71467,12.474716
275730,Göbelnrod,50.59763,8.921448
275750,Lipova u Sluknova,50.994648,14.358139
275824,Eygelshoven Markt,50.89607,6.057597
275852,Seiboldsdorf,47.85716,12.636777
275872,Seelow(Mark),52.538197,14.394413
276010,Sontheim-Brenz,48.559322,10.284863
276014,Hermentingen,48.200844,9.217467
276028,Gröditz(Riesa),51.41147,13.439542
276075,"Zwönitz, Bahnhof",50.632057,12.797633
276320,Jaderberg,53.34488,8.184538
276331,Reith b.Seefeld,47.300846,11.200652
276537,Au im Murgtal,48.71887,8.362349
276662,Bad Gastein,47.11178,13.131924
276740,Trasadingen,47.665237,8.436804
276976,Neugersdorf,50.986637,14.611635
277002,Schmiechen Albbahn,48.3649,9.715289
277046,Friedrichsfeld(Niederrhein),51.6216,6.651121
277057,"Eibsee Zugspitzbahn, Grainau",47.45573,10.995691
277059,Innsbruck Hötting,47.26077,11.374001
277118,Langweid(Lech),48.490448,10.847966
277185,Jülich,50.91853,6.368283
277190,Plauen(Vogtl)-Straßberg,50.480213,12.092312
277536,Lauenburg(Elbe),53.36963,10.567973
277537,Geisenhausen,48.47396,12.248327
277613,Bad Bramstedt,53.920593,9.890162
277625,Ceska Trebova,49.897324,16.446808
277781,Hähnlein-Alsbach,49.739624,8.606503
277822,Zittau Vorstadt,50.890366,14.79187
277913,Horb-Heiligenfeld,48.467796,8.660151
277930,Renchen,48.59266,8.007138
277988,Krensitz,51.490555,12.461339
278000,Heilbronn Technisches Schulzentrum,49.148666,9.22149
278043,Köln Frankfurter Straße,50.91522,7.051262
278056,Röthenbach(Allgäu),47.620617,9.953543
278264,Diessenhofen,47.685467,8.752299
278341,München-Karlsfeld,48.211178,11.459568
278417,Osterstedt,54.10222,9.575455
278451,Hirsau,48.73406,8.73679
278631,Boppard Süd,50.230198,7.595521
278841,Malching(Oberbay),48.21545,11.219064
278875,Kraghammer,51.109135,7.873762
278891,Rottendorf,49.792187,10.02908
278949,Diez,50.37013,8.01962
278990,Hannover Karl-Wiechert-Allee,52.374416,9.808116
279102,Rosenheim Aicherpark,47.85165,12.089467
279421,Huttenheim,49.197163,8.472636
279543,Kandel,49.07914,8.198025
279621,Bydgoszcz Glowna,53.135113,17.991636
279634,Ruthenbeck,53.545246,11.711168
279767,Wernigerode Drängetal Gleis 1,51.79815,10.72981
279827,Prösen Ost,51.42587,13.500819
279877,Dolni Polubny,50.76055,15.323148
280083,Jarocin,51.96912,17.494276
280141,Heinrich-Heine-Straße  Ri. Auestadion,51.30374,9.483898
280182,S Neuenhagen (b Berlin),52.52078,13.700395
280237,Sulmingen,48.151936,9.863192
280275,Uhlerborn,50.010674,8.142584
280332,Peiting Nord,47.801563,10.92667
280405,Freiburg (Breisgau) Central Station (FlixTrain),47.997013,7.840528
280498,Lörrach Schwarzwaldstraße,47.624424,7.672486
280505,Briesen(Mark),52.346424,14.281397
280535,Wehr(Mosel),49.586464,6.376822
280690,Lahr(Schwarzw),48.340958,7.835572
280882,Jänschwalde,51.866425,14.501409
281010,Osterwald,52.097343,9.636544
281032,Ebersberg(Oberbay),48.07497,11.970243
281063,Muggensturm,48.876667,8.273716
281138,Plau am See Bahnhof,53.460457,12.255952
281203,Altentreptow,53.692234,13.242713
281265,Magdeburg-Buckau,52.109203,11.63004
281277,S Wuhlheide,52.468594,13.554145
281307,Schwarzenberg(Erzg),50.54515,12.786833
281345,Ottendorf-Okrilla Nord,51.197067,13.835113
281398,Blankensee(Meckl),53.408173,13.262907
281412,"Kunersdorf (SPN) Bahnhof, Kolkwitz",51.768574,14.188666
281650,Ahlbeck Grenze,53.9224,14.215277
281765,Bad Münstereifel-Arloff,50.597675,6.786608
281893,Wülfrath-Aprath,51.267887,7.072023
281900,Mannheim-Neckarstadt,49.50363,8.459566
282215,Melchow,52.77487,13.694375
282342,Rechenberg,50.733932,13.559902
282349,Neustadt(Dosse),52.85291,12.450397
282403,Freihöls,49.40154,12.019355
282416,Prenzlau,53.32162,13.86654
282474,Wuppertal-Langerfeld,51.277866,7.242298
282584,Kassel Hbf,51.31826,9.489501
282625,Medenec zastavka,50.427284,13.107623
282665,Alttann,47.841213,9.793037
282739,Melsungen-Röhrenfurth Gl.1 Ri. Kassel,51.15439,9.548289
282795,Tübingen West,48.520046,9.038249
282851,Dessau-Alten,51.825542,12.19334
283158,Barabein,48.144733,9.826902
283509,Ascheberg(Holst),54.14846,10.339481
283534,Geisingen-Kirchen,47.905064,8.674345
283721,Bern,46.948833,7.439131
283736,S Westkreuz,52.501095,13.284364
283758,Schönefeld(bei Berlin),52.391064,13.51271
283884,Lieblos,50.206783,9.145968
284103,Lindau-Aeschach,47.55962,9.68466
284292,Niedererbach,50.425076,7.97687
284315,Obernburg-Elsenfeld,49.840736,9.154222
284355,Nohra(Weimar),50.969223,11.267304
284503,Reichenberg(Unterfr),49.73113,9.91289
284672,Ostrava-Svinov,49.82139,18.210234
284727,Rödermark-Ober Roden,49.97362,8.828961
284852,Breitenstein (Pfalz),49.344475,8.001977
284881,Schweinfurt Mitte,50.040173,10.228786
284900,Wahlstedt,53.961056,10.229866
284957,Rheine-Mesum,52.223133,7.485613
284982,Mala Skala,50.6341,15.19211
285048,Emsdetten,52.17675,7.531528
285193,Schmalkalden-Fachhochschule,50.716423,10.463487
285208,Münster-Hiltrup,51.904755,7.654281
285393,Ebing,50.001534,10.913846
285397,Maubach,48.926216,9.41954
285664,Lagerlechfeld,48.18295,10.844197
285720,S Heiligensee,52.62453,13.229471
285833,Kelkheim-Münster,50.124874,8.461687
285861,Sagehorn,53.08253,9.010018
285874,Wittenberge,53.00387,11.762465
285973,Großengottern,51.144505,10.556041
286063,Fischhausen-Neuhaus,47.70626,11.873281
286071,Ungedanken,51.124657,9.218971
286140,Nidda,50.411278,8.999197
286153,Rösrath-Stümpen,50.898666,7.15927
286329,Budapest-Keleti,47.50038,19.085072
286367,Langhagen,53.680935,12.425217
286376,Stade,53.59614,9.477008
286566,Nenzingen,47.841347,8.964728
286946,Asperg,48.90736,9.147797
286993,Smrzovka-Lucni,50.73504,15.249558
287096,Holzhausen(Kr Siegen),50.739323,8.135495
287213,Bretten-Ruit,49.00946,8.722058
287229,Densborn,50.123917,6.600406
287280,Karlsruhe Gottesauer Platz/BGV,49.007576,8.424553
287428,Woltwiesche,52.200752,10.278999
287432,Süderdeich,54.198185,8.911247
287449,S Strausberg Nord,52.590294,13.908476
287498,Saarmund,52.32359,13.138911
287671,Freienorla,50.77138,11.540139
287702,Katowice,50.257515,19.017164
287739,S Bornholmer Str.,52.554634,13.39808
287772,Nordhausen Ricarda-Huch-Straße,51.514545,10.780935
287839,Wendling b.Haag,48.2467,13.650305
287950,Bohumin,49.90073,18.359444
288167,Lauchheim,48.868885,10.236563
288237,Villmar,50.395653,8.187019
288370,Zirkelschacht,51.582844,11.526084
288374,Julbach,48.250896,12.958025
288431,S+U Zoologischer Garten Bhf,52.50707,13.331736
288448,Winterberg-Silbach,51.22367,8.481124
288510,Roßberg,47.864933,9.787137
288559,Wernigerode Bb_Eck 002 P2,51.77962,10.63963
288569,Biesenthal,52.75598,13.67514
288639,Nagold Stadtmitte,48.551273,8.728502
288715,Alzey Süd,49.738132,8.118732
288834,Serrig,49.577133,6.569981
288867,Frankleben,51.309563,11.937582
288871,Lovosice,50.50958,14.059479
289142,Jestrebi,50.61421,14.600157
289143,S Teltow Stadt,52.396942,13.276604
289227,Wallertheim,49.83265,8.049458
289286,Lancken,54.518032,13.607885
289357,Wissen(Sieg),50.78287,7.739814
289458,Spay,50.255543,7.645473
289462,Lampertheim,49.598213,8.478489
289465,Hopfgarten(Weimar),50.984226,11.221193
289508,Coburg-Beiersdorf,50.286503,10.930699
289583,Dresden-Kemnitz,51.073086,13.668919
289812,Stelle,53.3877,10.109023
289851,Neufahrn(b Freising),48.321636,11.661261
289994,Heitersheim,47.87986,7.646194
290162,Schaftlach,47.79547,11.684123
290187,Fladungen,50.51955,10.150691
290429,"Sonnenstraße, Düsseldorf",51.211987,6.791677
290535,Warszawa Zachodnia,52.21997,20.965246
290800,Herten(Westf)-Westerholt,51.60212,7.082378
290970,Markvartice,50.77209,14.345906
291047,Leingarten Mitte,49.14563,9.112802
291100,Radebeul Weißes Roß,51.1065,13.661633
291140,Salzgitter-Lebenstedt,52.151154,10.33249
291186,Holzgerlingen,48.636875,9.007228
291290,Benshausen,50.65701,10.602208
291381,Barleber See,52.21433,11.640852
291390,Mengersgereuth-Hämmern Ost,50.38947,11.127745
291409,Wien Meidling,48.174583,16.333736
291435,S Mehrower Allee,52.557793,13.553592
291473,Sedlitz Ost,51.55416,14.05599
291492,Hinrichssegen,47.874416,11.950658
291514,Herrlishöfen,48.13944,9.808465
291535,Mikulasovice stred,50.962357,14.357531
291712,Ebersbach(Sachs),51.00438,14.578802
291751,Heidesheim(Rheinhess),49.997025,8.111318
291759,Volpriehausen,51.66097,9.737822
291819,Jüchen,51.097115,6.500923
292126,Traundorf,47.83837,12.639879
292240,Speicher,49.929184,6.615911
292310,Piding,47.759544,12.91153
292320,Neuburg(Donau),48.72722,11.17837
292390,Neunkirchen(Saar)-Wellesweiler,49.34956,7.226787
292477,Friedewald(Kr Dresden)Hp,51.1313,13.651873
292553,Wolow,51.333015,16.633755
292678,Oberlinxweiler,49.450706,7.151116
292767,Kleinsteinbach,48.966743,8.5549
292771,Kaiserslautern Hbf,49.43586,7.768627
292834,"Albrechtshof Bahnhof, Berlin",52.549377,13.129182
292945,Bad Bodenteich,52.8351,10.672799
292953,Magdeburg-Sudenburg,52.120426,11.597136
292983,Alzey West,49.74098,8.107255
293048,Duisburg-Hochfeld Süd,51.409,6.753408
293053,"Chemnitz, Theaterplatz",50.837177,12.925616
293082,Lichtenstein(Sachs),50.757675,12.626412
293270,"Vehlefanz Bahnhof, Oberkrämer",52.72241,13.114686
293323,Seltendorf,50.386898,11.064095
293330,Blankenloch,49.06653,8.464729
293375,Saarmund,52.323753,13.138848
293462,Plotiste nad Labem,50.235416,15.792023
293555,Chlumec nad Cidlinou,50.163364,15.457634
293731,Horni Police,50.706135,14.40003
293777,S Lichterfelde West,52.443245,13.293649
293794,Dittigheim,49.607964,9.674912
293852,München-Westkreuz,48.149025,11.44394
293970,Neuhaus-Igelshieb,50.501053,11.146107
294005,Gau Algesheim,49.961433,8.016065
294038,Neumarkt-Kallham,48.271545,13.725044
294059,Scheven,50.55966,6.59227
294131,Wensickendorf,52.754974,13.386685
294140,Pittenhart,47.986763,12.376341
294141,Wien Westbahnhof,48.196754,16.337255
294189,Linz/Donau Hbf,48.290237,14.291864
294231,Hagebök,53.96126,11.614882
294242,Höhmühlbach,49.243893,7.526028
294347,Karlsruhe Entenfang,49.01056,8.358401
294453,Kuppenheim,48.83413,8.256112
294522,Tautenhain,51.09006,12.679108
294615,Benneckenstein Bek_Klb 001 P1,51.67399,10.71833
294634,Rzeszow Glowny,50.043114,22.006798
294641,Nordendorf,48.593433,10.837306
294745,Bachern,48.28016,11.378716
294755,Aue(Sachs),50.591682,12.698518
294903,Wildeck-Bosserode,50.945698,9.993002
294910,Dortmund-Barop,51.476955,7.431298
294911,Wyhlen,47.54633,7.690918
295064,Duisburg-Großenbaum,51.364773,6.77747
295118,Laudenbach(Württ),49.45542,9.9231
295213,Lörrach Museum/Burghof,47.607746,7.661175
295238,Forchheim(Oberfr),49.71707,11.069859
295272,Lauterbach Mole,54.34222,13.503118
295306,Wiener Straße  Ri. Hegelsbergstraße,51.33419,9.49458
295308,Eggolsheim,49.774487,11.037113
295310,Burhafe(Ostfriesl),53.606556,7.711074
295448,Hagenbach,49.01628,8.253223
295504,Holzkirchen,47.884384,11.697234
295506,Köln Trimbornstr,50.935856,6.996734
295694,Lublin,51.23124,22.568398
295719,Wernigerode-Hasserode,51.8201,10.743219
295991,Haldern(Rheinl),51.772556,6.455832
296025,Zabeltitz,51.348934,13.515694
296109,Aue-Wingeshausen,51.051785,8.290085
296275,Darmstadt Hbf,49.8725,8.629636
296308,Oranienburg,52.75406,13.249123
296322,Brohl(Brohltalbahn),50.480873,7.332053
296427,Kurort Jonsdorf Hst,50.862152,14.725668
296493,Moers,51.451145,6.641535
296692,Wiebelskirchen,49.371136,7.175665
296806,S Schöneweide Bhf,52.454742,13.50973
296839,Schkopau,51.388992,11.992098
296843,Roßbach(Pfalz),49.572113,7.623254
296948,Dlouhe Dvory,50.261703,15.725907
296966,Rinkerode,51.844383,7.689387
296981,Enschede,52.22256,6.890227
297055,S+U Hermannstr.,52.46769,13.431204
297091,Neuhausen Bad Bf,47.682613,8.612186
297202,Ktova,50.527958,15.247689
297315,Nove Hamry,50.356983,12.719386
297375,Rötgesbüttel,52.413525,10.523314
297408,Svatava,50.1906,12.624193
297413,Gablingen,48.463417,10.850752
297424,Offenburg (FlixTrain),48.47665,7.94672
297440,Steinebrunn(CH),47.531532,9.349859
297540,Am Stern  von Königsplatz,51.31765,9.500053
297682,Zillendorf,49.345478,12.67324
297869,Wernigerode Brm_Bro 004 P4,51.79715,10.6163
297885,S Strausberg Bhf,52.532204,13.833259
297927,Dreileben-Drackenstedt,52.143852,11.341559
298078,Immendingen Mitte,47.93711,8.735162
298202,Wildberg(Württ),48.62528,8.742947
298477,"Rheinsberger Tor Bahnhof, Neuruppin",52.92978,12.810332
298523,Ringleben-Gebesee,51.104095,10.957993
298569,Kleinschirma,50.90274,13.281757
298625,Ahrbrück,50.489677,6.972391
298796,Hausen (b Düren),50.652576,6.491212
298800,Hassel(Saar),49.263325,7.171309
298909,Eichstedt(Altm),52.67485,11.854895
299013,Mehrhoog,51.738964,6.51825
299022,S Babelsberg,52.391426,13.092776
299190,Muhr am See,49.15436,10.720493
299216,Bremervörde,53.482952,9.140251
299222,Heidelberg-Altstadt,49.415237,8.720887
299237,Pardubice centrum,50.031784,15.772548
299343,Telfs-Pfaffenhofen,47.30071,11.078869
299651,Porschdorf Bahnhof,50.943195,14.138611
299717,Eindhoven Centraal,51.44302,5.479576
300043,Gelnhausen,50.196342,9.189278
300047,Zehdenick(Mark),52.979187,13.317463
300060,Bela p.Bezdezem mesto,50.493294,14.787267
300068,Mörsch Rheinaustraße,48.95862,8.294432
300091,Champagne-Ardenne TGV,49.21439,3.994251
300141,Kehl(Gr),48.575645,7.801118
300168,Zellerthal,49.174934,12.865143
300297,Weilerswist-Derkum,50.704964,6.81683
300425,Schömberg(b Balingen),48.20638,8.758925
300493,Ceska Lipa-Holy vrch,50.682377,14.52265
300563,Buchen(Odenw),49.52353,9.327179
300670,Landsweiler-Reden,49.352245,7.119316
300699,Lampertswalde,51.308628,13.680854
300742,Schleife,51.53543,14.532101
300775,Salzburg Taxham Europark,47.81631,13.010388
300902,Frellstedt,52.21375,10.909994
300981,Herne,51.54365,7.21783
301286,Zizenhausen,47.879692,8.998967
301362,Friedrichstal Mitte,49.10453,8.475308
301460,Scheidemannplatz  Ri. Wilhelmsstraße,51.316032,9.492251
301533,Höxter-Lüchtringen,51.790928,9.427208
301721,Elsterberg-Kunstseidenwerk,50.605022,12.159798
301776,Zwickau-Schedewitz,50.70185,12.495009
301974,Bela p.Bezdezem,50.48834,14.835901
302042,Gondelsheim(Baden),49.059704,8.660281
302210,Appenweier,48.541462,7.97319
302257,"Knielingen Herweghstraße, Karlsruhe",49.03039,8.34123
302319,Möser,52.218983,11.78462
302393,Glaubitz(Riesa),51.317562,13.365435
302409,Hagen-Vorhalle,51.388226,7.433726
302452,Wernigerode Drt_Drw 001 P1,51.79711,10.72994
302554,Biblis,49.68888,8.450413
302556,Leutershausen-Wiedersbach,49.2949,10.4401
302566,S Karlshorst,52.480602,13.5271
302623,Nessonvaux,50.571964,5.742088
302639,Berlin Gesundbrunnen,52.54869,13.390501
302749,Zapfendorf,50.01829,10.929894
302839,Brezno u Mlada Boleslavi,50.413597,15.00553
303057,Hettingen(Hohenz),48.217365,9.229298
303071,Köln Steinstraße,50.895557,7.057173
303165,Velten(Mark),52.68489,13.172034
303174,Könitz(Thür),50.66011,11.487912
303187,Gendorf,48.179485,12.721098
303377,Martinlamitz,50.215527,11.950515
303565,Neumarkt am Wallersee,47.95532,13.225574
303577,Burgsinn,50.15032,9.656067
303606,Pirk,50.42753,12.076281
303653,Bingen(Rhein) Stadt,49.969746,7.902985
303659,Hufschlag,47.8756,12.664941
303672,Nufringen,48.620132,8.889825
303824,"Bahnhof, Finsterwalde",51.636917,13.710303
303892,Lauffen(Neckar),49.076515,9.146136
304034,Dolni Habartice,50.750233,14.335854
304054,Kostrzyn,52.591778,14.647988
304106,Röthenbach(Pegnitz),49.4794,11.231104
304500,Grafing Stadt,48.04722,11.962758
304549,Mörsch Narzissenstraße,48.965668,8.301772
304578,Brandenburg Hbf,52.400066,12.563807
304629,Bietingen,47.74402,8.738915
304684,Volkmarsen,51.407566,9.117226
304812,Volkach-Astheim,49.864346,10.217033
304858,Grötzingen Oberausstraße,49.00526,8.504049
304927,Obing,47.99878,12.403156
305128,Spich,50.82673,7.114916
305180,"Aue, Bahnhof",50.591892,12.698675
305241,Nagold,48.555286,8.72782
305378,Korntal,48.826416,9.121168
305510,Langen am Arlberg,47.13172,10.120375
305523,"Seegefeld Bahnhof Nord, Falkensee",52.552513,13.116914
305579,Lemgo,52.0224,8.894696
305586,Frickhofen,50.50491,8.030676
305629,Jablonec n.Jizerou,50.700394,15.435195
305686,Freilassing-Hofham,47.831196,12.968277
305824,Dortmund-Kurl,51.55698,7.585291
305836,Schweizerthal-Diethensdorf,50.93877,12.841327
305947,Ingolstadt Audi,48.790497,11.407456
306021,Kurzrickenbach Seepark,47.64308,9.196359
306029,Freising,48.395195,11.744539
306034,Bad Abbach,48.922733,11.994322
306141,Plön,54.159477,10.422562
306190,Ebern,50.094162,10.796719
306287,S+U Frankfurter Allee,52.515385,13.47428
306341,Aldingen(b Spaichingen),48.095844,8.713033
306358,Hartmannshof,49.49886,11.554562
306410,Blieskastel-Lautzkirchen,49.24919,7.258191
306414,Lottstetten,47.625725,8.56652
306448,Haltepunkt Adria,51.82124,12.314366
306464,Oberbimbach,50.57701,9.564232
306519,Interlaken West,46.68263,7.851453
306529,Langerwehe,50.81791,6.353467
306859,Feldberg-Bärental,47.871445,8.098294
307018,Tanvaldsky Spicak,50.760944,15.267542
307184,Hainersdorf Bf Amtshainersdorf,50.966274,14.232297
307192,Goldberg(Württ),48.69691,9.02043
307282,Münsterlingen-Scherzingen,47.633427,9.227012
307283,Weikersheim,49.478462,9.905718
307292,Brenk,50.43244,7.168888
307296,Emskirchen,49.55503,10.710412
307448,Lathen,52.86075,7.322574
307658,Neustadt(b Coburg),50.332813,11.121391
307659,Busenbach,48.92931,8.450563
307728,Scheidemannplatz RT  Ri. Lutherplatz,51.31615,9.492475
307772,Trier West,49.751778,6.623544
307950,München Leienfelsstr.,48.154537,11.428524
308192,Ilfeld Neanderklinik,51.584457,10.788006
308205,Dallau,49.388077,9.18755
308220,Besch,49.507042,6.372258
308489,Altmorschen,51.067276,9.610756
308491,Schweppenburg-Heilbrunnen,50.466038,7.309218
308535,Oberlichtenau,50.90778,12.959087
308614,Karlsruhe Mathystraße,49.001884,8.394244
308647,Dahlem(Eifel),50.385754,6.550382
308810,Bantzenheim,47.810986,7.503901
308813,"Wannsee Bahnhof (S), Berlin",52.421402,13.180358
308831,Krasny Les,50.93772,15.128546
308886,Friedberg(Augsburg),48.352043,10.982487
308897,Zürich Stadelhofen,47.36661,8.548489
309014,Vojtanov,50.16775,12.327484
309203,Verden(Aller),52.92082,9.237855
309223,Lette(Kr Coesfeld),51.892494,7.186998
309226,Walldorf(Hess),50.00134,8.580811
309250,Hamburg-Harburg Rathaus,53.460693,9.980463
309284,Interlaken Ost,46.6905,7.869
309397,Ahrweiler Markt,50.544228,7.094229
309422,Radolfzell,47.735874,8.968984
309479,Lorsch,49.659092,8.566262
309504,Götz,52.41115,12.725838
309542,Billerbeck,51.981342,7.297482
309879,Thermalbad Wiesenbad,50.619144,13.044958
309938,Wellmitz,52.064705,14.714886
309959,Prosselsheim,49.864517,10.123567
310080,Sophienhof Sh_Tf 002 P2,51.63891,10.81157
310093,Sevnica,46.009678,15.301231
310248,Wernigerode Gow_Brm 002 P2,51.79382,10.60617
310250,Heinrich-Heine-Straße  Ri. Am Weinberg,51.303932,9.484228
310585,Falkenhagen Gewerbepark Prignitz,53.213673,12.212642
310607,Leese-Stolzenau,52.509468,9.110127
310679,Klanxbüll,54.861996,8.676454
310743,Hradec Kralove hl.n.,50.21426,15.809864
310832,Durlach Auer Str./Dr. Schwabe,49.000526,8.463154
311029,Opoczno Poludnie,51.358517,20.231709
311091,Wernigerode Wdh_Sr 004 P4,51.82019,10.73395
311245,Elster(Elbe),51.832333,12.827705
311256,Siegen Hbf,50.87594,8.016508
311615,München-Johanneskirchen,48.167637,11.646058
311647,Warnemünde,54.176853,12.091271
311658,Erdweg,48.333744,11.303305
311677,Heidelberg-Pfaffengrund/Wieblingen,49.41193,8.64157
311686,Unna-Königsborn,51.55328,7.687808
311812,Hombourg-Haut,49.12636,6.775001
311877,Hannover-Bornum,52.350246,9.679538
311908,Wolfhagen Gl.4 Ri. Kassel,51.331306,9.179315
312183,Ruschwedel,53.446217,9.560046
312380,Bargteheide,53.7282,10.269104
312479,Vogelweh,49.438534,7.706011
312498,S Tegel,52.588123,13.289879
312505,Kravare v Cechach,50.628986,14.404647
312583,Donaueschingen Mitte/Siedlung,47.95254,8.488955
312682,Treuen,50.547935,12.301859
312739,Möhringen Rathaus,47.957237,8.763373
312754,Ronshausen,50.946014,9.854425
312903,Falkensee,52.559647,13.089505
313045,Neumünster Süd AKN,54.059814,9.983042
313110,Hagenow Land,53.41358,11.215695
313147,Hattingen(Ruhr),51.40091,7.169865
313242,Tapfheim,48.679207,10.694078
313364,Kalteneck,48.689384,13.453011
313376,Wörsdorf,50.24475,8.249323
313439,Steinach(Thür),50.432724,11.158644
313529,Bernburg (Saale) Sportforum (Parkeisenbahn),51.794823,11.721003
313575,Kuncice nad Labem,50.58384,15.622889
313578,Thyrow,52.24714,13.259913
313755,Scheppach,49.161644,9.434249
313845,Amersfoort Centraal,52.153465,5.373909
313858,Schmiedeberg (Dresden),50.833847,13.677506
314164,Pullach,48.05898,11.521848
314277,S Wilhelmshagen,52.438538,13.722166
314299,Kleingemünden,50.062992,9.687704
314380,"Mittweida, Bahnhof",50.987106,12.960066
314403,Kirchheim(Teck),48.644257,9.443927
314434,Gräfenhainichen,51.72473,12.460037
314481,Wiednitz,51.393166,14.039241
314574,Ittersbach Bahnhof,48.869156,8.511045
314709,Kaltenkirchen Süd,53.82359,9.973065
314854,Leipzig Hbf (tief),51.345695,12.380428
314874,Hannover Bismarckstr.,52.356457,9.769728
314975,Suchsdorf,54.349606,10.091264
314993,Jettingen,48.399124,10.445473
315115,Feucht-Moosbach,49.387913,11.260901
315524,Nordheim(Württ),49.109383,9.148811
315700,Lutherstadt Wittenberg-Piesteritz,51.87186,12.596775
315757,Buchloe,48.033722,10.716217
315767,Ried,50.459236,9.769765
315876,Wernigerode Wdt_Wdk 001 P1,51.83282,10.78058
315980,Eltersdorf,49.55207,10.99637
316184,Schwedt(Oder),53.0629,14.290721
316227,Teterow,53.768436,12.577966
316374,Dobrany,49.656544,13.303449
316403,Endingen am Kaiserstuhl,48.14425,7.701918
316457,Velbert-Langenberg,51.354763,7.122377
316537,Usti u Stare Paky,50.5161,15.457545
316610,Raguhn,51.70839,12.270894
316663,Am Weinberg  Ri. Rathaus,51.30761,9.488417
316795,Hergershausen,49.936802,8.916575
316814,Ringsted st,55.438038,11.786155
316898,Bonn Helmholtzstraße,50.721844,7.052615
317098,Harthaus,48.133503,11.387867
317175,Offenburg Kreisschulzentrum,48.459785,7.955192
317216,Seebrugg,47.803516,8.191115
317219,Apensen,53.441666,9.612345
317274,Klitschmar,51.508305,12.228895
317341,Wernigerode Wdh_Sr 008 P8,51.81646,10.72539
317439,Borovnicka,50.50004,15.658929
317508,Echterdingen,48.69215,9.169164
317623,Amerang,47.985836,12.306297
317649,Viersen,51.254948,6.403896
317650,Rorschach Hafen,47.47859,9.492923
317816,Hamburg Hbf (S-Bahn),53.55281,10.007921
317856,Bernterode,51.405464,10.479945
317950,Thyrow,52.247105,13.260025
317996,Sitzendorf-Unterweißbach,50.62731,11.155399
318079,S Friedrichshagen,52.45733,13.623213
318082,Kirchanschöring,47.953415,12.831517
318184,Benneckenstein Bek_Klb 011 P11,51.66199,10.74686
318188,Wallhausen(Württ),49.209152,10.063117
318269,Rheinfelden(Baden),47.556923,7.784209
318357,Potucky(Gr),50.432327,12.734638
318370,Malsch,48.889507,8.323585
318375,Mittenwald,47.44003,11.265705
318406,Grünsfeld,49.604935,9.745447
318419,S Blankenburg,52.591377,13.443308
318488,"Chemnitz, Haltepunkt Borna",50.85986,12.894543
318571,Oberbettingen-Hillesheim,50.28293,6.638337
318573,Jicin zastavka,50.450523,15.380945
318613,Oberoderwitz,50.966427,14.708464
318651,Affaltrach,49.137833,9.379012
318684,Auggen,47.789948,7.586788
318740,Stockheim(Unterfr),50.459953,10.271229
318743,Stauchitz,51.242912,13.21192
318775,Creidlitz,50.227173,10.982246
318813,Brig,46.319424,7.988095
318960,Rheinbach,50.62921,6.947513
318964,Jasnitz,53.38639,11.374058
318989,Salzgitter-Watenstedt,52.15017,10.407398
319263,Großfurra,51.398884,10.802815
319309,Oberboihingen,48.64816,9.364337
319520,Oberschefflenz,49.416924,9.27885
319556,Karlsruhe Entenfang,49.01054,8.359165
319652,Hagen Hbf,51.362747,7.460249
319701,Partenstein,50.03838,9.52399
319712,Schierke Goetheweg Gleis 1,51.78886,10.59336
319898,Dortmund-Somborn,51.49601,7.350084
319945,Calberlah,52.42756,10.624914
319985,Olsbrücken,49.53807,7.652759
320010,Durmersheim,48.928905,8.272631
320298,Hamm-Bockum-Hövel,51.704807,7.774547
320328,S Olympiastadion,52.51181,13.242568
320397,Donaueschingen,47.9479,8.498788
320432,Erndtebrück,50.991234,8.255317
320650,Solingen Mitte,51.16574,7.088716
320740,Nejdek-Tisova,50.341354,12.730079
320988,Steinheim(Main),50.12137,8.906852
321042,Dodendorf,52.04895,11.613086
321047,Schierke Schierke Gleis 2,51.765198,10.677749
321094,Muggensturm Badesee,48.879997,8.286613
321120,Willebadessen,51.621758,9.011652
321183,Hardegsen,51.65902,9.826032
321215,Schliengen,47.761597,7.568937
321307,Geestgottberg,52.95574,11.736957
321340,Walleshausen,48.15022,10.980995
321437,Kromlau Waldeisenbahn,51.532875,14.62787
321476,Nürnberg Ostring,49.45413,11.119935
321501,Velgast,54.277317,12.803137
321557,Peitz Ost,51.843952,14.449261
321565,Hamburg Diebsteich,53.56857,9.93426
321633,Brieselang,52.582394,13.001618
321732,Konstanz-Petershausen,47.673958,9.173884
321753,Wallau(Lahn),50.922897,8.47001
321810,Pasching,48.25693,14.208283
321941,Stambach,49.23917,7.456623
322014,Rummenohl,51.27781,7.528306
322021,Hamburg-Rissen,53.583218,9.757057
322173,Miesenbach,49.456367,7.548373
322205,Braunsbedra Pfännerhall,51.289967,11.902683
322252,Oelde,51.829113,8.142599
322318,Rehfeld(Falkenberg),51.579784,13.153774
322327,Alzey,49.7502,8.109749
322415,Seelze,52.391674,9.594314
322440,Saalfeld(Saale),50.650272,11.374583
322483,Harsefeld,53.45006,9.498657
322545,Lünen-Preußen,51.58815,7.539692
322572,Plettenberg,51.23193,7.868913
322652,Budapest-Kelenföld,47.464355,19.020456
322696,Roppenheim,48.85114,8.062155
322710,Amselgrund,50.934887,12.852745
323058,Mellenbach-Glasbach,50.60325,11.110281
323078,Bingen-Gaulsheim,49.96707,7.950983
323183,Hagenau im Innkreis,48.265076,13.113952
323192,Nünchritz,51.30265,13.39197
323248,Schwetzingen Nordstadt,49.394554,8.571464
323344,Neratovice,50.262684,14.51744
323390,Jena Paradies,50.924854,11.587461
323467,Laupheim West,48.231113,9.848251
323541,Bad Nenndorf,52.343735,9.378603
323679,Dlouha Lhota,50.4211,15.039379
323785,Telgte,51.981194,7.780876
323814,Bad Rodach,50.336987,10.778387
323855,Knöringen-Essingen,49.237488,8.148229
323934,Bad Malente-Gremsmühlen,54.167015,10.55151
324030,Lubin,51.39612,16.193586
324084,Großenaspe,53.980972,9.969829
324101,Niedergörsdorf,51.967907,12.978992
324131,Freinsheim,49.50149,8.205192
324366,Kreuztal-Littfeld,51.00719,7.987142
324406,Bavendorf,53.187473,10.629537
324422,Neustadt(Holst)Gbf,54.09623,10.795431
324876,Hamburg Billwerder-Moorfleet,53.51559,10.096658
324903,Beuron,48.04879,8.97189
325025,Lehndorf(Altenburg),50.937828,12.425806
325135,Treuenbrietzen,52.091892,12.853167
325215,Rosenheim Hochschule,47.866302,12.104178
325227,Selb Nord,50.178913,12.134605
325297,Haffkrug,54.054188,10.742682
325331,Bockenheim-Kindenheim,49.606953,8.188033
325335,Bad Blankenburg(Thüringerw),50.682648,11.275498
325402,Frankenstein(Sachs),50.90292,13.228467
325504,Britz,52.87269,13.820199
325509,Wildeck-Obersuhl,50.95062,10.026229
325635,S Beusselstr.,52.53445,13.329361
325717,Harras(Thür),50.41298,10.858072
325977,Jablonecke Paseky,50.73152,15.190907
326016,Glöwen,52.903496,12.083469
326024,Uhingen,48.708607,9.585528
326025,Lauterbach(Hess)Nord,50.643692,9.407491
326096,Arnstadt Hbf,50.841938,10.948262
326170,Vac,47.782726,19.13306
326240,Clausnitz,50.75584,13.4986
326272,Cernousy,51.008022,15.037492
326315,Elzach,48.171192,8.070891
326574,Zierenberg Gl.1 Ri. Wolfhagen,51.365097,9.304552
326690,Mansfeld(Südharz),51.600327,11.45209
326754,Frankfurt (Main) Süd (FlixTrain),50.099857,8.685935
326945,Hamburg-Neugraben,53.474144,9.852048
326990,Bad Rotenfels Weinbrennerstraße,48.81154,8.312085
327035,Benneckenstein Klb_Sh 007 P7,51.64155,10.78485
327059,Cossebaude,51.085045,13.632123
327231,Schönberg(Meckl),53.85351,10.927877
327261,Guxhagen,51.204323,9.482159
327401,Wasbek,54.07558,9.898016
327411,Altshausen Bahnhof,47.930527,9.551328
327441,Wernigerode Elmowerk,51.83879,10.769264
327775,Wieren,52.89259,10.655847
327858,S Schönholz,52.571407,13.381026
328031,Griefstedt,51.23053,11.136714
328063,Langenhagen Mitte,52.440277,9.725427
328090,Bokholt,53.786106,9.716843
328138,S Eichwalde,52.37129,13.615452
328170,Mußbach,49.37196,8.168529
328187,Ötztal,47.238483,10.859114
328307,Usch-Zendscheid,50.102657,6.602947
328321,Gottmadingen,47.737377,8.774841
328343,München Donnersbergerbrücke,48.142624,11.536537
328434,Neu-Isenburg,50.05305,8.665609
328458,Erlangen,49.59583,11.001638
328616,S Grünau,52.412518,13.574189
328655,Mainz-Kastel,50.00658,8.283174
328709,Opole Glowne,50.661514,17.925863
328760,Olovi,50.2539,12.559583
328886,Riegel-Malterdingen (SWEG),48.15204,7.770145
328958,Kummersdorf(Storkow),52.275063,13.874126
329129,Wolfsgefärth,50.81658,12.073457
329198,Erlau(Sachs),51.00863,12.943035
329225,Daufenbach,49.87597,6.639911
329280,Kiel Schulen am Langsee,54.307205,10.156965
329347,Friedrichsplatz  Ri. Königsplatz,51.314117,9.49542
329364,Dorfprozelten,49.779377,9.38216
329434,Markdorf(Baden),47.716656,9.38877
329505,Vellmar-Osterberg/EKZ Gl.2 Ri. Hümme,51.35422,9.460709
329537,Eckernförde,54.467686,9.835056
329711,Boxberg-Wölchingen,49.485596,9.640048
329731,Heidelsheim,49.10161,8.649483
329802,Görlitz-Rauschwalde,51.14908,14.93601
329820,Lohne(Oldb),52.665325,8.229292
329870,Libun,50.49015,15.303178
329894,Eggersdorf,51.975132,11.695948
329959,"Aue, Stadion",50.596745,12.708978
329966,Darmstadt Ost,49.874603,8.674023
330169,Sersheim,48.958916,9.018508
330173,Dahlenburg,53.169266,10.708804
330298,Klingenberg-Colmnitz,50.92597,13.501014
330429,"Flensburg, Flensburg",54.774227,9.436848
330456,S+U Rathaus Steglitz,52.45545,13.322332
330504,Barleben,52.208946,11.620875
330596,Gölshausen,49.044903,8.724715
330649,Freiburg-St Georgen,47.975494,7.803006
330938,Trutnov-Volanov,50.56096,15.887577
330989,Rohrenfeld,48.72131,11.258674
331068,Birkenfeld(Enz),48.873913,8.645278
331156,Hörschel Hp,51.007793,10.233271
331180,Nürnberg-Laufamholz,49.462948,11.168477
331306,Buchenhain,48.031254,11.497442
331346,Fürstenfeldbruck,48.171658,11.262148
331372,Malter Bahnhof,50.92354,13.654509
331485,Wernigerode Wernigerode Westerntor Gleis 1,51.83407,10.78028
331621,Duisburg-Buchholz,51.38292,6.775406
331675,Obernberg-Altheim,48.270103,13.25978
331749,Hammerau,47.795883,12.946134
331765,"Heilstätten Bahnhof, Beelitz (Mark)",52.26231,12.925821
331910,Kirchzarten,47.967937,7.959132
332141,Floßmühle,50.75876,13.181082
332213,Pommern(Mosel),50.169296,7.269607
332253,Fürstenberg(Havel),53.186916,13.139294
332440,"Eggenstein Schweriner Straße, Eggenstein-Leopoldsh",49.085724,8.402144
332444,Unna West,51.53898,7.676431
332707,Jesenice(Gr),46.48141,14.020333
332755,Stetten-Beinstein,48.811924,9.35245
332817,Zbaszynek,52.242508,15.818092
332890,Einöd(Saar),49.266663,7.321916
332933,Lügde,51.959293,9.25083
333020,Beckum-Neubeckum,51.80185,8.020974
333072,Plochingen,48.71308,9.41081
333158,St. Katharinental,47.687565,8.73204
333269,Orschweier,48.274193,7.790281
333502,S Grünau,52.412567,13.574282
333555,Halle (Saale) Central Station (FlixTrain),51.478527,11.987716
333669,Rémilly,49.01435,6.39514
333741,Wernigerode Wdh_Sr 001 P1,51.8202,10.74086
333783,Raunheim,50.009712,8.454604
333806,Flensburg,54.77404,9.436526
333922,Guthmannshausen,51.132366,11.365703
334189,Roma Tiburtina,41.91107,12.53146
334230,Stuttgart Hbf,48.78478,9.182757
334286,Kurort Jonsdorf,50.853855,14.70661
334359,Fuldatal-Ihringshausen,51.34859,9.52607
334437,Neuffen,48.55835,9.374082
334456,Forchheim Hauptstraße,48.975014,8.312435
334670,Potsdam Griebnitzsee,52.39416,13.127876
334790,Elxleben,51.043182,10.946788
335037,Stockholm Central,59.330013,18.05763
335087,Zirtow-Leussow,53.281036,12.88692
335155,Worms Hbf,49.63494,8.356448
335220,Baldham,48.099255,11.78678
335240,Krasna Lipa mesto,50.90727,14.512104
335290,Halle Wohnstadt Nord,51.517147,11.96481
335292,Pfullendorf Bf./Stadtgarten,47.92293,9.255432
335374,Parsberg,49.164356,11.723355
335388,S Bernau Bhf,52.6755,13.591803
335562,Mettlach,49.495476,6.598315
335711,Bad Niedernau,48.460766,8.896533
335773,Eddersheim,50.039494,8.456741
335817,Lehnheim,50.60671,8.992076
335853,Neustadt(Kr Marburg),50.85045,9.120643
335869,Serams,54.377975,13.582128
336084,Jesenice(SLO),46.436325,14.054913
336247,Bichlbach Almkopfbahn,47.42763,10.776707
336290,Hamminkeln-Dingden,51.770233,6.607872
336416,Herborn(Dillkr),50.684406,8.30814
336511,Klagenfurt Hbf,46.615604,14.313576
336688,Wesseln,52.081543,10.034206
336900,Mörsch Römerstraße,48.961864,8.297738
337535,Hamburg-Eidelstedt,53.595886,9.907097
337545,Bentwisch,54.11719,12.210506
337575,Rybniste,50.883076,14.509805
337692,Sobcice,50.37536,15.518693
337770,"Mühlburger Tor, Karlsruhe",49.01064,8.382773
337782,Bösperde,51.45894,7.774233
337789,Ottendorf (Mittweida),50.935192,12.952808
337800,"Knielinger Allee/Städt. Klinikum, Karlsruhe",49.0189,8.375281
337843,Neidenfels,49.3862,8.045236
337917,Pretzier(Altm),52.836437,11.26454
337961,Reichelsheim(Wett),50.360054,8.874641
338130,Oy-Mittelberg,47.646152,10.458131
338236,Salzburg Hbf,47.81305,13.04582
338286,Dettingen Lehen,48.529217,9.336896
338303,Siegen-Weidenau,50.895966,8.029842
338313,Ludwigsthal,49.0596,13.237815
338332,Niederlindhart,48.762512,12.237846
338373,Weil am Rhein,47.59361,7.60844
338405,Stammbach,50.154633,11.704894
338497,Mlyny,50.811428,14.498207
338598,Velky Senov zastavka,51.004704,14.393912
338599,Bergen(Oberbay),47.82527,12.592846
338660,Selb-Plößberg,50.18895,12.119884
338663,Düsseldorf Wehrhahn,51.228447,6.798173
338889,Cunnertswalde Hp,51.162453,13.705749
338952,Werne a d Lippe,51.66925,7.622934
338954,Moritzburg Bahnhof,51.15563,13.683354
338976,Swisttal-Odendorf,50.65116,6.879764
339024,Lukova,50.190002,15.486902
339053,Chur,46.853085,9.528938
339074,Schönwald(Oberfr),50.199055,12.096647
339080,Rathaus  von Friedrichsplatz,51.312138,9.491899
339169,Himmelpforten,53.623302,9.310465
339301,Vierenstraße,50.466904,12.967797
339336,Waghäusel,49.248184,8.508313
339350,Gstadt(Wanderbahn),49.064358,12.944043
339529,Marbach(Neckar),48.94371,9.264624
339610,Neustadt(Dosse),52.853195,12.450128
339786,Borgeln,51.598267,8.032033
339915,Huglfing,47.776737,11.140552
339967,Ibbenbüren-Esch,52.299747,7.655968
340091,Marbach West(Villingen-Schwenningen),48.031284,8.469154
340127,Essen-Hügel,51.40452,7.008821
340180,Novy Bor,50.76061,14.547291
340198,Potsdam Medienstadt Babelsberg,52.382496,13.12208
340218,S Hermsdorf,52.61729,13.307636
340293,Pleinfeld,49.10611,10.977166
340298,Mittelschmalkalden,50.717712,10.400055
340342,Röthenbach-Steinberg,49.483364,11.246167
340402,Koblenz Stadtmitte,50.35796,7.590024
340560,Schönborn(Doberl),51.60204,13.468882
340626,Hamburg-Heimfeld,53.46548,9.963187
340840,Antoninov,50.771576,15.249396
340912,S Hirschgarten,52.45795,13.603123
340929,Ochtmersleben,52.144444,11.381105
340947,Neustadt am Rübenberge,52.503326,9.455277
341016,Wernstein,48.507294,13.458429
341067,Grevenbroich,51.0937,6.580447
341219,Wohltorf,53.520588,10.278184
341226,Melsungen-Röhrenfurth Gl.2 Ri. Melsungen,51.154312,9.548405
341444,"Meinersdorf, Bahnhof",50.723003,12.88821
341612,Reutlingen West,48.492615,9.20185
341657,Fürth-Klinikum,49.482403,10.96756
341823,München Hbf (tief),48.14117,11.560493
341832,Brezina n.Jizerou,50.545635,15.036109
341840,S Prenzlauer Allee,52.544758,13.425865
341891,Bölzke,53.107445,12.269355
342106,Spittal-Millstätter See,46.795734,13.487544
342178,Krefeld-Linn,51.337303,6.629668
342195,Paderborn-Schloss Neuhaus,51.74938,8.720845
342207,Ückeritz,54.01392,14.049809
342251,Wiener Straße  Ri. Hauptfriedhof,51.333908,9.494904
342254,Dasing,48.386242,11.052165
342281,Ellzee,48.34214,10.338371
342354,Gersdorf(Görlitz),51.125214,14.85425
342472,Butoves,50.38811,15.424909
342568,Pansdorf,53.981033,10.703056
342631,Krystofovo Udoli,50.771996,14.941867
342677,Frose,51.793636,11.374843
342714,Marzling,48.4104,11.800108
342768,München Heimeranplatz,48.13296,11.5315
342774,Freital S-Bahnhof Hainsberg,50.98866,13.637531
342796,Sarovcova Lhota,50.407867,15.560977
342839,Roedekro st,55.069687,9.332754
343065,Bobenheim,49.58814,8.35032
343322,Plessa,51.471046,13.617929
343628,Dachwig,51.072437,10.849686
343750,Hannover Anderten-Misburg,52.36916,9.861109
343779,Tromsdorf,51.118496,11.481268
343812,Cidlina,50.500767,15.336479
344074,Hard-Fussach,47.47986,9.688131
344117,Neufahrn(Niederbay),48.729885,12.19046
344165,Bärenhecke-Johnsbach,50.827164,13.772021
344177,Rümikon AG,47.565384,8.373667
344376,Brügge(Prign),53.256023,12.228819
344565,Bärenstein(Annaberg),50.507603,13.029941
344678,"Bahnhof, Zossen",52.21911,13.438754
344680,Dreye,53.018425,8.871103
344684,Heringen(Helme),51.451496,10.875255
344783,Wesel-Blumenkamp,51.695217,6.613118
344831,Seegefeld,52.55245,13.116874
344911,Spaichingen,48.06899,8.740147
345001,Blumberg-Riedöschingen,47.85554,8.607543
345034,Leutenberg,50.56482,11.447858
345039,Seebad Heringsdorf,53.949394,14.170371
345288,Gilching-Argelsried,48.105675,11.299598
345354,Leipzig Nord,51.364162,12.40106
345358,Gauting,48.07066,11.376146
345411,Quendorf,52.338474,7.172055
345520,Ludwigshafen-Mundenheim,49.46157,8.421092
345565,Hamburg-Wellingsbüttel,53.641327,10.082825
345630,Rodgau-Rollwald,49.987984,8.846545
345674,Rinnthal,49.217075,7.927918
345679,Bad Aibling,47.862026,12.004157
345721,Zielona Gora Glowna,51.947437,15.513709
345847,Döllstädt,51.084885,10.813398
345849,Lauterach Unterfeld,47.480778,9.714746
345854,Westerburg,50.557644,7.966978
346027,Rüdnitz,52.71699,13.635631
346037,Burgheim,48.70105,11.026984
346059,Prosec n.Nisou,50.728195,15.115852
346060,"Tivoli, Karlsruhe",48.99669,8.41048
346090,Baitz,52.163914,12.683916
346421,Frankfurt-Berkersheim,50.176487,8.697827
346426,Osterhofen(Oberbay),47.687656,11.986881
346462,Äpfingen,48.152626,9.853409
346510,"Karlstor/Bundesgerichtshof, Karlsruhe",49.00549,8.39569
346512,Stary Sachov,50.72077,14.374922
346696,"Bahnhof, Herzberg (Elster)",51.67944,13.202801
346822,Dobova(Gr),45.890633,15.680238
346830,Bad Saarow-Pieskow,52.27101,14.070825
346890,Wernigerode Drei Annen Hohne Gleis 2,51.770374,10.727162
346926,Timmendorfer Strand,53.994213,10.76227
347038,Sellin(Rügen) West,54.375893,13.680913
347134,Oberndorf(Wittgenstein),50.95224,8.300167
347159,Mömbris-Strötzbach,50.07947,9.156228
347163,Jiretin pod Jedlovou,50.88303,14.581014
347192,"Europaplatz, Karlsruhe",49.00941,8.394891
347250,Ballstädt(Gotha),51.04075,10.707666
347257,Lambach Markt,48.09443,13.870318
347282,Höxter Rathaus,51.772606,9.381918
347327,Beuna(Geiseltal),51.32281,11.962762
347337,Wendisch Priborn,53.34117,12.265289
347551,Skierniewice,51.967182,20.149752
347702,Bufleben,50.99768,10.709057
347785,Bischofswiesen,47.65189,12.960141
347980,"Poststr. Bahnhof, Hennigsdorf",52.638535,13.205695
347981,Spechtritz Hp,50.9526,13.638968
348024,Cottbus-Merzdorf,51.769592,14.366853
348044,Krakow Plaszow,50.03509,19.974894
348284,Rawicz,51.608677,16.840118
348319,Tiefenbachmühle,51.636524,10.813465
348339,Elgersburg,50.706055,10.849905
348344,Altenglan,49.54864,7.461841
348452,Geising,50.7607,13.786064
348521,Wörnitzstein,48.731976,10.714478
348642,Schlüßlberg,48.223667,13.869182
348665,Dortmund-Derne,51.567715,7.528822
348892,"Bahnhof, Angermünde",53.015854,13.996267
348980,Faulquemont,49.045715,6.604009
349095,Nedvezi,50.584198,15.35193
349129,Westbevern,52.030983,7.743702
349376,Freiburg-Landwasser,48.0288,7.81086
349377,Kiebitzhöhe,51.181038,11.20356
349440,Küps,50.195885,11.268337
349461,Lauterbourg,48.967663,8.182904
349553,Lüdinghausen,51.762386,7.431312
349594,Salzgitter-Immendorf,52.1501,10.441891
349678,Nova Paka mesto,50.49454,15.512629
350105,Breitenbrunn(Schwab),48.138584,10.408505
350173,"Einsiedel, Bahnhof",50.772835,12.972867
350453,Wolfhagen-Altenhasungen Gl.1 Ri. Kassel,51.343624,9.22574
350535,Pflaumloch,48.84903,10.436925
350555,Würgendorf (Ort),50.756916,8.126875
350599,Riccione,43.999233,12.658492
350635,"Neuwiesenreben, Ettlingen",48.953056,8.400631
350676,Münchingen Rührberg,48.849796,9.095784
350751,Bitterfeld,51.62286,12.31685
350799,"Kongresszentrum (U), Karlsruhe",49.00217,8.403066
350841,Vojtanov obec,50.162678,12.313
350945,Smidary,50.29509,15.495373
351028,Rückersdorf,51.566692,13.574295
351155,"Frankenberg, Süd",50.902805,13.036396
351237,Retzbach-Zellingen,49.90515,9.814214
351264,Wesenberg,53.2867,12.962746
351430,Kronberg Süd,50.173306,8.529183
351456,Langdorf,49.02066,13.161392
351463,Herzebrock,51.880226,8.236268
351536,Frahelsbruck,49.191147,13.027454
351623,Gerichshain,51.35388,12.587444
351683,Altmarkt/Regierungspräsidium  Ri. Am Stern,51.316444,9.504447
351720,Praha hl.n.,50.08306,14.436039
351869,Ilfeld Schreiberwiese,51.573048,10.786525
351912,Hettstedt,51.636944,11.513231
352002,Ostromer,50.369053,15.54452
352008,Hohenleuben,50.70269,12.036402
352132,Veilsdorf,50.41533,10.813763
352236,Wehdel,53.512363,8.806549
352244,Manternach,49.70646,6.423769
352256,Ernstthal am Rennsteig,50.49651,11.164312
352313,"Chemnitz, Uhlestr",50.805744,12.911845
352340,Frankfurt(Main)Messe,50.111736,8.643518
352471,Arfurt(Lahn),50.406403,8.211079
352673,Rheinweiler,47.709534,7.531643
352733,Wirges,50.468395,7.78521
352867,Wullenstetten,48.313908,10.071035
352936,Langenbach(Oberbay),48.438095,11.852854
353002,Ehringen,51.379528,9.154619
353114,"Chemnitz, Omnibusbahnhof",50.84026,12.927556
353141,Bodenburg,52.03112,10.00133
353249,Sigmaringen,48.086983,9.221851
353283,Trechtingshausen,50.00904,7.852359
353393,Vesec u Liberce,50.74347,15.08098
353438,Blankenloch Tolna-Platz,49.060654,8.469604
353495,Hohenebra Ort,51.30607,10.809501
353554,Waldershof,49.98323,12.057994
353580,Bacharach,50.056103,7.769523
353639,Neustadt-Hohenacker,48.85931,9.324715
353743,Diedorf(Schwab),48.35609,10.776823
353818,Naumburg-Roßbach,51.17065,11.77953
353820,Hamburg-Hammerbrook,53.54661,10.02361
353892,Hirschfelden,48.289803,10.362294
353927,Pappenheim,48.926407,10.964028
353962,S Olympiastadion,52.51129,13.242806
353964,Gerolstein,50.224007,6.660372
353980,Calbe(Saale) Ost,51.920692,11.810527
354055,Staudernheim,49.780582,7.693103
354101,Grabow(Meckl),53.2829,11.564201
354341,Mala Bela,50.486755,14.923029
354395,Darching,47.870796,11.777253
354516,Zeutsch,50.75493,11.508263
354550,Paris Nord,48.88089,2.354931
354650,Wittmund,53.57987,7.788826
354725,Kalthof(Kr Iserlohn),51.42506,7.672364
354744,Güterglück,51.993473,11.986389
354797,Hörden,48.781525,8.34519
354801,Schimborn,50.057762,9.186811
354884,Oberöwisheim,49.14006,8.686232
355005,Priestewitz,51.250603,13.50912
355097,Pfäffingen,48.532166,8.964701
355396,Großsteinberg,51.250587,12.637415
355474,Rodgau-Hainhausen,50.03914,8.875816
355584,Jagstzell,49.03124,10.098819
355618,Eberswalde Hbf,52.83376,13.796866
355631,Haupeltshofen,48.180466,10.38243
355873,Seckach,49.44116,9.338469
355952,Herzberg(Elster),51.679462,13.202879
355973,Warmbad,50.668495,13.064031
355995,Offenbach(Main) Marktplatz,50.105854,8.763633
355999,Pfarrwerfen,47.460983,13.199945
356152,Vojice,50.384438,15.497942
356157,Schierke Brocken Gleis 1,51.79982,10.618128
356160,Ulrichsbrücke-Füssen,47.542973,10.664502
356221,Schmölln(Ol),51.119755,14.227957
356240,Sychrov,50.629074,15.07842
356410,Balingen Süd,48.268944,8.846341
356483,Schwelm,51.290527,7.289681
356539,Schlins-Beschling,47.194893,9.690518
356590,Stegenwaldhaus,50.31626,11.796809
356600,"Chemnitz, Erdmannsdorfer Str",50.811066,12.911818
356711,Lübz,53.4668,12.025536
356756,Mittweida,50.987545,12.959863
356921,Schwarmstedt,52.67888,9.624754
357004,Mellrichstadt Bf,50.42478,10.307039
357030,Beucha,51.32362,12.573133
357061,Schlatt TG(CH),47.6795,8.687511
357089,Groß Brütz,53.653088,11.251439
357173,Kirchweidach,48.092945,12.648167
357244,Norddeich,53.62158,7.160824
357272,Porta Westfalica,52.243423,8.920253
357316,Bregenz,47.503002,9.739627
357357,Wittenberge,53.003883,11.762578
357365,Gemmingen,49.151295,8.984648
357390,Feucht,49.381947,11.204207
357421,Stein-Säckingen,47.541607,7.948843
357476,Bräunlingen Bahnhof,47.931873,8.457104
357594,Westönnen,51.55753,7.960952
357627,Durlach Untermühlstraße,49.00207,8.45497
357721,"Líny, Bukovno",50.446224,14.810542
357786,Weißenfels West,51.19448,11.943964
357797,Schwäbisch Gmünd,48.80101,9.787795
357849,Friedrichroda,50.862152,10.576685
357851,Würgendorf,50.760014,8.141766
357878,Schmilka-Hirschmühle,50.88992,14.228419
357937,Suderburg,52.904892,10.43279
357955,Turnov,50.587162,15.138724
357974,"Staré Krecany, Brtníky",50.951794,14.438801
358008,S Lehnitz,52.741135,13.263325
358025,Hamburg-Iserbrook,53.576607,9.814049
358073,Düsseldorf-Eller Mitte,51.202057,6.838607
358121,Berlin-Spandau,52.5346,13.197163
358168,Sluknov,51.006413,14.461721
358207,Wiesmühl(Alz),48.106,12.564312
358228,Wernigerode Steinerne Renne Gleis 1,51.816864,10.727458
358269,Sebnitz(Sachs),50.975834,14.272168
358270,Kassel-Kirchditmold Gl.1 Ri. Kassel,51.32409,9.452405
358274,Thür,50.358807,7.27708
358309,Schwaig,49.471493,11.200442
358521,Luisenthal(Saar),49.249596,6.904214
358727,Rosbach(Sieg),50.79677,7.608767
358773,Cottbus-Merzdorf,51.76829,14.366384
358926,Freiburg-Littenweiler,47.98167,7.895133
358966,Nienburg(Weser),52.645565,9.217753
358987,Ludwigsfelde,52.299667,13.267883
359322,Rabenau,50.963226,13.634875
359332,Oberschlottwitz,50.87055,13.814493
359441,Tanndorf,51.161552,12.8482
359471,Erkner,52.427628,13.752022
359502,Novy Bydzov,50.24486,15.485851
359528,Zahradky u Ceske Lipy,50.637276,14.506184
359554,Freusburg Siedlung,50.815983,7.897253
359663,Jeber-Bergfrieden,51.98464,12.349699
359689,Schwäbisch Hall-Hessental,49.096733,9.767373
359726,Angleur,50.612885,5.599529
359810,Annweiler am Trifels,49.205387,7.966149
359893,Wernigerode Drw_Kn 008 P8,51.76031,10.70306
359914,Baiersdorf,49.656147,11.036976
360034,Kenzingen,48.19445,7.764094
360054,Lindhorst(Schaumb-Lippe),52.35432,9.288867
360062,Profen,51.13046,12.210933
360080,Deinste,53.5319,9.442568
360117,Dornstetten,48.469635,8.503214
360122,München-Pasing,48.149853,11.461872
360238,S+U Wuhletal,52.51245,13.575181
360281,Oldenzaal,52.30628,6.933133
360316,Wernigerode Wdh_Sr 003 P3,51.82069,10.73594
360402,Hamburg Central Station (FlixTrain),53.552994,10.006637
360403,S Schönfließ,52.664543,13.340492
360432,Hulb,48.679268,8.982644
360507,Sargans,47.044823,9.44626
360569,Guben,51.959057,14.706311
360639,Falkenberg(Elster),51.583252,13.246225
360777,Gummersbach,51.023632,7.56631
360880,"Braunsdorf, Bf Braunsdorf-Lichtenwalde",50.87981,13.011908
360928,Trompet,51.41349,6.669107
361032,Martinroda,50.733147,10.880943
361050,Wilhelmsdorf,50.350147,8.480809
361058,Oldrichov v Hajich,50.855442,15.09176
361064,Nassau(Lahn),50.31148,7.800691
361070,Bozikov,50.678688,14.649959
361137,Altdorf West,49.391148,11.341467
361391,Balve-Sanssouci,51.353664,7.878844
361431,Bad Freienwalde,52.789932,14.035751
361680,Köln-Chorweiler,51.021126,6.897824
361854,Mauer(b Heidelberg),49.3358,8.795545
361900,Frankfurt(Oder),52.336605,14.546146
361920,Machern(Sachs),51.357628,12.627757
361980,Vellmar-Osterberg/EKZ Gl.1 Ri. Kassel,51.35431,9.460849
361984,Stuttgart Nürnberger Str.,48.806423,9.234858
362024,Chalupki,49.925476,18.311562
362051,Usti nad Orlici,49.971325,16.378416
362153,"Bahnhof (Ersatz), Vetschau (Spreewald)",51.789303,14.082303
362337,Hückelhoven-Baal,51.032974,6.272807
362417,Könnern,51.673916,11.780182
362453,Blumberg(b Berlin),52.605,13.611215
362491,Königshofen(Baden),49.54602,9.724669
362513,Roding,49.21448,12.51574
362546,Euskirchen-Stotzheim,50.634197,6.811062
362650,Neudenau,49.28856,9.272064
362747,Schwalmstadt-Wiera,50.881756,9.136277
362822,Kordel,49.83637,6.634933
362926,Wernigerode Wd_Wdt 004 P4,51.83706,10.78054
363008,Neuses(b Kronach),50.21715,11.306843
363049,Martinszell(Allgäu),47.629406,10.273885
363120,Mainz-Mombach,50.022774,8.22937
363121,Ründeroth,50.995075,7.465132
363314,Friedrichsruhe(Meck),53.524803,11.739088
363330,Lichtentanne(Sachs),50.69935,12.419664
363359,Leipzig Messe,51.396145,12.389278
363360,Passau Hbf,48.57363,13.450776
363548,Maria Rain,47.632553,10.480275
363552,Vilseck,49.615627,11.801058
363605,Schierbrok,53.08471,8.579004
363632,Stuttgart Nordbahnhof,48.80377,9.188026
363689,Weida Mitte,50.776505,12.055613
363928,Hörstel,52.295685,7.591557
363938,Holzwickede,51.50477,7.619647
363939,Fronhausen(Lahn),50.70606,8.699123
363964,Körle Gl.2 Ri. Kassel,51.17198,9.51248
364095,Regensburg Hbf,49.011673,12.099617
364098,Drahtzug,51.66345,11.124636
364227,St Egidien,50.78957,12.622556
364346,Hamburg Hbf,53.552734,10.006909
364442,Samtens,54.354115,13.290177
364586,Jermanice,50.70741,15.086451
364765,Malsch Süd,48.887535,8.315875
364793,Schopfheim-Schlattholz,47.6539,7.8333
364908,Ottendorf-Okrilla Hp,51.186676,13.835955
365005,Neuenbürg(Enz)-Rotenbach Eyachbrücke,48.8172,8.577871
365026,Wünschendorf(Elster),50.797634,12.097672
365087,Wünsdorf-Waldstadt,52.165806,13.467828
365142,Eglharting,48.082348,11.864291
365178,Neuhausen(CH),47.683132,8.624935
365217,Hermsdorf(Dresden),51.165546,13.815351
365247,Stadthagen,52.332836,9.189426
365255,Tegernsee,47.714478,11.756616
365317,Rott(Inn),47.986115,12.135751
365360,Annaburg,51.72868,13.032757
365388,Berlin-Spandau,52.534485,13.1971
365408,Höllriegelskreuth,48.043453,11.509752
365414,Neulußheim,49.2922,8.530075
365516,Biersdorf-Ort(Ww),50.748272,7.949036
365654,Collenberg,49.771122,9.329719
365725,Arbon Seemoosriet,47.521194,9.42502
365767,Alfter-Impekoven,50.711018,7.019831
365875,Jaroslaw,50.01067,22.677896
365889,Bremen-Aumund,53.185226,8.617338
365922,Karlsruhe Essenweinstraße,49.010128,8.431902
365940,Jablonec n.Jizerou-Hradsko,50.681015,15.450987
366027,Magdeburg-Rothensee,52.186756,11.647915
366047,Pirna,50.962624,13.928881
366077,Eystrup,52.783367,9.23139
366115,Buschow,52.592083,12.629481
366235,Hamburg Elbbrücken,53.534843,10.024794
366269,Berlin-Charlottenburg,52.504032,13.301903
366323,Scheggerott,54.67043,9.820289
366331,Niedersachswerfen Ost,51.54944,10.768731
366398,Elsnigk(Anh),51.7908,12.059072
366488,Langenwolmsdorf Mitte,51.038605,14.127331
366500,"Fischweier, Karlsbad",48.888233,8.451341
366545,Neundorf(Anh),51.8247,11.59376
366558,Euskirchen-Kreuzweingarten,50.613052,6.796055
366574,Thalwil,47.295982,8.564769
366625,Lindau-Reutin,47.552383,9.703292
366835,Rathaus/Fünffensterstraße  von Ständeplatz,51.312115,9.491246
366860,Stuttgart-Sommerrain,48.81527,9.248327
367015,Benneckenstein Bek_Klb 015 P15,51.66132,10.76184
367105,Adorf(Vogtl),50.324394,12.260678
367236,Düsseldorf Völklinger Str.,51.21021,6.760431
367299,Basel Bad Bf,47.567287,7.607805
367720,Etzleben,51.258076,11.181128
367862,S+U Yorckstr. (Großgörschenstr.),52.49226,13.367943
367894,Großbothen,51.184006,12.75914
367941,Daxlanden Thomas-Mann-Straße,48.999043,8.34136
368367,Babstadt,49.240196,9.060708
368849,Monbach-Neuhausen,48.799168,8.728328
368900,Barthmühle,50.557957,12.163681
368935,Aying,47.96876,11.769578
369065,Seeg,47.655266,10.613981
369184,Pepinster,50.568287,5.80617
369332,Friedrichstal Mitte,49.104156,8.475209
369456,Illingen(Württ),48.956608,8.921977
369612,Gießen Oswaldsgarten,50.58817,8.668969
369688,Haiger Obertor,50.740864,8.20225
369740,Dortmund-Brackel,51.520756,7.550083
369792,Mörsch Am Hang,48.956142,8.285692
369837,Wernigerode Drw_Kn 006 P6,51.76141,10.70809
369887,"Mlada Boleslav,,hl.nadr.",50.407368,14.886971
369897,Sachsenheim,48.961292,9.063158
369980,Gommern,52.074,11.83878
370180,Gräfendorf,50.11828,9.737162
370238,Grötzingen,49.005974,8.492941
370299,Wernigerode Sr_Drt 012 P12,51.80155,10.72675
370314,"Adorf, Haltepunkt",50.76388,12.873774
370374,Daxlanden Nussbaumweg,48.989613,8.333374
370708,Weilheim(Württ),48.025105,8.775956
370775,Eisfeld,50.417793,10.904637
370781,S Fredersdorf,52.52628,13.760457
370960,Kirchheim (T),48.64411,9.444662
371078,Neustadt(Weinstr) Süd,49.341553,8.157061
371105,Traben-Trarbach,49.951565,7.120722
371165,Düsseldorf Flughafen Terminal,51.27852,6.766979
371185,Wuppertal-Oberbarmen,51.273838,7.221483
371249,Breyell,51.294617,6.241174
371313,Melsungen Gl.1 Ankunft von KS,51.126087,9.546187
371337,Ellingen(Bay),49.066227,10.959693
371435,S+U Zoologischer Garten Bhf,52.50703,13.331849
371473,Freital Hp Coßmannsdorf,50.976704,13.624757
371482,S Betriebsbahnhof Rummelsburg,52.49397,13.497724
371561,Lermoos,47.405422,10.87857
371679,Schnabelwaid,49.81045,11.59566
371756,Traunstein,47.869728,12.638801
372010,Saalfelden,47.426857,12.829765
372099,Stvolinky,50.6298,14.437732
372216,Zimmern(b Seckach),49.430412,9.371975
372366,Forchheim Oberfeldstraße,48.97045,8.308051
372399,Ceske Hamry,50.4389,13.02102
372477,Nachterstedt-Hoym,51.80291,11.333025
372502,München Süd,48.120907,11.555407
372548,Urmersbach,50.255913,7.13185
372701,"Augartenstraße, Karlsruhe",48.998466,8.403677
372754,Sandwehle,54.32575,8.758482
372836,Langlau,49.118744,10.859352
372963,Munderkingen,48.237873,9.645671
373057,Meerane,50.85062,12.457584
373152,Schierke Knaupsholz Gleis 1,51.76855,10.6945
373187,Siegsdorf,47.821827,12.646006
373768,Ipsheim,49.5255,10.485764
373820,Wernigerode Drw_Kn 002 P2,51.76659,10.72159
373827,Rollhofen,49.543716,11.335524
373867,Münster-Mecklenbeck,51.924007,7.579568
373933,Vöcklamarkt,47.998035,13.489546
373962,Weinsberg West,49.151257,9.274027
373970,Herdorf,50.778378,7.953179
374055,Mixdorf,52.19778,14.394802
374100,"Hosena Bahnhof, Senftenberg",51.454693,14.015097
374183,Mallnitz-Obervellach,46.981647,13.176141
374237,Templin,53.112408,13.49156
374361,Dorfmark,52.89914,9.771305
374438,"Mikulásovice, horní nádraží",50.956455,14.390364
374547,Berlin Central Station (FlixTrain),52.525063,13.369438
374666,Wolfurt,47.457188,9.740966
374692,Köln/Bonn Flughafen,50.878902,7.119302
374810,"Bahnhof, Nennhausen",52.60004,12.502007
374898,Ritterhude,53.18363,8.753889
374939,Kalhausen,49.035168,7.125195
375076,Trossingen Stadt,48.074036,8.631547
375189,Bookholzberg,53.099113,8.532556
375191,St. Paul im Lavanttal,46.72139,14.85579
375360,Gelsenkirchen-Buer Nord,51.58725,7.050923
375436,St Georgen(Schwarzw),48.123814,8.341955
375850,Pfalzel,49.78032,6.68302
375967,Arnsberg(Westf),51.405663,8.067965
375980,Schöneck(Vogtl) Ferienpark,50.38957,12.347044
376060,Blumberg-Zollhaus,47.8378,8.557175
376088,Burg Stargard(Meckl),53.49959,13.303225
376128,Bad Schwartau,53.916275,10.702722
376253,Elsfleth,53.23384,8.463883
376334,Hamburg-Fischbek,53.47473,9.819561
376369,Deining(Oberpf),49.203995,11.515572
376376,Pritzwalk,53.145668,12.184961
376391,Dülken,51.25715,6.33793
376446,Wusterwitz,52.385044,12.374755
376506,Hundstadt,50.370907,8.469063
376545,Dollnstein,48.871426,11.079009
376570,Küstrin-Kietz,52.568462,14.607911
376626,Bernburg (Saale) Paradies (Parkeisenbahn),51.790833,11.711572
376779,Leopoldshafen Leopoldstraße,49.097195,8.401099
376852,Güstrow,53.8006,12.172836
376914,Schöneck-Oberdorfelden,50.196148,8.823385
376919,Schortens-Heidmühle,53.542156,7.946367
376941,Halfing,47.952946,12.279275
376961,Oermingen,49.00031,7.131803
377015,Grüneberg,52.868244,13.212719
377248,Stara Paka,50.516582,15.485186
377349,Oschatz,51.31174,13.104056
377474,S Mahlsdorf Bhf,52.512093,13.610667
377544,Durlach Killisfeldstraße,48.99717,8.461843
377595,Fulda (FlixTrain),50.55459,9.683728
377613,Böhmhof,49.0521,13.11088
377628,Sandershäuser Straße Ri. Kirchgasse,51.30896,9.51822
377648,Vojtanov(Gr),50.21374,12.327433
377670,Kirchheim(Teck)-Ötlingen,48.657764,9.416291
377742,Hohenroda,51.499027,12.421434
377799,Baunatal-Rengershausen Gl.2 Ri. Melsungen,51.254925,9.468598
377907,Bad Herrenalb,48.80243,8.438957
377981,Decin - Certova Voda,50.816467,14.221696
378082,Mosonmagyarovar,47.850357,17.266424
378120,Pirna-Copitz Nord,50.97761,13.935361
378312,Ramstein,49.448753,7.556715
378464,Walschleben,51.067883,10.955958
378532,Mala Velen,50.7423,14.272496
378561,Herrenberg Zwerchweg,48.58497,8.867661
378577,Halle Zoo,51.50365,11.970346
378583,Frankenberg(Eder),51.054565,8.789181
378630,Pirna-Copitz,50.96811,13.933872
378801,Roudnice nad Labem,50.426598,14.263827
378862,Biessenhofen,47.829956,10.640467
378863,Aschaffenburg Hochschule,49.974445,9.160416
378932,Ostseebad Kühlungsborn Ost,54.147564,11.759827
379044,Pforzheim Hbf,48.89411,8.703007
379117,"Bahnhof, Drebkau",51.654953,14.223174
379200,Bierbach,49.26189,7.282011
379303,Odenheim West,49.182274,8.736492
379329,Karlsruhe-Hagsfeld,49.025936,8.453645
379422,Frankfurt-Louisa,50.083958,8.670369
379423,Storzingen,48.13488,9.127085
379606,Albstadt-Laufen Ort,48.22286,8.917316
379626,St Michaelisdonn,53.98962,9.118006
379806,Bobingen,48.266373,10.837891
379808,Lichtenberg(Erzgeb),50.84018,13.403754
379871,Weiherhof,49.459927,10.928488
379934,Elsbethen,47.761044,13.080397
379943,Prestice,49.57513,13.322629
380105,Langebrück(Sachs),51.12675,13.841072
380130,Rathmannsdorf(Kr Pirna),50.92704,14.130838
380168,Malsfeld,51.097607,9.534833
380365,Zellendorf,51.89419,13.066878
380389,Merzig(Saar) Stadtmitte,49.443478,6.635226
380470,Saarhölzbach,49.51644,6.6075
380664,Liebenthal(Prignitz),53.151207,12.393287
380765,Altenkirchen(Westerwald),50.684418,7.638257
380860,Frantiskovy Lazne Aquaforum,50.11673,12.358997
380870,Freiburg-Herdern,48.008236,7.850973
380966,Frankfurt(M)Taunusanlage,50.113564,8.668864
381135,Herne-Wanne-Eickel Hbf,51.531258,7.165783
381206,Markkleeberg-Gaschwitz,51.2499,12.379146
381313,Sulzbach(Saar),49.29956,7.055062
381318,Zarrendorf,54.240746,13.08003
381334,Hruba Skala,50.550316,15.213014
381361,"Wasen, Ettlingen",48.945236,8.398691
381394,Seitschen,51.153767,14.325332
381480,Chojna,52.963406,14.443931
381505,Breclav,48.7539,16.893236
381518,S Nikolassee,52.4318,13.194064
381572,Heidenau,50.981857,13.857887
381600,Wernigerode Wdk_Wdh 004 P4,51.82116,10.75023
381612,Rafz,47.603798,8.543451
381776,Auehütte,50.719673,10.416666
381789,Bad Belzig,52.135986,12.59494
381864,S Oranienburger Str.,52.525158,13.393052
381925,Steinbach am Wald,50.441647,11.382922
381935,Selhausen,50.865696,6.439356
381951,Quierschied,49.324856,7.059386
382170,Sedlitz Ost,51.55412,14.056123
382173,Emmerich-Elten,51.8743,6.15417
382187,"Philipp-Reis-Straße, Karlsruhe",49.00449,8.4113
382217,Zmigrod,51.474678,16.901731
382369,Niederhadamar,50.43276,8.037069
382386,Lendringsen,51.410397,7.826617
382461,Joachimsthal Kaiserbahnhof,52.96395,13.755016
382594,Döggingen,47.893654,8.441107
382679,Emmerke,52.162365,9.866201
382793,Dortmund-Marten,51.51446,7.374408
382831,S Schönfließ,52.66463,13.340528
382945,Scherfede,51.52474,9.04794
382958,Rönshausen,50.478462,9.743398
383005,Mörsch Bach-West,48.959023,8.283985
383227,Lietzow(Rügen),54.480965,13.510002
383248,Gündlkofen,48.526157,12.033642
383317,Bad Vilbel-Gronau,50.19153,8.783203
383396,Otterfing,47.91139,11.682121
383602,Espelkamp,52.37869,8.613358
383605,Berlin Südkreuz,52.475407,13.365754
383641,Tuttlingen,47.98058,8.798542
383790,Karlov pod Jestedem,50.773666,14.983701
383982,Stettfeld-Weiher,49.183624,8.636928
384068,Halberstadt Oststr,51.88501,11.065436
384082,Sternhaus-Ramberg,51.69031,11.127498
384124,Ellrich,51.579803,10.669444
384128,Spicak,49.16192,13.22244
384304,Alveslohe,53.791454,9.916375
384320,Meckenheim Kottenforst,50.66241,7.022683
384354,Eschweiler-West,50.81771,6.251721
384383,Dorsten,51.658276,6.9705
384463,"Börnig, Herne",51.554783,7.268325
384599,Erdmannsdorf-Augustusburg,50.82115,13.08394
384703,Albstadt-Ebingen West,48.21139,8.99698
384857,Drahnsdorf,51.91587,13.58149
384979,Neckarsulm Mitte,49.193077,9.222717
385088,Jablonec n.N.zast.,50.720417,15.185382
385144,Katlenburg,51.686157,10.09974
385180,Emmendingen,48.119453,7.847511
385215,Bergwitz,51.803696,12.576213
385289,Ebersbach(Fils),48.71612,9.526582
385316,"Chemnitz, Altchemnitz",50.790813,12.925616
385583,S Charlottenburg Bhf,52.50507,13.30439
385700,Salzgitter-Bad,52.049824,10.372335
385850,Korschenbroich,51.19565,6.511886
385894,Pritzwalk West,53.14463,12.16429
385939,Nordhastedt,54.16897,9.180298
385942,Weil am Rhein-Gartenstadt,47.588707,7.616284
385974,Prenzlau,53.321636,13.866409
386027,Albrechtshaus,51.642174,10.929267
386138,Lauterbourg(fr),48.975292,8.195538
386143,Meeder,50.315655,10.906842
386273,Bad Langensalza,51.1017,10.640671
386363,Nürnberg Frankenstadion,49.430794,11.130044
386502,Neckarsulm Nord,49.202095,9.228679
386581,Dresden Industriegelände,51.087456,13.762772
386586,Seefeld(Mark),52.618294,13.675987
386683,Schwarzheide Ost,51.473866,13.891132
386768,Westerham,47.903893,11.828482
386822,Rosenberg(Baden),49.457584,9.471425
386841,Zielitz,52.29629,11.680214
387029,Haste,52.379658,9.389097
387063,Münchberg,50.18904,11.790667
387101,Feuerturmteich,51.53197,14.703723
387134,Eschenau(Mittelfr),49.575386,11.198618
387145,Tannheim(Württ),47.994953,10.09692
387207,Wien Hbf,48.1851,16.377113
387224,Nehren,48.423954,9.06688
387301,S Nöldnerplatz,52.5038,13.485385
387464,Köln-Longerich,50.997738,6.901557
387640,Schierke,51.76507,10.678004
387679,Thondorf,51.597652,11.533777
388423,Bous(Saar),49.275978,6.792639
388449,Brocken,51.799557,10.618559
388639,Miesenheim,50.40404,7.407598
388658,Roßlau(Elbe),51.884613,12.237262
388683,Löwenberg(Mark),52.89679,13.189864
388743,Seddin,52.291492,12.984576
388982,Konz,49.69598,6.574309
389017,Miltenberg,49.7064,9.248388
389091,Dolni Podluzi,50.886143,14.620539
389095,Seulbitz,50.20982,11.868771
389117,Werl,51.55807,7.914136
389143,Neubrandenburg,53.561832,13.261465
389197,Ramsenthal,50.007927,11.593334
389220,Dannenwalde(Gransee),53.080845,13.18072
389282,Albstadt-Lautlingen,48.21364,8.95462
389297,Herlasgrün,50.570934,12.235424
389351,S Landsberger Allee,52.529316,13.45484
389508,Friedrichshafen Hafen,47.651207,9.482819
389527,S Feuerbachstr.,52.463398,13.332414
389861,Rätzlingen,52.409035,11.123409
389868,Süßen,48.68364,9.76028
390092,Nänikon-Greifensee,47.36936,8.686414
390168,Söllingen Reetzstr.,48.991055,8.540793
390245,Eching,48.302994,11.616754
390319,S Westkreuz,52.501015,13.284448
390343,S Blankenfelde (TF) Bhf,52.336895,13.41594
390386,Essen Hbf Kruppstraße/Am Thyssenhaus,51.450092,7.009848
390483,Metz Ville,49.109383,6.177669
390484,Am Stern  von Holländ. Platz,51.318375,9.500412
390611,Augsburg-Hochzoll,48.352978,10.943376
390624,Freital-Hainsberg West,50.981083,13.622714
390647,Feldkirch Amberg,47.255203,9.621217
390695,Wuppertal-Sonnborn,51.240585,7.096575
390731,Rodewisch,50.528652,12.395337
390819,Kiel-Hassee CITTI-PARK,54.31057,10.098596
390864,Schneeberg(Mark),52.164562,14.330208
390966,Lubolz,51.961678,13.822301
390985,Zweidlen,47.57045,8.467919
391009,Köln-Ehrenfeld,50.951534,6.917276
391015,Wesel Feldmark,51.67666,6.616308
391037,S Sundgauer Str.,52.436317,13.27395
391091,Bischheim(F),48.61192,7.741791
391093,Vejprty(Gr),50.50506,13.031588
391137,Schwarzenberg Hp,50.532368,12.786451
391159,S Ostkreuz Bhf,52.503124,13.468633
391197,Mainleus,50.09981,11.379525
391232,Buttstädt,51.126995,11.418412
391245,Villingen-Schwenningen Eisstadion,48.052773,8.528553
391409,Oberweimar,50.965935,11.354874
391464,Elend Ab_So 011 P11,51.698,10.68684
391539,Ockenheim,49.950554,7.965441
391649,Schöneck(Vogtl),50.39599,12.343357
391658,"KIT-Campus Nord Bahnhof, Eggenstein-Leopoldshafen",49.09707,8.43033
391760,München Hbf Gl.5-10,48.13993,11.554814
391830,Berlin-Mahlsdorf,52.511917,13.610735
391923,Heimbach(Nahe),49.617676,7.231047
392015,Schafbrücke,49.22794,7.049237
392224,Entringen,48.55229,8.963007
392228,Treuenbrietzen,52.091972,12.857541
392256,"Bahnhof, Königs Wusterhausen",52.29666,13.63135
392321,Geislingen(Steige)West,48.630768,9.821909
392361,Illingen(Saar),49.376423,7.048966
392385,Einbeck Mitte,51.81853,9.875293
392427,Lemförde,52.460163,8.36161
392445,Rheydt-Odenkirchen,51.137848,6.446169
392509,Siegen-Geisweid,50.91558,8.014352
392539,Müllheim im Markgräflerland,47.809742,7.599332
392571,S+U Gesundbrunnen Bhf,52.549034,13.389919
392583,Neubiberg,48.075848,11.660222
392625,"Chemnitz, Erdmannsdorfer Str",50.811543,12.912168
392652,Stotternheim,51.052353,11.048324
392768,Jocketa,50.555298,12.170103
392896,Hohenwestedt,54.08659,9.654161
392939,Mnichovo Hradiste,50.51838,14.978258
393053,Frankfurt(M)Stresemannallee,50.094368,8.671268
393118,Zwingenberg(Bergstr),49.725903,8.609119
393245,Schönwalde(Spreewald),51.990795,13.777723
393256,Zelezna Ruda mesto,49.143093,13.229329
393351,Bruxelles-Nord,50.860237,4.361454
393426,Fischbachau,47.705654,11.93354
393496,Leuna Werke Süd,51.3066,12.006637
393593,St Mang,47.7089,10.325539
393735,Groß Karben,50.23184,8.753528
393755,Friedrichsdorf(Taunus),50.25249,8.644776
393877,Langenhahn,50.587536,7.914633
393878,Elz(Limburg/Lahn) Süd,50.40871,8.032223
393887,Kruft,50.39054,7.338598
393939,Berlin Hbf,52.52496,13.368911
393949,Igel,49.70737,6.550679
393952,S Mühlenbeck-Mönchmühle,52.654762,13.386172
393977,"Konzerthaus, Karlsruhe",49.00359,8.39977
394051,Wolfartsweier Nord,48.97916,8.458824
394144,Eggmühl,48.8365,12.182192
394188,Guben,51.959072,14.706451
394217,Vieselbach,50.99295,11.138329
394312,St. Johann in Tirol,47.51962,12.430775
394341,Jivany,50.513763,15.298785
394491,Wüsting,53.118122,8.337248
394672,Stolberg(Rheinl)Hbf,50.79441,6.217157
394770,Dehtin,49.450745,13.2863
394863,Skalsko,50.43222,14.755323
394996,Markersbach(Erzgeb),50.534557,12.86029
395083,Weinfelden,47.566223,9.106368
395116,Bürstadt,49.64509,8.45925
395345,Grunow(Niederlausitz),52.165073,14.378843
395406,Auerbach(Vogtl) Hp,50.506954,12.379204
395731,Massing,48.394005,12.608166
395743,Kirchheim(Weinstr),49.537163,8.181452
395744,Weisen,53.025394,11.787198
395905,S Wilhelmshagen,52.438587,13.722319
396463,Dütschow,53.40194,11.678565
396476,St Ingbert,49.27476,7.110814
396493,Harra,50.418476,11.686006
396558,Wernigerode Wdk_Wdh 005 P5,51.82047,10.74666
396774,Buchholz(Baden),48.08358,7.915166
396834,Wüstenselbitz,50.218426,11.709552
396919,Heilbronn Hans-Rießer-Straße,49.1626,9.219565
397006,Contwig,49.24528,7.427916
397127,Heilbronn Pfühlpark,49.139957,9.241382
397173,Forsthaus,51.303413,6.503498
397196,München St.Martin-Str.,48.11854,11.595785
397257,Nordholz,53.778744,8.62137
397322,Baunatal-Guntershausen,51.229916,9.466997
397417,"Reichenbach Kurpark, Waldbronn",48.919056,8.472676
397635,Sachsendorf(Calbe),51.870052,11.865517
397682,Jaromer zast.,50.357063,15.911329
397870,Freihalden,48.384705,10.5022
397944,Düsseldorf-Reisholz,51.180782,6.860953
397951,Sulzbach-Rosenberg,49.499477,11.739277
398168,Lörrach Gbf ARZ,47.618748,7.668189
398180,Öhringen Hbf,49.203213,9.502705
398224,Kölleda,51.180275,11.244906
398405,Hergatz,47.64681,9.827382
398508,Hochheim(Main),50.004307,8.350017
398574,Angern-Rogätz,52.338463,11.759535
398660,Kassel-Jungfernkopf Gl.1 Ri. Hümme,51.338993,9.463246
398755,Finnentrop,51.173046,7.964563
398845,Gevelsberg-Knapp,51.337498,7.378528
399072,Rentzschmühle,50.57501,12.157813
399133,Przemysl Glowny,49.78366,22.776363
399283,Frickenhausen Kelterstr.,48.592056,9.364461
399287,Wunstorf,52.422226,9.450976
399569,Wernigerode Sr_Drt 011 P11,51.80274,10.72686
399662,Berlin Hbf,52.52511,13.369472
399696,Oberkochen,48.78236,10.107654
399825,Ostheim(b Butzbach),50.406467,8.675299
399885,S Eichwalde,52.37124,13.615279
399971,"Wittgensdorf, Mitte",50.874435,12.869804
399998,Kirchheim(Neckar),49.037647,9.150903
400009,Schwerin-Görries,53.60937,11.384935
400113,"Chemnitz, Stadlerplatz",50.82135,12.926999
400174,"Erfenstein, Haltepunkt",49.35309,8.017518
400220,Salach,48.6894,9.737183
400352,Altingen(Württ),48.561928,8.908852
400403,"Brand Tropical Islands Bahnhof, Halbe",52.029785,13.721552
400473,Stuttgart Flughafen/Messe,48.690647,9.19263
400481,Marxgrün,50.354977,11.686568
400622,Demker,52.518177,11.854733
400724,Steinfurt-Grottenkamp,52.12325,7.375921
400948,Hrebeny,50.221912,12.581061
400976,Bayerisch Gmain,47.720375,12.89507
401314,Wernigerode Sr_Drt 002 P2,51.81854,10.73341
401338,Fahrnau,47.66156,7.839425
401351,Unterschleißheim,48.2737,11.568628
401478,Wünsdorf-Waldstadt,52.16658,13.467258
401536,Wolkramshausen,51.44002,10.745663
401800,"Thalheim, Bahnhof",50.697105,12.849834
401932,Stahringen,47.787663,8.976275
402079,Wolkenstein,50.652744,13.064965
402089,Haltepunkt Biosphärenreservat,51.816483,12.336672
402155,Roodt/Syre,49.6668,6.303071
402199,Britz,52.87274,13.820118
402242,Holländische Straße Ri. Innenstadt,51.340137,9.48129
402245,Benneckenstein Bek_Klb 007 P7,51.66904,10.73159
402516,Hoheneggelsen,52.200176,10.19782
402517,S Südkreuz Bhf,52.47588,13.365602
402670,Köln Geldernstr./Parkgürtel,50.96855,6.941413
402726,Hilden Süd,51.16368,6.937366
402740,Egersdorf,49.464638,10.887385
402752,Kusel,49.53828,7.410329
402782,Wernigerode Eck_Gow 001 P1,51.77746,10.62229
402857,Suerhop,53.315903,9.855154
402920,S Oranienburger Str.,52.525177,13.39294
403106,Furth(b Deisenhofen),48.035522,11.593281
403135,Crivitz,53.572517,11.645071
403244,"Langensteinbach Schießhüttenäcker, Karlsbad",48.92,8.499877
403331,Hümme Gl.1 Ankunft aus KS,51.542973,9.40235
403439,Iserlohn-Letmathe,51.36284,7.618397
403443,Alpen,51.583393,6.518041
403450,Barnstorf(Han),52.70759,8.510462
403553,Wegliniec,51.290108,15.223085
403598,Annaberg-Buchholz Mitte,50.56679,12.999078
403655,Rötenbach(Baden),47.89283,8.290057
403700,Wellen(Mosel),49.67266,6.441322
403876,Anzenkirchen,48.43474,13.021996
404239,Wernigerode Drt_Drw 002 P2,51.79592,10.7314
404500,Kaarst Mitte/Holzbüttgen,51.219505,6.617246
404516,Steinhagen(Westf) Bielef. Str.,52.011417,8.436453
404550,Magdeburg Herrenkrug,52.14545,11.676379
404572,Wiesbaden-Igstadt,50.08258,8.325635
404573,Höfen(Enz) Nord,48.807735,8.581808
404806,Wingerode,51.389706,10.240509
404808,Rakow,54.048157,13.045942
404809,Leipzig-Thekla,51.371994,12.428987
404842,Pasewalk,53.515354,13.988875
405066,Elsterwerda-Biehla,51.472225,13.519746
405161,Wernigerode Wdt_Wdk 008 P8,51.82712,10.7694
405162,Lichtenstein Hartensteiner Straße,50.74607,12.63619
405188,Lam,49.191555,13.051003
405404,Friedrichshafen Flughafen,47.672215,9.523714
405564,Breitendorf,51.138653,14.622726
405574,S Grunewald,52.48826,13.261105
405606,Wiesenau,52.231335,14.583739
405831,Bad Kösen,51.13074,11.718274
405981,Berne,53.18378,8.475368
405997,Berlin Hbf,52.525223,13.369887
406058,Klosterlechfeld,48.15539,10.83263
406067,Ubstadt Ort,49.15675,8.625553
406133,Kreuzberg(Ahr),50.506443,6.978557
406150,Bad Schallerbach-Wallern,48.228764,13.922237
406245,Berlin-Spandau (FlixTrain),52.534584,13.198093
406283,"Hainichen, Bahnhof",50.967648,13.119041
406329,S Frohnau,52.63226,13.290322
406362,Boostedt,54.01774,10.0162
406385,Frankenthal Süd,49.522648,8.349558
406494,Fürstenwalde Süd,52.341896,14.086609
406609,Sulzbach(Murr),48.999462,9.500409
406638,Beringstedt,54.113667,9.537501
406669,Plesna(CZ),50.210945,12.344977
406696,Unadingen,47.881165,8.397886
406814,Dorf Mecklenburg,53.842934,11.471343
406841,Kühnhausen,51.03637,10.978069
406935,Goßfelden,50.868313,8.738417
406964,Euskirchen,50.65776,6.792193
407037,Dillingen(Donau),48.581257,10.489167
407098,Neuhaus am Rennweg,50.506542,11.136691
407127,Barsinghausen,52.30489,9.467112
407187,Coppenbrügge,52.119522,9.537588
407197,Sebnitz(Gr),50.981106,14.279102
407311,Rechterfeld,52.838684,8.391291
407348,Zahrady u Rumburka,50.93399,14.482361
407424,Forsting,48.081863,12.091448
407570,Diedelsheim,49.03935,8.674472
407589,Flehingen,49.084595,8.782727
407698,Gößnitz,50.893196,12.429298
407738,S Westkreuz,52.500854,13.283931
407813,Freimersheim(Rheinh),49.710777,8.086508
407974,Geisingen-Hausen,47.912445,8.678602
408092,Praha-Cakovice,50.14893,14.519407
408109,Ludwigshafen(Rhein) BASF Süd,49.494007,8.438885
408388,Krumhermsdorf,50.99296,14.207348
408468,Gelbensande,54.198696,12.304809
408515,Neu-Anspach,50.30096,8.51473
408518,Benneckenstein Bek_Klb 014 P14,51.66131,10.7573
408867,Stiege,51.660797,10.881191
408893,Kall,50.538494,6.557283
408992,Potsdam Hbf,52.391422,13.066721
409090,S Treptower Park,52.49379,13.461444
409102,Burglauer,50.27434,10.184441
409172,"Einsiedel, Bahnhof",50.772717,12.97338
409216,Eschweiler Hbf,50.813534,6.251937
409231,Leschede,52.397644,7.305961
409459,Vellmar-Niedervellmar,51.351852,9.478438
409537,Durmersheim Nord,48.937798,8.280581
409565,Hasloch(Main),49.789333,9.482125
409616,Alsdorf(Westerw),50.78089,7.890486
409642,Nova Role zastavka,50.29111,12.755986
409806,Triesdorf,49.20092,10.679144
409895,Walldorf(Werra),50.617603,10.390843
409973,Buchenhorst,54.268238,12.711533
410076,Löcknitz,53.4561,14.215417
410079,Grünstadt,49.564384,8.167962
410093,Aldekerk,51.43576,6.412542
410119,Oberlauscha,50.484955,11.156265
410132,Bremen Mühlenstraße,53.18521,8.57134
410138,Holzhau,50.73414,13.591861
410225,Elend Eld_Ab 012 P12,51.72164,10.67991
410292,Mistorf,53.880497,12.123044
410457,Wilgartswiesen,49.209435,7.883823
410509,Großharthau,51.102123,14.087646
410550,Nienhagen(Halberst),51.951202,11.170056
410580,Siersburg,49.361694,6.665362
410582,Düren Im Großen Tal,50.83302,6.47431
410589,S Rahnsdorf,52.4516,13.689921
410605,Finkenheerd,52.24944,14.56967
410640,Burg(Dithm),54.00797,9.250087
410651,Kodersdorf,51.259556,14.916232
410863,Oderin,52.07457,13.727034
411256,Treuchtlingen,48.961266,10.908159
411308,Chorin,52.903515,13.869672
411314,Fürstenberg(Havel),53.186882,13.139519
411328,Neumarkt-St Veit,48.361317,12.503075
411429,Brake(b Bielefeld),52.069653,8.604914
411477,Ulberndorf,50.87402,13.672117
411578,Golßen(Niederlausitz),51.97498,13.574225
411607,Hagenwerder,51.070118,14.960228
411661,Freudenstadt Stadt,48.467567,8.410694
411745,S Ahrensfelde Bhf,52.57135,13.565592
411784,Baalberge,51.763046,11.784682
411908,S Ostbahnhof,52.510647,13.435474
412347,Avignon TGV,43.921936,4.786044
412550,Zabrze,50.30528,18.786947
412634,Coesfeld Schulzentrum,51.951267,7.165836
412640,Tuttlingen Nord,47.992603,8.823737
412660,"Buschow Bahnhof, Märkisch Luch",52.592278,12.629501
412698,Frankfurt am Main - Stadion,50.06823,8.633247
412845,Düsseldorf-Garath,51.143627,6.897675
412851,Engertsham,48.47392,13.358696
413058,Bad Oeynhausen Süd,52.19713,8.801723
413148,Freiberg(Sachs),50.908726,13.344141
413187,Bruckmühl,47.88082,11.915531
413254,Spiez,46.686398,7.680103
413301,Klein Gerau,49.91985,8.51674
413716,Meppen,52.696022,7.298015
413902,Bielefeld Hbf,52.029263,8.532722
413952,Plauen(Vogtl) Mitte,50.492912,12.14766
413955,Gräfenberg,49.641624,11.250365
413995,Sponholz,53.563854,13.366401
414143,Miedzyzdroje,53.92421,14.45478
414176,Peißenberg,47.797497,11.060279
414279,Mandern,51.12554,9.206155
414318,Twiste,51.33626,8.964011
414485,Binau,49.37259,9.083631
414663,Spöck Richard-Hecht-Schule,49.112812,8.505114
414680,Leipzig-Miltitz,51.325317,12.25503
414739,Schlettau(Erzgeb),50.555008,12.953235
414813,Halle-Ammendorf,51.424133,11.987913
414831,Gollmitz(Niederlausitz),51.7042,13.885669
414842,Ettlingen West,48.94718,8.387878
414873,Karlsruhe Weinweg,49.00431,8.441963
415043,Reinstetten,48.109047,9.93981
415133,Friedersdorf(Königs Wusterhausen),52.289562,13.786518
415200,Salzburg Kasern,47.838875,13.06534
415417,Faulbach(Main),49.786934,9.437614
415450,Bischofshofen,47.41786,13.219888
415538,Karlsruhe Kronenplatz (U),49.009357,8.409983
415572,Blankenloch Kirche,49.064484,8.47132
415899,Feuerthalen,47.69217,8.645968
415914,Georgensgmünd,49.18335,11.016176
415947,"Bahnhof, Wittenberge",53.004498,11.762504
416066,Münchehof(Harz),51.848305,10.188654
416123,S Mahlsdorf Bhf,52.51197,13.61072
416165,Hamm-Westtünnen,51.650215,7.859326
416206,Hausen-Raitbach,47.67931,7.846041
416278,"Schillerstraße, Karlsruhe",49.009754,8.37962
416280,Haslach,48.28004,8.087975
416306,Unterammergau,47.617462,11.030051
416392,Düsseldorf-Zoo,51.23696,6.796924
416576,Bodenrode,51.393528,10.20855
416730,Nordsode,53.332836,8.980288
416865,Ilfeld Tf_Etm 006 P6,51.62604,10.81771
416901,Potsdam Hbf,52.391483,13.066728
417228,Kablow,52.300068,13.721351
417506,Herzogenrath-Alt-Merkstein,50.885433,6.100999
417538,Überlingen Therme,47.769268,9.145642
417572,Dortmund-Löttringhausen,51.451656,7.447228
417626,Sorge So_Bek 002 P2,51.69112,10.70404
417648,Fürth-Unterfürberg,49.474915,10.957532
417652,Hillnhütten,50.97278,8.071317
417663,Häggenschwil-Winden,47.503864,9.358723
417726,Kiel-Ellerbek,54.314117,10.170073
417802,Düsseldorf Hbf,51.219963,6.794319
417830,Bielefeld-Windelsbleiche,51.95701,8.531378
418052,Blumberg-Rehhahn,52.596794,13.592281
418055,Wurmlingen Nord,48.00853,8.775387
418185,Berlin Südkreuz,52.475685,13.365454
418361,Bochum-Hamme,51.491486,7.200935
418400,Wemmetsweiler Rathaus,49.369522,7.085936
418409,Wittbräucke,51.420174,7.44591
418421,Werdau,50.72574,12.367019
418440,Limburg(Lahn),50.384117,8.062342
418461,S Baumschulenweg,52.467636,13.489731
418470,Drohndorf-Mehringen,51.72169,11.515648
418617,Lisny,50.64721,15.212215
418673,Jindrichovice p.Smrkem,50.958725,15.254148
418754,Außenried,49.015762,13.181763
418936,Langenorla Ost,50.730736,11.592446
418945,Hagsfeld Geroldsäcker,49.032772,8.455366
418967,Ehringshausen(Oberhess),50.70878,9.101862
419000,Letschin,52.633144,14.346908
419151,Sessenheim,48.796238,7.989192
419170,Bernburg (Saale) Rosenhag (Parkeisenbahn),51.79777,11.731345
419220,Teschow,53.994354,11.637959
419367,Steinpleis,50.708977,12.394074
419390,Frankfurt(M)Ostendstraße,50.11256,8.696987
419448,Richen(b Eppingen),49.167847,8.936554
419521,Sorge So_Bek 004 P4,51.68299,10.69649
419597,Svor,50.790478,14.59253
419648,Köln Airport-Businesspark,50.910282,7.044451
419711,S Humboldthain,52.544857,13.379497
419734,Hochhausen(Tauber),49.66381,9.633235
419738,Bad Gandersheim,51.86737,10.020236
419972,Dußlingen,48.452408,9.058444
420016,Tiefenbach(b Passau),48.61502,13.42308
420184,Wertach-Haslach,47.628914,10.46025
420247,Schwerte(Ruhr),51.44228,7.55896
420252,Vojens st,55.248478,9.304915
420383,Weckesheim,50.35956,8.843673
420461,Maikammer-Kirrweiler,49.30558,8.147177
420464,S Südkreuz Bhf,52.475662,13.365184
420544,Mainz Nord,50.020065,8.246852
420560,Kalsow,53.925697,11.57835
420568,Langenhorn(Schlesw),54.685932,8.946413
420579,Großauheim(Kr Hanau),50.10705,8.943837
420689,Bürgeln,50.85375,8.817194
420695,Hagsfeld Bahnhof,49.027718,8.453946
420737,Sande,53.489796,8.031519
420746,Ergenzingen,48.489532,8.809857
420852,Bad Karlshafen,51.64627,9.44571
420911,"Poststraße, Karlsruhe",48.995224,8.403982
421073,Frankfurt(M)Konstablerwache,50.114624,8.687098
421252,Geitau,47.693886,11.966403
421277,"Schloss Rüppurr, Karlsruhe",48.981216,8.403784
421327,Nürtingen,48.628067,9.342802
421365,"Yorckstraße, Karlsruhe",49.011063,8.375218
421426,Jülich An den Aspen,50.93607,6.357111
421465,Plaidt,50.395203,7.393638
421587,Walsleben,52.946712,12.67981
421591,Büchig,49.048317,8.461052
421675,Liège-Guillemins,50.62436,5.566483
421802,Empelde,52.340157,9.668982
421945,Petershagen-Lahde,52.36803,9.009813
421968,Bad Kötzting,49.17292,12.851892
421980,St Ottilien,48.094543,11.04839
421990,Burladingen,48.290054,9.113057
422013,Immendingen,47.93601,8.729536
422112,"Europaplatz, Karlsruhe",49.00954,8.39496
422139,Hoßkirch Königseggsee,47.93372,9.437613
422163,Bersenbrück,52.551243,7.942405
422189,Eichenzell,50.494144,9.694439
422208,Dettingen-Mitte,48.527817,9.34463
422217,Marl-Sinsen,51.667747,7.173482
422498,Nechlin,53.44176,13.903456
422533,Holzminden,51.820267,9.453743
422563,Willmering,49.246574,12.670073
422567,Hegelsbergstraße  Ri. Wiener Straße,51.336765,9.490592
422651,Glauchau(Sachs),50.828526,12.548646
422672,Karlsruhe Einfahrt über Gl. 21,49.007675,8.433653
422726,Göppingen,48.700027,9.651969
422803,Münzesheim Ost,49.12149,8.726215
422983,Wilhelmshütte(Lahn),50.86838,8.550746
423121,Dresden Flughafen,51.124664,13.765993
423171,Bonn-Mehlem,50.66915,7.181342
423228,Zell(Harmersbach),48.3451,8.064706
423264,Schönerlinde,52.652184,13.428633
423312,Kurort Kipsdorf Bahnhof,50.80574,13.676347
423598,Sturovo,47.800125,18.67992
423663,Vaterstetten,48.10411,11.76438
423690,Kirchenlaibach,49.869904,11.776325
423714,Benndorf,51.575455,11.492014
423784,Bruchsal Schloßgarten,49.13144,8.59406
423843,Heidelberg-Schlierbach/Ziegelhausen,49.41531,8.760564
423882,Obergriesbach,48.421925,11.07976
423966,Basse-Ham,49.38074,6.235114
424099,S Priesterweg,52.459923,13.356187
424310,Radebeul-Kötzschenbroda,51.107616,13.628693
424438,Rohatsko,50.43713,15.107543
424513,Kehlen,47.68303,9.548184
424524,Schkeuditz West,51.40291,12.195667
424671,Altglashütten-Falkau,47.85939,8.114113
424681,Bad Köstritz,50.93159,12.028452
424691,"Dodenhof, Kaltenkirchen",53.84441,9.939692
424853,"Chemnitz, Theaterplatz",50.83756,12.925984
424857,Gevelsberg-Kipp,51.31993,7.327172
424864,Nässjö Central,57.652126,14.694786
424881,Wernau(Neckar),48.69425,9.413898
424909,München-Fasanerie,48.19781,11.525924
425003,Cheb-Skalka,50.07398,12.348341
425007,Dresden Bischofsplatz,51.072334,13.746248
425077,Eßleben,49.9431,10.085225
425200,Hilter,52.135258,8.152301
425332,S Olympiastadion,52.511974,13.242495
425379,Wegeleben,51.871582,11.168551
425381,Herzberg(Mark),52.905502,12.977653
425421,Wilhermsdorf Mitte,49.47999,10.716547
425530,Wolfegg,47.824265,9.808665
425551,Stetten(Donau),48.022816,8.872354
425575,Morsum,54.872143,8.432464
425623,Oberharmersbach-Riersbach,48.38079,8.140512
425634,Bickenbach(Bergstr),49.76038,8.603497
425687,Mannheim Handelshafen/Jungbusch,49.492622,8.453917
425877,Lauscha(Thür),50.473312,11.160302
425904,Riegel-Malterdingen,48.15197,7.77085
425942,Seefeld in Tirol,47.32873,11.189483
426001,Freiburg Messe/Universität,48.012917,7.832668
426057,Bachfeld,50.405773,10.982451
426059,Windsbach,49.249695,10.825716
426148,S Marzahn,52.543324,13.540944
426160,S Lichterfelde Ost Bhf,52.42992,13.328299
426221,S+U Lichtenberg Bhf,52.51022,13.497972
426333,Martinice v Krkonosich,50.580734,15.541151
426372,Gettorf,54.409893,9.978678
426385,Kovarska,50.43018,13.035015
426451,Burg(Dillkr) Nord,50.699883,8.307686
426494,Hauptbahnhof Gleis 4 Ri. SCPL,51.31817,9.488876
426497,Dorfgastein,47.238487,13.103074
426560,Runkel,50.4053,8.159441
426637,Stuttgart-Feuerbach,48.813683,9.169133
426725,Plzen-Doudlevce,49.721714,13.383042
426738,Wiesbaden Hbf,50.07079,8.243731
426844,Henstedt-Ulzburg,53.79512,9.982182
426921,Engelskirchen,50.986717,7.407681
426957,Untergriesheim,49.265102,9.222779
427052,Wernigerode Drt_Drw 003 P3,51.79399,10.73278
427069,Recklinghausen Süd,51.562965,7.195754
427103,Blankenloch Nord,49.073265,8.46787
427120,Herbertshofen,48.52953,10.848027
427168,Dübendorf,47.40008,8.623422
427255,Weingarten Berg,47.816853,9.616876
427316,Huntlosen,52.990818,8.26652
427346,S Lichterfelde Süd,52.410217,13.308767
427366,Zwingenberg(Baden),49.41603,9.04283
427491,Dreieich-Offenthal,49.98185,8.74964
427495,Alsheim,49.76553,8.342462
427539,Lingen(Ems),52.519867,7.321731
427639,Rodleben,51.897488,12.21729
427718,Bichl,47.723816,11.408769
427801,Fieberbrunn,47.49114,12.528944
427839,Salzburg Sam,47.8196,13.063153
428009,S Eichborndamm,52.577686,13.317219
428069,Egnach,47.54399,9.383017
428114,Hoenheim-Tram,48.628624,7.757942
428142,Werdau Nord,50.743675,12.371521
428227,Venezia Mestre,45.481907,12.231898
428230,Szamotuly,52.603542,16.58542
428309,Bohmte,52.361633,8.307525
428380,S Poelchaustr.,52.535664,13.535393
428454,Kaiserslautern West,49.447536,7.749812
428460,Gemünden(Main),50.05002,9.699894
428465,Sprendlingen(Rheinhess),49.858948,7.981795
428479,Hallbergmoos,48.309166,11.714334
428497,Brugg AG,47.48086,8.208845
428576,Dortmund-Oespel,51.488396,7.383811
428602,Weinböhla Hp,51.1591,13.561549
428660,Blankenstein(Saale),50.40114,11.69806
428794,Günzburg,48.460564,10.279262
429039,Priort,52.51647,12.971532
429132,Velky Senov zast.,51.004704,14.394126
429166,Quelle,52.00049,8.460768
429430,Prösen,51.434917,13.488216
429454,Gochsheim(Baden),49.10941,8.744695
429464,Groß Laasch,53.34648,11.534139
429542,Frankfurt-Nied,50.10252,8.570734
429545,Weeze,51.624294,6.197976
429550,Mosbach-Neckarelz,49.348484,9.113093
429869,Hardhof,49.496925,10.784726
429884,Karlsruhe Entenfang,49.01055,8.35926
429960,Adelsheim Ost,49.403122,9.395127
430118,Tutzing,47.907143,11.27289
430123,S Hohenzollerndamm,52.488617,13.300161
430163,Bräunlingen Industriegebiet,47.928337,8.470812
430239,Bredstedt,54.621166,8.970336
430254,Augsburg Morellstr.,48.355087,10.892948
430304,Halberstadt Hbf,51.899307,11.073452
430337,Förbau,50.20752,11.910685
430498,Hannover-Nordstadt,52.393845,9.717763
430659,Potsdam Charlottenhof,52.392803,13.037517
430743,Bohusovice nad Ohri,50.491306,14.149456
430745,Benneckenstein Klb_Sh 002 P2,51.65153,10.75945
430780,Wegberg,51.14518,6.281289
430811,Lindow(Mark),52.961273,12.981558
430880,Vierkirchen-Esterhofen,48.36112,11.445108
430893,Wernigerode Gow_Brm 003 P3,51.79318,10.61869
430998,Kohlscheid,50.83173,6.074485
431061,S Zepernick,52.659798,13.534196
431086,Hauptstuhl,49.401974,7.490949
431215,Oranienbaum(Anh),51.80092,12.390405
431226,Schwaigern(Württ) West,49.138813,9.042472
431294,Mlada Boleslav mesto,50.41919,14.916094
431309,Höxter-Ottbergen,51.71099,9.304909
431347,Bremen Hbf,53.08348,8.813834
431470,"Erbprinz/Schloss, Ettlingen",48.940716,8.404548
431541,Itzelberg,48.730682,10.1363
431545,Lödingsen,51.589195,9.791027
431554,S Bernau Bhf,52.675594,13.591672
431675,Maulbronn Stadt/Kloster,48.996933,8.803726
431764,Eutin,54.13534,10.610123
431806,Oberoderwitz Oberdorf,50.97383,14.678718
431815,Roisdorf,50.75318,7.01614
431825,Wasenweiler,48.04659,7.686813
431864,Hersbruck(l Pegnitz),49.50046,11.435143
431878,Korbach Hbf,51.278713,8.873229
431920,Stederdorf(Kr Uelzen),52.90743,10.592702
432246,Baden-Baden Rebland,48.733845,8.146572
432247,Libesice,50.572075,14.284974
432309,Blechhammer(Thür),50.396835,11.203156
432320,Lößnitzgrund,51.121277,13.653908
432341,Kraftwerk Finkenheerd,52.262512,14.575221
432664,Weinheim-Sulzbach,49.5758,8.65636
432690,Grub(Oberpf),49.357857,12.681653
432765,Karlsruhe Einfahrt über Gl. 43,49.007004,8.434255
432858,Leißling,51.185486,11.909824
432865,Marktoberdorf,47.779217,10.61423
432972,Jestetten,47.654728,8.574397
433004,S Schöneberg,52.479324,13.351584
433089,Gießen,50.57906,8.661462
433093,Borovy,49.526848,13.299456
433295,Lübeck-Kücknitz,53.924953,10.81889
433342,Melsungen-Röhrenfurth,51.154377,9.548372
433388,Wallwitz(Saalkr),51.581757,11.921079
433451,Rabenau Bahnhof,50.963146,13.63498
433591,Gera Süd,50.87116,12.076443
433621,Kettwig,51.363377,6.953747
433813,Norrköping Central,58.596558,16.18368
433824,Bösdorf(Sachs-Anh),52.4221,11.064149
433865,Lobstädt,51.135998,12.448732
434207,Beelitz-Heilstätten,52.26224,12.925891
434247,Neue Schenke,50.87539,11.63763
434334,Wachenheim(Pfalz),49.4393,8.191152
434396,Köln Hbf,50.94303,6.958729
434421,Wernigerode Kn_Schr 004 P4,51.7622,10.68461
434520,Lomnice nad Popelkou,50.526844,15.374028
434558,Isernhagen,52.48609,9.803842
434676,Schwanenstadt,48.054,13.76788
434868,Beratzhausen,49.092846,11.807853
435057,Leipzig Anger-Crottendorf,51.332436,12.420511
435128,Neu Pudagla,54.000336,14.065198
435316,Mainz-Gonsenheim,49.997757,8.214478
435318,Krauschwitz / Baierweiche,51.53435,14.692656
435439,Bad Schönborn-Kronau,49.219345,8.646821
435598,Oranienburg,52.754093,13.249336
435622,"Breitscheidt(Altenkirchen, Ww)",50.748436,7.661486
435645,Wörth(Rhein),49.045677,8.273146
435753,Lauta(Nl),51.44723,14.093147
435843,Ludesch,47.180305,9.771254
435922,"Elmstein, Bahnhof",49.349842,7.942877
435944,Essen Süd,51.439297,7.023098
436053,Wiener Neustadt Hbf,47.81108,16.233652
436110,"Albgaubad, Ettlingen",48.936893,8.415184
436130,Eyach,48.44629,8.783101
436157,Namborn,49.523922,7.146277
436432,Reinsdorf(bei Nebra),51.297997,11.601464
436448,Taxenbach-Rauris,47.29285,12.947991
436598,Bruchsal Stegwiesen,49.136436,8.598199
436796,Hamburg-Ottensen,53.55956,9.926941
436815,Bad Schandau,50.91929,14.137537
436822,Köln-Blumenberg,51.037415,6.881921
436866,Stolpen,51.037052,14.08725
436921,Melbach,50.37889,8.811518
437079,S+U Hermannstr.,52.46758,13.431255
437122,Hornstorf,53.90669,11.534673
437129,Stare Splavy,50.587395,14.629315
437205,Erding,48.30346,11.912063
437302,Nieder-Ohmen,50.644966,9.034133
437331,Daxlanden Nussbaumweg,48.989147,8.333006
437404,Decin-Certova voda,50.81666,14.221622
437413,Gerstungen,50.964664,10.065041
437450,Vsetaty,50.282345,14.58511
437613,Kirchehrenbach,49.735146,11.141397
437786,Pößneck unt Bf,50.700535,11.606872
437821,Schmölln(Thür),50.89832,12.354899
437823,Engstingen Schulzentrum,48.383724,9.28397
437833,Bad Salzdetfurth Solebad,52.06994,10.018916
437846,Triberg,48.140003,8.236806
437871,Essen-Bergeborbeck,51.480396,6.977111
437887,Leubsdorf(Sachs),50.80185,13.14131
437900,S Königs Wusterhausen Bhf,52.296642,13.631479
438190,Radis,51.754704,12.504183
438288,Olten,47.351936,7.9077
438323,Schülldorf,54.298862,9.747804
438336,Oberursel(Taunus),50.199425,8.589409
438400,Venlo,51.364407,6.171838
438468,Schwenningen(Bay),48.65646,10.642895
438489,Reinfeld(Holst),53.83043,10.494537
438501,Andorf,48.369846,13.565795
438738,Landstuhl,49.416286,7.565931
438793,Hannover Messe/Laatzen,52.3169,9.792863
438800,Düsseldorf-Derendorf,51.247623,6.794512
438874,Neufra(Hohenz),48.246147,9.186292
438875,Chelm,51.141197,23.494036
438931,Nennigmühle,50.69109,13.253168
439304,Gelsenkirchen-Rotthausen,51.49264,7.089009
439332,Sallach,48.81127,12.360541
439407,Hetzerath,49.878136,6.798385
439539,S Hackescher Markt,52.522724,13.402429
439639,Steina,51.10336,13.022657
439770,Nagold-Iselshausen,48.531532,8.725961
439929,Brockhöfe,53.002117,10.258499
440050,Schnaittach Markt,49.556976,11.34444
440061,Luckau-Uckro,51.851368,13.608051
440067,Böblingen,48.68782,9.004712
440247,Hennef im Siegbogen,50.773155,7.313288
440265,Dietersheim,49.55688,10.543103
440444,Unterheckenhofen,49.213516,11.056154
440483,Nejdek,50.319084,12.727467
440589,Niederdorfelden,50.193165,8.809034
440852,Oelsnitz(Erzgeb),50.734177,12.693933
440995,Meinersen,52.44919,10.321114
441058,Forchheim Leichtsandstr./Messe KA,48.981876,8.322963
441063,Loppenhausen,48.16251,10.390907
441117,Dessau Adria,51.82119,12.314419
441127,Gars(Inn),48.14754,12.29855
441312,"Rehbrücke Bahnhof, Potsdam",52.358154,13.097973
441341,Saarbrücken Ost,49.230427,7.018788
441384,Kreuzstraße,47.916492,11.759014
441542,Balve,51.332596,7.863071
441573,Sulzbach(Inn),48.45469,13.382017
441653,Friedrichshafen Stadt,47.653225,9.4739
441705,Edingen(Wetzlar),50.632362,8.323007
441771,Mulhouse Ville,47.741955,7.343048
442010,"Weinbrennerplatz, Karlsruhe",49.00564,8.376714
442105,Turgi,47.491756,8.253459
442203,Kovarska mestys,50.440292,13.069297
442279,Niklashausen,49.7017,9.613916
442331,Meißen Triebischtal,51.152473,13.462529
442333,Aukrug,54.082397,9.78581
442377,S Babelsberg,52.391342,13.092809
442430,Zeil,50.005142,10.598519
442512,Hamburg Neuwiedenthal,53.47306,9.877434
442617,Rekingen AG,47.56997,8.327126
442640,Schrezheim,48.951126,10.11788
442678,"Starckstraße, Karlsruhe",49.01683,8.35287
442685,Schopp,49.358868,7.687317
442953,Hamburg-Eidelstedt Zentrum,53.610374,9.901522
443252,Geinberg,48.266373,13.291508
443280,Maximiliansau West,49.038933,8.291797
443291,S Anhalter Bahnhof,52.503563,13.381396
443293,Bamberg,49.90076,10.899489
443329,Münster(Westf)Hbf,51.956566,7.635715
443372,Tangermünde,52.545742,11.969957
443378,Potsdam-Rehbrücke,52.358135,13.098037
443412,Sohl,50.275654,12.282436
443479,Zempin,54.06598,13.959447
443545,Wössingen,49.015507,8.605129
443581,Kapellen-Wevelinghoven,51.129795,6.621061
443641,Fulda,50.554905,9.684169
443680,Kleinfurra,51.417408,10.763196
443713,Brakel(Höxter),51.712166,9.1832
443724,S Ostkreuz Bhf,52.50351,13.468841
443727,Karlsdorf,49.144485,8.547872
443901,Lorraine TGV,48.94741,6.169689
443908,Twistringen,52.79188,8.644832
443952,Glöwen,52.90368,12.083599
444040,Subzin-Liessow,53.89192,12.347623
444105,"Bahnsdorf Bahnhof, Neu-Seeland",51.58118,14.111089
444186,Altenbeken,51.766434,8.943319
444243,Cloppenburg,52.843994,8.055763
444264,Münster-Amelsbüren,51.883663,7.598897
444374,Mellendorf,52.5482,9.744501
444730,Langenfeld(Rhld),51.102676,6.938278
444747,Bad Imnau,48.404156,8.770092
444753,Nackenheim,49.919106,8.341885
444830,Graben(Lechfeld)Gewerbepark,48.199146,10.852411
444950,Adelschlag,48.84076,11.211443
444984,Herzhorn,53.78354,9.483884
445006,Reken,51.801846,7.049956
445036,Kassel-Wilhelmshöhe Gl.8 Ri. Melsungen,51.3117,9.447847
445111,Thayngen,47.745502,8.7043
445190,Krimov-Suchdol,50.49009,13.324991
445296,Kirchhundem,51.086067,8.078103
445313,Wernigerode Drt_Drw 008 P8,51.78809,10.73904
445322,Kobern-Gondorf,50.300716,7.46075
445337,Dortmund-Wickede West,51.529453,7.607215
445347,Oberbrechen,50.3545,8.187801
445430,Winterbach(b Schorndorf),48.79843,9.480994
445433,Augustfehn,53.22089,7.759659
445503,Rechtenstein,48.24001,9.551309
445565,Mommenheim,48.755848,7.641459
445569,Distelhausen,49.598232,9.683508
445715,Duisburg-Schlenk,51.40178,6.773206
445888,S+U Jungfernheide Bhf,52.53036,13.299325
445935,Zivonin,50.39401,14.613092
445959,Hallwang-Elixhausen,47.85784,13.091782
446125,Seehausen(Uckermark),53.220795,13.884809
446148,Elend Elend Gleis 1,51.74598,10.68977
446183,Kiefersfelden,47.609837,12.190535
446382,Barnten,52.195145,9.81479
446457,Schönebeck(Elbe),52.018795,11.733157
446475,Kassel-Oberzwehren Gl.1 Ri. Kassel,51.276436,9.454096
446533,Sedziszow Malopolski,50.07528,21.694704
446753,Bedburg-Hau,51.758053,6.173479
446805,Zeutern Sportplatz,49.17799,8.67065
446867,Schrobenhausen,48.565334,11.259318
447033,Szklarska Poreba Gorna (Bahnhof),50.832542,15.519079
447043,Nürtingen,48.628113,9.34291
447108,S Humboldthain,52.544884,13.379364
447118,Unterloquitz,50.580444,11.391975
447186,Blankenberg(Meckl),53.772305,11.71529
447217,Seligenstadt Mainschleifenbahn,49.85701,10.10203
447296,Groß Pankow,53.122993,12.047298
447330,Drebkau,51.655,14.223084
447369,Altenstadt(Hess),50.283314,8.943982
447528,Hebertsfelden,48.416496,12.818533
448079,Theisbergstegen,49.51898,7.448373
448126,Karstädt,53.16083,11.738244
448157,Kronach,50.239613,11.320115
448165,Westewitz-Hochweitzschen,51.137615,13.027851
448230,Neuschweizerthal,50.937096,12.848397
448236,Dortmund-Dorstfeld Süd,51.500633,7.420017
448593,Gondelsheim Schlossstadion,49.06574,8.662867
448650,Wuppertal Hbf,51.254364,7.149543
448707,Marsberg-Bredelar,51.41917,8.776566
448734,Geraberg,50.71559,10.857196
448959,Rejowiec,51.11764,23.239265
449065,Ilfeld Eisfelder Talmühle Gleis 2,51.62076,10.81291
449070,Premnitz Zentrum,52.529156,12.343187
449165,Rentwertshausen,50.45516,10.432284
449250,Steilküste/Wittenbeck,54.144768,11.793771
449267,Arenshausen,51.375053,9.968559
449344,Frankfurt(Main)Süd,50.099365,8.686457
449387,Perl,49.473164,6.369321
449517,Bruxelles Midi,50.835377,4.335694
449561,Kempten(Allgäu)Hbf,47.711746,10.31761
449604,Nechlin,53.441788,13.903314
449605,Haigerloch,48.3702,8.801301
449826,München Leuchtenbergring,48.13425,11.615986
450014,Reichersbeuern,47.77464,11.635984
450029,Kleinostheim,50.002644,9.072252
450061,Hohendorf,54.02727,13.730268
450078,Silbermühle,53.420143,12.252465
450153,Kralupy nad Vltavou,50.238728,14.313473
450185,Siegelsdorf,49.50635,10.875519
450219,Furth im Wald,49.30981,12.838811
450288,Bad Wildungen,51.119617,9.136091
450289,Weißandt-Gölzau,51.66967,12.028765
450428,Smrzovka,50.740376,15.244069
450651,Prien,47.854946,12.347532
450811,Leinfelden,48.696507,9.142866
450836,Warenshof,53.53079,12.645419
450838,Waldkirchen(Erzgeb),50.762714,13.090571
450844,Lippstadt,51.67069,8.348785
450880,Bruchenbrücken,50.30218,8.788489
450966,Heidelsheim Nord,49.105114,8.645252
450997,Klinge,51.74355,14.518318
451100,S Rummelsburg,52.501167,13.478667
451202,Großneuhausen,51.164516,11.286163
451350,Maichingen,48.72195,8.969779
451767,"Tullastraße/Alter Schlachthof, Karlsruhe",49.00606,8.43282
451770,Bodenfelde,51.63721,9.561667
451796,Bad Suderode,51.733673,11.125782
451797,Messel,49.921783,8.746587
452087,Mainz-Laubenheim,49.96123,8.314183
452105,Metelen Land,52.162495,7.254173
452186,Gölshausen Industriegebiet,49.051804,8.739879
452225,Haiding,48.20999,13.974696
452281,Inningen,48.311337,10.868876
452433,S Karlshorst,52.480537,13.527019
452455,Wilster,53.926228,9.383456
452573,Happurg,49.500053,11.468355
452714,Stollberg(Sachs),50.70931,12.773549
452774,Endingen(Württ),48.257385,8.83688
452819,Friedrichsthal(Saar) Mitte,49.32716,7.093916
452888,Kolbermoor,47.851925,12.064147
452890,Wernshausen,50.72124,10.353606
453179,Leipzig-Connewitz,51.300716,12.386312
453313,"Moltkestraße/Städt. Klinikum, Karlsruhe",49.015377,8.375065
453458,Ersingen,48.930656,8.63856
453503,Kyritz Am Bürgerpark,52.949165,12.38991
453563,Berlin-Lichtenberg,52.510216,13.496164
453591,"Kongresszentrum (U), Karlsruhe",49.00259,8.40317
453803,Mannheim-Luzenberg,49.5172,8.477775
453998,S Storkower Str.,52.52373,13.465094
454022,Zdice,49.90773,13.979303
454098,Eichhagen,51.059166,7.836871
454133,"Hauptbahnhof ZOB, Eberswalde",52.833755,13.797157
454192,"Staré Krecany, Panský",50.948357,14.462921
454249,Praest,51.82186,6.345534
454373,Ducherow,53.766136,13.796021
454404,Bonn-Endenich Nord,50.73559,7.062211
454687,Adendorf,53.28245,10.454322
454739,Mahlwinkel,52.39373,11.788824
454781,Wattenscheid-Höntrop,51.459892,7.153535
454918,Ziltendorf,52.199364,14.616253
454942,Wittenbach,47.46285,9.388548
455162,Lübbenau(Spreewald),51.861996,13.961051
455280,Gau Bickelheim,49.840294,8.020291
455343,Braunschweig-Gliesmarode,52.275723,10.551499
455459,Darmstadt-Wixhausen,49.93075,8.647919
455700,Stenn,50.678757,12.441635
455816,Maisach,48.214146,11.256393
455896,Neustadt(Aisch)Mitte,49.574203,10.609306
455899,Bernburg (Saale) Tiergarten (Parkeisenbahn),51.79603,11.727484
455915,S Grunewald,52.48818,13.261234
455988,Rot-Malsch,49.243385,8.65221
456166,Woffleben,51.55597,10.721395
456191,Kaarster Bahnhof,51.22255,6.607274
456210,Egling,48.190865,10.976504
456212,Rzepin,52.350224,14.815073
456243,Leipzig-Rückmarsdorf,51.34187,12.282668
456327,Böbrach,49.052994,13.014504
456458,Hohenpeißenberg,47.788795,10.999251
456550,Martinice v Krkonosich,50.580723,15.540881
456580,Kelsterbach,50.06249,8.529479
456607,Friedrichsthal(Saar),49.32006,7.08913
456942,Wolfsburg Hbf,52.429497,10.787784
457000,S Messe Nord/ZOB,52.50774,13.283409
457110,Salzburg Aigen,47.788723,13.078535
457215,Brest-Aspe,53.460587,9.382342
457347,"Meinersdorf, Bahnhof",50.723106,12.888327
457373,Vitineves,50.399307,15.38073
457374,Fischbach-Camphausen,49.304745,7.031132
457411,Brück(Mark),52.18701,12.75893
457530,Hüttengrund,50.381153,11.197711
457596,Ehrwald Zugspitzbahn,47.410122,10.913742
457618,Velky Senov,50.99323,14.379944
457686,Usti nad Labem-Strekov,50.64979,14.048374
457767,"Yorckstraße, Karlsruhe",49.01087,8.376197
457847,Baden-Baden,48.790325,8.190831
457902,St Wendel,49.466953,7.165293
458052,Krzewina Zgorzelecka,51.01556,14.939797
458076,Bergen auf Rügen,54.4205,13.417821
458207,Zittau(Gr),50.892326,14.828974
458247,Burbach Mitte,49.24361,6.944932
458561,Frankenberg-Viermünden,51.100937,8.83307
458608,Michelau(Oberfr),50.15498,11.116245
458646,Sebnitz Bahnhof,50.97587,14.272316
458715,Bruchsal Schlachthof,49.118927,8.609716
458759,S Hohen Neuendorf,52.668644,13.286992
458760,Rotenbach(Enz),48.830162,8.578903
458812,Wuppertal-Barmen,51.26697,7.195159
458879,"Oderin Hauptstr., Halbe",52.074574,13.726927
459083,Mainz Waggonfabrik,50.014915,8.235108
459304,Schwarzenberg(Erzg) Eisenbahnmuseum,50.545975,12.774527
459349,Witzenhausen Nord,51.351555,9.863079
459364,Ettlingen Stadt,48.938618,8.409106
459434,S Westkreuz,52.500813,13.28379
459443,Bakov nad Jizerou mesto,50.478954,14.939109
459532,Hauptbahnhof Gleis 6 Ri. DB,51.31827,9.488946
459538,Ferch-Lienewitz,52.303734,12.964188
459548,Melsungen-Schwarzenberg Gl2 Ri FMLS,51.14593,9.560911
459623,"Chemnitz, Zentralhaltestelle",50.832745,12.921385
459719,Benneckenstein Klb_Sh 006 P6,51.64323,10.78066
459906,Rülzheim Bf,49.16087,8.290446
460007,Lvova,50.781006,14.787851
460029,Wahlheim,49.719105,8.09992
460152,S Buch,52.63582,13.491694
460280,Köln Hansaring,50.94913,6.952565
460300,Dachau Bahnhof,48.25465,11.44426
460333,Trochtelfingen(b Bopfingen),48.838364,10.401823
460419,Altmittweida,50.968704,12.959645
460465,S+U Friedrichstr. Bhf,52.520477,13.386234
460491,Leitstade,53.169144,10.912783
460665,Gnevkow,53.792896,13.17467
460784,"Rheinhafen, Karlsruhe",49.01561,8.34736
460886,Nordhorn-Blanke,52.417,7.07477
460984,Essel,53.490036,9.27274
461030,Soltau Nord,53.001366,9.861013
461135,Heufeldmühle,47.877552,11.934356
461176,Rotkreuz,47.141766,8.430495
461184,Erkersreuth,50.186623,12.141494
461186,Saalburg(Taunus),50.283607,8.586492
461293,Oberharmersbach Dorf,48.373306,8.124407
461556,Mansfeld Schleife (Parkeisenbahn),51.601364,11.415783
461844,Öhringen-Cappel,49.20196,9.526919
462026,"Rodgau Weiskirchen, Bahnhof Mast 03",50.05257,8.877849
462335,Niederscheld(Dillkr)Süd,50.71773,8.3033
462386,Heimstetten,48.158756,11.759659
462405,Rudolstadt(Thür),50.71793,11.338899
462418,Sagard,54.52438,13.564956
462624,Forst(Lausitz),51.738846,14.637145
462691,Wega,51.128193,9.175551
462753,Rostock Thierfelder Str.,54.077877,12.09991
462754,Unterelchingen,48.453033,10.100217
462832,"Bahnhof, Groß Köris",52.159817,13.650531
462851,Dresden-Reick,51.021317,13.790514
462865,Sülzbach,49.14855,9.340458
462983,Ottersberg(Han),53.09685,9.13315
463032,Lindenholzhausen,50.377563,8.133372
463084,München-Trudering,48.126064,11.663375
463158,"Kemtau, Bahnhof",50.742954,12.953913
463206,Hüntwangen-Wil,47.58127,8.512848
463229,Viernau,50.667107,10.558908
463242,Stockhausen(Lahn),50.540535,8.325365
463264,Mikulasovice dolni nadrazi,50.984337,14.336654
463299,Cham(Oberpf),49.22187,12.656832
463355,Schwarzach i Vorarl.,47.446133,9.754395
463365,Hohenwarth,49.205387,12.943161
463579,"Langensteinbach Schießhüttenäcker, Karlsbad",48.9201,8.49932
463657,Oberachern,48.614098,8.079251
463677,Biendorf,51.756863,11.856411
463736,Steinach(bei Rothenburg ob der Tauber),49.453217,10.273535
463976,Lauterbach(Rügen),54.345215,13.500754
464136,"Neustadt, Hauptbahnhof",49.349648,8.141584
464217,Eichstätt Bahnhof,48.86988,11.16365
464238,Großschwabhausen,50.93696,11.481934
464248,Deutzen,51.11443,12.419542
464249,Oberalm,47.69984,13.093211
464344,Pomezi nad Ohri,50.086056,12.272207
464732,Hammelburg Ost,50.11589,9.902111
464755,Puch bei Hallein,47.71285,13.090623
464907,Leingarten Ost,49.144173,9.130958
464914,"Dorfchemnitz, Bahnhof",50.6659,12.839881
464984,Glattbrugg,47.43083,8.558854
465075,Dutenhofen(Wetzlar),50.564335,8.598572
465098,Frechen-Königsdorf,50.9365,6.777846
465121,Lochham,48.128246,11.43089
465207,Schwante,52.73482,13.091481
465219,Cammin(Meckl),53.440365,13.30198
465245,Irfersgrün,50.608547,12.409602
465372,Dattenfeld(Sieg),50.80916,7.546252
465588,Berghausen(Baden),49.00569,8.530589
465630,"Jahnsdorf, Haltepunkt",50.755093,12.857838
465690,"Hausberg, Garmisch-Partenkirchen",47.48338,11.09201
465764,Györ,47.68198,17.63479
465843,Cölbe,50.84859,8.787963
465964,Cottbus-Willmersdorf Nord,51.8162,14.384955
466083,Singen Landesgartenschau,47.76094,8.827112
466127,Bakov n.Jizerou,50.472183,14.922822
466200,Haßloch(Pfalz),49.371956,8.253396
466461,Potucky zastavka,50.418728,12.73493
466550,Mühltal,49.832203,8.703318
466559,Wackershofen,49.13725,9.697115
466569,Cursdorf,50.571873,11.132022
466575,Winterthur,47.500336,8.723821
466586,Immenstadt,47.559204,10.213999
466604,Berlin Hbf,52.525097,13.369321
466617,Lindern,50.99684,6.207467
466647,Urspring,48.550144,9.894569
466653,Saarlouis Hbf,49.32783,6.750169
466705,Freiburg-Zähringen,48.024364,7.863734
466720,S Bornholmer Str.,52.554626,13.397809
466890,Calden-Fürstenwald Gl.1 Ri.Wolfhagen,51.380432,9.360085
466909,Babylon,49.398876,12.869049
466949,Hartenstein,50.651833,12.658653
467006,Seebach(Mühlhausen),51.170013,10.521193
467022,"Freiburg, Hauptbahnhof",47.996544,7.840532
467062,Ulbersdorf Bahnhof,50.95562,14.2199
467097,Wasserzell(b Eichstätt),48.875347,11.16797
467121,S Bornholmer Str.,52.55463,13.39794
467136,"Rüppurr Battstraße, Karlsruhe",48.96525,8.404808
467144,Letter,52.393898,9.63948
467231,Landquart,46.96744,9.554045
467244,"Einsiedel, Brauerei",50.765312,12.975482
467446,Möhlin,47.56186,7.833863
467490,Ludwigsburg,48.89186,9.18542
467522,"Chemnitz, TU Campus",50.813927,12.930719
467598,Jübek,54.55878,9.405438
467656,Rodgau-Jügesheim,50.025955,8.878919
467676,S Schlachtensee,52.440147,13.215488
467686,S Zehlendorf,52.431114,13.258599
467713,Obermodern,48.842342,7.54688
467728,Melsungen Gl.2 Ri. Kassel,51.12611,9.546357
467746,Friedelhausen,50.671608,8.710961
467755,S+U Wedding,52.543064,13.367664
467757,Szczecin Dabie,53.391228,14.669465
467789,Heidenheim-Schnaitheim,48.708282,10.15876
467793,Friesack(Mark),52.76063,12.587826
467867,Landschlacht,47.62889,9.246949
467878,Weixdorf Bad,51.140118,13.802003
467932,Gossau SG,47.41183,9.253051
467998,Zülpich,50.698174,6.662476
468101,Ötisheim,48.96657,8.813508
468364,Niederdresselndorf,50.72121,8.136394
468475,Enzberg,48.933884,8.799804
468485,Förtschendorf,50.392902,11.350128
468493,Krizany,50.751392,14.918502
468512,Fürth Westvorstadt,49.46903,10.971479
468679,Quickborn Süd,53.723083,9.90747
468739,Bahnhof Oranienbaum,51.800987,12.390482
468774,München-Obermenzing,48.164223,11.478117
468792,Langwiesen,47.683453,8.66232
468807,Brühl,50.82865,6.913105
468916,Nieder Flörsheim-Dalsheim,49.656902,8.204274
468967,Kolding st,55.49084,9.481528
469047,Leverkusen-Küppersteg,51.045822,6.988119
469080,Teschenhagen,54.389366,13.374233
469273,Hamburg Hochkamp,53.56137,9.842076
469295,Siersleben,51.608242,11.540922
469304,Binz LB,54.392784,13.609943
469462,Waldmünchen,49.377888,12.696007
469516,Grobau,50.4323,11.943905
469540,Rottershausen,50.166443,10.166333
469585,Luxembourg,49.599712,6.134396
469628,"Chemnitz, Erfenschlag Mitte",50.78782,12.949987
469637,Höhenkirchen-Siegertsbrunn,48.018463,11.719226
470116,"Bahnhof, Pritzwalk",53.145863,12.185062
470176,Mönchengladbach-Genhausen,51.148083,6.32904
470334,Barmstedt,53.792976,9.772007
470335,Mannheim-Friedrichsfeld Süd,49.438145,8.572382
470417,Ceska Kubice,49.374557,12.865142
470817,Tittmoning-Wiesmühl,48.02391,12.744898
470876,Hochdahl-Millrath,51.2165,6.966684
470898,Malechovice,50.493423,15.187493
470931,Bremen-Farge,53.2052,8.516602
471010,Borkheide,52.23062,12.854238
471023,S Birkenstein,52.515686,13.647324
471054,Dessau-Mosigkau,51.814075,12.148546
471165,Teufelsmühle,50.8533,14.751792
471264,S Hirschgarten,52.457867,13.603123
471392,Kurort Oybin,50.843662,14.745577
471472,Ürzig(DB),49.995934,7.004806
471582,Bieringen,48.449028,8.860915
471608,Uhsmannsdorf,51.328136,14.894309
471631,Ebertsheim,49.564003,8.108237
471648,Grub am Forst,50.227524,11.025858
471679,"Bahnhof, Elsterwerda",51.46012,13.51666
471836,Korntal,48.82636,9.12055
471848,Gotha Ost,50.96188,10.720869
471995,Ahrensburg,53.66917,10.236206
472041,Bad Waldsee,47.925243,9.752274
472091,Burgdorf,52.448708,10.002837
472146,"Neukirchen, Bf Neukirchen-Klaffenbach",50.771053,12.893322
472165,Rostock-Lütten Klein,54.13822,12.064985
472414,Neukirchen-Wyhra,51.087845,12.533536
472527,Schiltach,48.291176,8.335155
472569,Sigmaringendorf,48.068897,9.260724
472583,Chenee,50.60792,5.616429
472693,Gelsenkirchen Hbf,51.5049,7.102455
472702,Siglingen,49.297436,9.305336
472791,Leipzig Hbf,51.34547,12.382064
472809,Eschweiler-Weisweiler,50.824173,6.320318
472847,"Bahnhof, Rathenow",52.59958,12.354209
472920,Drensteinfurt,51.799156,7.733609
472972,Niederpöllnitz,50.76636,11.95708
473011,Kandern,47.71349,7.656905
473047,Erkrath,51.22046,6.902412
473126,Kaarst IKEA,51.217022,6.629881
473142,Swiebodzin,52.245144,15.53954
473151,Ziltendorf,52.199337,14.616174
473423,Ahlten,52.37606,9.904613
473443,Malsfeld-Beiseförth,51.083076,9.55313
473530,Bad Rotenfels Schloss,48.81995,8.297131
473777,Benneckenstein,51.67365,10.714974
473827,Glogow,51.668957,16.079712
474035,Kronskamp,53.933556,12.315387
474163,Middelfart st,55.50162,9.734662
474204,Rehweiler,49.48516,7.440581
474244,Wuppertal-Ronsdorf,51.226475,7.2156
474368,Trzebinia,50.153934,19.453215
474443,Baunatal-Rengershausen,51.25492,9.468667
474563,Bremen-St Magnus,53.17158,8.669732
474667,Riesa,51.309654,13.287734
474674,Rottweil Neufra,48.12678,8.670451
474704,Kneznice,50.492836,15.320147
474925,Hojsova Straz,49.211754,13.174804
475157,Trochtelfingen(Hohenz),48.30754,9.246268
475204,Oberglatt ZH,47.470203,8.510619
475297,Hochstetten,49.13357,8.41577
475404,Weißenhorn,48.305794,10.153157
475535,Nellmersbach,48.90337,9.415401
475545,Cronheim,49.089382,10.661609
475546,Horni Repcice,50.55778,14.267142
475595,Eglisau,47.572376,8.516558
475745,Trnová,50.44473,14.718285
475751,Rödental Mitte,50.295734,11.050672
475862,Hagen-Oberhagen,51.351112,7.478792
475951,Hoßkirch-Königseggsee,47.933918,9.437287
476019,Mesch Neue Mühle,52.26384,8.520849
476107,Wutha,50.9571,10.396598
476121,Ried im Innkreis,48.200447,13.488202
476223,Zühlsdorf,52.732697,13.403535
476282,Berlin-Lichterfelde Ost,52.4296,13.328701
476290,Meitzendorf,52.209393,11.558967
476316,Philippsburg(Baden),49.23162,8.454023
476380,Rintheim Sinsheimer Straße,49.020985,8.445035
476505,Suhl-Heinrichs,50.602097,10.638454
476546,Angersbach,50.630974,9.446944
476687,Düren-Lendersdorf,50.774834,6.49047
476766,Dobova,45.89839,15.655178
476790,Kuchl,47.625816,13.141529
476885,Pritzerbe,52.49958,12.458652
476964,Gaubüttelbrunn,49.634438,9.854452
476971,Marienborn,52.197903,11.123269
477083,Frauenalb-Schielberg,48.837296,8.440492
477091,Balve-Volkringhausen,51.35989,7.872214
477103,Leipzig Werkstättenstraße,51.3406,12.456179
477108,Breisach,48.026917,7.58935
477277,Marienheide,51.081123,7.531982
477286,Wittstock(Dosse),53.1608,12.47724
477370,Tübingen Hbf,48.51564,9.055395
477375,Hasselfelde,51.6877,10.850903
477590,Weißwasser(Oberlausitz),51.505444,14.638027
477615,Zug(CH),47.173706,8.515049
477673,Moidentin,53.806072,11.481918
477681,Gebra(Hainleite),51.427155,10.595388
477772,Eilendorf,50.78556,6.154367
477811,Bonn Hbf,50.73332,7.095235
478100,Löhnberg,50.509655,8.274636
478291,Osterweddingen,52.049133,11.575921
478304,Berlin-Charlottenburg,52.50424,13.301782
478321,Blankenloch Nord,49.07328,8.467367
478404,Dortmund Tierpark,51.47819,7.461995
478704,Töging(Inn),48.259014,12.59487
478705,Kirch Göns,50.473373,8.666869
478721,Altenberge,52.052258,7.481303
478915,Dortmund-Hörde,51.48778,7.500029
479006,Karlsruhe Albtalbahnhof,48.993706,8.39611
479025,Groß Köris,52.15969,13.650729
479097,Hohndorf Mitte,50.74305,12.675725
479182,Bruchköbel,50.186188,8.919293
479286,Kollnau,48.10115,7.973842
479411,Langenau(Württ),48.493332,10.125988
479568,Holm-Seppensen,53.284813,9.870008
479766,Glanerbrug,52.21857,6.973882
479782,Mannheim ARENA/Maimarkt,49.459965,8.515928
479851,Hubertushöhe,52.23387,13.965151
479858,Kirchweyhe,52.983765,8.847236
479893,Lauenstein(Sachs),50.786564,13.814398
479902,Toender(Gr),54.899235,8.872908
479915,Wildeshausen,52.89782,8.431422
480030,Rangsdorf,52.29434,13.430585
480256,Friedrichstal Nord,49.109264,8.476656
480426,Frankfurt(Main)West,50.1193,8.639395
480482,Kaarster See,51.22669,6.593977
480545,Alsenz,49.727493,7.817189
480703,Sülzbach Schule,49.144833,9.351532
480742,Müncheberg(Mark),52.524513,14.099687
480836,Hofgeismar Gl.2 Ri. Kassel,51.499413,9.39541
480897,Syrau,50.54477,12.085313
480903,Zeppelinheim,50.036514,8.605153
480938,Mühldorf(Oberbay),48.248207,12.519638
481192,Landau(Pfalz)Hbf,49.197742,8.126204
481305,Niederschlag,50.463963,13.014418
481360,Jüterbog,51.99529,13.051192
481462,Büches-Düdelsheim,50.29737,9.066751
481482,Quint,49.82599,6.704697
481500,Karlsruhe Europaplatz,49.01002,8.394487
481517,Mainz-Gustavsburg,49.99432,8.314197
481532,Rentweinsdorf,50.060093,10.814205
481640,Hamburg-Veddel,53.5217,10.013313
481657,Dortelweil,50.207615,8.751267
481834,Harsdorf,50.027763,11.566273
481969,Wernfeld,50.026066,9.725529
482210,Wefensleben,52.17694,11.155205
482247,Grunbach,48.81036,9.420029
482323,Potsdam Park Sanssouci,52.39447,13.013556
482453,Genthin,52.40322,12.157103
482464,Feldolling,47.895336,11.852244
482478,Neinstedt,51.75237,11.084893
482634,"Chemnitz, Bernsbachplatz",50.825253,12.926559
482724,Ismaning,48.226013,11.679489
482766,"Chemnitz, Stadlerplatz",50.82086,12.927278
482913,Studenka,49.707382,18.06662
482963,Wernigerode Drt_Drw 004 P4,51.79256,10.73196
482966,Seubersdorf,49.16765,11.628123
482978,Roth,49.241287,11.082508
482993,Hirschaid,49.81926,10.991446
483031,Hohegrete,50.76484,7.642228
483123,Leuna Werke Nord,51.320667,12.000927
483132,Ljubljana,46.05869,14.512937
483288,Offenhausen,48.399628,9.370292
483310,Chaudfontaine,50.586945,5.643611
483386,Etzwilen,47.661144,8.818617
483446,Venezia Santa Lucia,45.441395,12.320459
483535,Stift Keppel-Allenbach,50.977962,8.09223
483572,Salzburg Süd,47.770226,13.078491
483578,Stubben,53.405792,8.780519
483592,Bahnsdorf,51.582443,14.113767
483614,"Bahnhof, Schönborn (Brandenburg)",51.601955,13.467128
483632,Rangsdorf,52.29468,13.430835
483661,Miltzow,54.20095,13.197458
483751,Berlin-Hohenschönhausen,52.56599,13.512415
483832,St. Anton am Arlberg,47.12733,10.267088
483840,Ulm-Donautal,48.36634,9.940355
483853,Parkentin,54.081257,11.978983
483900,Röhrmoos,48.333317,11.44477
483908,Arnstadt Süd,50.831085,10.954958
483935,Düsseldorf Friedrichstadt,51.211975,6.789057
483962,Klandorf,52.877937,13.555957
484036,Deezbüll,54.77697,8.818274
484042,Bergsdorf,52.93652,13.260729
484087,Durlach Zündhütle,48.982803,8.460109
484176,"Leopoldshafen Viermorgen, Eggenstein-Leopoldshafen",49.09047,8.400281
484235,Prösen,51.434887,13.488277
484240,Horni Poustevna,50.996784,14.300467
484299,Buir,50.8624,6.574514
484334,Elend Drw_Eld 007 P7,51.75677,10.70326
484674,Ostermundigen,46.956802,7.481498
484770,Düsseldorf-Benrath,51.162292,6.878931
484785,Erlabrunn(Erzgeb),50.470905,12.720499
484817,Rain,48.69618,10.927514
484890,Graz Hbf,47.0724,15.416519
484966,Blaichach(Allgäu),47.54374,10.258796
485122,Gingen(Fils),48.661037,9.787826
485242,Wössingen Ost,49.015785,8.609981
485282,Idar-Oberstein,49.699368,7.32123
485486,"Charlottenburg Bahnhof Stuttgarter Pl., Berlin",52.504173,13.301819
485540,Lhotka u Melnika zastavka,50.373386,14.550947
485625,Möhringen Bahnhof,47.958153,8.770796
485677,Osnabrück Hbf,52.27285,8.061781
485799,Hauptbahnhof,50.971928,11.037424
486057,Postbauer-Heng,49.30892,11.358849
486164,S+U Jannowitzbrücke,52.514248,13.419534
486175,"Ceska Lipa, hl.n.",50.676735,14.53281
486254,Klotten,50.16556,7.203759
486418,Scheeßel,53.165825,9.496963
486530,Groß Quassow,53.314823,13.003845
486627,Burgbernheim,49.454323,10.320221
486629,Dürrenzimmern,48.906246,10.548728
486649,Naunhof,51.277084,12.594242
486662,Leipzig-Möckern,51.36443,12.352271
486672,Mirow,53.27043,12.820759
486679,Haiger,50.741207,8.221679
487150,Eicholzheim,49.432438,9.290317
487209,"Marktplatz (Kaiserstraße U), Karlsruhe",49.00973,8.401673
487298,"Oberbilk S U, Düsseldorf",51.20855,6.808107
487306,Breddin,52.886013,12.224669
487331,"Mühlburg West, Karlsruhe",49.02029,8.35074
487350,"Mathystraße, Karlsruhe",49.00208,8.39428
487463,S+U Bundesplatz,52.47761,13.329544
487587,Kolkwitz Süd,51.746815,14.241607
487590,Effolderbach,50.338192,9.007483
487631,Chemnitz-Schönau,50.818096,12.8765
487829,Finsterwald,47.752888,11.728178
487859,Würselen-Merzbrück,50.82386,6.1927
487965,Mlada Boleslav-Debr,50.447685,14.88715
488000,Visselhövede,52.98006,9.566642
488174,Glückauf,51.3897,10.828367
488213,Züttlingen,49.291656,9.329117
488296,Pasewalk Ost,53.50957,14.009312
488327,Kumpfmühl,48.26968,13.620207
488372,Leipzig Bayerischer Bahnhof,51.329266,12.381658
488408,Oberwinter,50.611195,7.207796
488686,Baden(CH),47.476425,8.307709
488694,Waigolshausen,49.967293,10.116027
488752,Weimar,50.991486,11.326458
488882,Bermatingen-Ahausen,47.730488,9.345157
488909,Greifswald Süd,54.076443,13.396656
488959,Albsheim(Eis),49.58075,8.179166
488991,Memmingen,47.98558,10.186853
489182,Wernigerode Drt_Drw 007 P7,51.78983,10.7352
489360,Nebuzely,50.38623,14.589799
489391,Geisenbrunn,48.109158,11.324847
489410,Nützen,53.863663,9.916749
489614,Holzdorf(Elster),51.780293,13.114137
489680,Möckmühl,49.32079,9.357957
489722,Elend Eld_Ab 001 P1,51.74543,10.6818
489773,S Schönefeld (bei Berlin) Bhf,52.390907,13.513046
489816,Niederbrechen,50.359596,8.159856
489832,Hamburg Stadthausbrücke,53.549465,9.984804
489841,Pölchow,54.011032,12.121127
489881,Ötigheim,48.888382,8.240404
489951,Elend Allerbach Gleis 1,51.71898,10.67601
489960,Blankenburg(Harz),51.795822,10.961184
489961,Wusterwitz,52.38554,12.371315
490120,Reichenschwand,49.51497,11.373441
490159,Otze,52.487617,10.017114
490188,Düsseldorf-Unterrath,51.276733,6.788783
490269,Bad König,49.73858,9.001539
490464,Wilischthal,50.724724,13.056579
490568,München-Neuaubing,48.141705,11.422197
490747,Golm,52.409843,12.971764
490976,Bad Oldesloe,53.80539,10.382541
491125,"Bahnhof, Borkheide",52.23069,12.854165
491159,Unterasbach,49.41669,10.98539
491436,S Ahrensfelde Bhf,52.57132,13.565711
491450,Sulzbach(Main),49.917973,9.146531
491490,Arsbeck,51.151978,6.207082
491530,Ellwangen,48.964123,10.129681
491579,Strullendorf,49.84555,10.96167
491587,Jesenny,50.651806,15.327828
491599,Leuterschach,47.74564,10.581221
491627,Friedrichstal St-Riquier-Platz,49.10087,8.474347
491761,Höxter-Godelheim,51.735123,9.356871
491859,Hennersdorf(Sachs),50.79175,13.070919
491864,Haldensleben,52.285034,11.406106
492067,Bad Soden-Salmünster,50.280743,9.372053
492187,Marktoberdorf Schule,47.774097,10.609997
492198,Zeitz,51.056454,12.131488
492383,Ehningen(b Böblingen),48.66268,8.94426
492517,Karez,49.8227,13.779251
492703,Bruck-Fusch,47.284615,12.828808
492917,Stettbach,47.397217,8.596145
492958,Borken(Hess),51.050686,9.277
493017,Götz,52.411217,12.725938
493083,Kottenheim,50.348972,7.248906
493205,Beldorf,54.125267,9.356217
493208,Kirkel,49.286182,7.22645
493237,Calw,48.714684,8.741854
493280,Schameder,50.997585,8.293102
493365,Espenau-Mönchehof Gl.3 Ri. Hümme,51.390945,9.455564
493452,Hagelstadt,48.89586,12.214829
493478,S Köllnische Heide,52.4696,13.468084
493607,Ellhofen,49.149952,9.316035
493610,Pommelsbrunn,49.501465,11.513615
493615,Haslohfurth,53.744568,9.98676
493633,Forst(Lausitz),51.738956,14.637596
493643,Rammingen(Bay),48.052437,10.589788
493660,Vechta-Stoppelmarkt,52.748367,8.292049
493676,Navarov,50.676228,15.31933
493690,Nabburg,49.447166,12.180701
493892,Altenhasungen,51.34354,9.225737
494032,Schönebeck-Bad Salzelmen,51.998363,11.723627
494147,Elend Ab_So 010 P10,51.70054,10.68847
494348,Saarburg(Bz Trier),49.606457,6.557034
494358,Wennedach,48.119396,9.902746
494463,Leverkusen Mitte,51.031513,6.991661
494477,Flörsheim(Main),50.017212,8.431013
494521,Rentrisch,49.25977,7.079065
494643,Ottendorf (Mittweida),50.934887,12.953015
494693,Dettingen Gsaidt,48.51455,9.357744
494832,Goldenstedt(Oldb),52.80061,8.394579
495032,Weil i. S. Untere Halde,48.620377,9.062115
495035,"Chemnitz, Scheffelstr",50.802475,12.911423
495039,Ubstadt Uhlandstr.,49.162712,8.628827
495133,Wustermark,52.551872,12.938601
495215,Heilbronn Theater,49.146275,9.22215
495319,Zierenberg-Oberelsungen Gl.1 Ri. Wolfhagen,51.376743,9.25177
495353,Brokstedt,53.990086,9.823806
495584,Velky Borek,50.3467,14.515544
495728,Dagebüll Kirche,54.73028,8.729485
495915,Niederzeuzheim,50.468224,8.039687
495935,Golm,52.409817,12.972053
496075,Elstal,52.547436,13.000767
496148,Seeleiten-Berggeist,47.670982,11.16583
496191,Markranstädt,51.30718,12.22476
496255,Rottweil Göllsdorf,48.16001,8.651078
496294,Toender st,54.9334,8.8604
496319,Priemerburg,53.79598,12.223022
496445,Babenhausen Langstadt,49.922276,8.945733
496544,Bad Tönisstein,50.459316,7.298859
496600,Ganderkesee,53.03525,8.542777
496729,Geisingen,47.92134,8.653951
496736,S Poelchaustr.,52.53564,13.53555
496841,Denzlingen,48.068817,7.881687
496868,Kirn,49.78577,7.464589
496892,Padborg st,54.82425,9.358803
497040,Davensberg,51.817944,7.598516
497106,Unnau-Korb,50.654167,7.888829
497144,Neusäß,48.39439,10.83352
497164,Bredenbek,54.315113,9.867004
497219,Stetten(Schwab),48.027664,10.43604
497334,Berbisdorf Anbau,51.19803,13.727362
497696,Seebad Lubmin,54.13056,13.625821
497764,Aletshausen,48.201313,10.383631
497846,Großrudestedt,51.09565,11.091093
497853,Hösel,51.341522,6.893231
498022,Budapest-Nyugati,47.510708,19.057467
498031,Hp Klaffenbach,50.77226,12.903661
498072,S Mexikoplatz,52.436718,13.233192
498112,S+U Schönhauser Allee,52.549274,13.415186
498380,Hohenwarth Campingplatz,49.204834,12.924448
498415,Darmstadt-Arheilgen,49.913414,8.645554
498589,Monreal,50.296356,7.153055
498606,Schweinsburg-Culten,50.78714,12.369588
498615,Hohenstein-Ernstthal,50.79855,12.706564
498790,Kaisersesch,50.2321,7.129573
498992,Nejdek-Sucha,50.310905,12.750256
499034,Hoppingen,48.803818,10.653198
499077,Neuhausmühle,48.72652,13.506711
499126,Baden(Verden),53.007874,9.081261
499131,Delitzsch ob Bf,51.519703,12.34639
499140,S+U Potsdamer Platz Bhf,52.509605,13.376454
499146,Neckargemünd,49.393677,8.788425
499263,Mammern(Bodensee),47.64416,8.914001
499307,Warnitz(Uckermark),53.18346,13.877101
499340,Schwaigern(Württ),49.138367,9.05644
499369,Lollar,50.64787,8.701553
499518,Krefeld-Hohenbudberg Chempark,51.373528,6.66446
499548,Wernigerode Wdt_Wdk 006 P6,51.82841,10.77451
499592,Furth im Wald(Gr),49.330765,12.879116
499621,Velke Zernoseky,50.526096,14.080554
499678,Reiskirchen(Kr Gi),50.597996,8.830701
499714,Berlin-Staaken,52.53766,13.141303
499736,Winsen(Luhe),53.35384,10.207691
499752,Essen-Eiberg,51.441814,7.109691
499861,Ruhstorf,48.433647,13.334949
499864,Kirchhammelwarden,53.305656,8.475233
499951,Dingolfing,48.641605,12.48687
500139,Nordhausen Hesseröder Straße,51.50284,10.777132
500213,Wernigerode Drt_Drw 006 P6,51.79157,10.7365
500274,Hammerstein,47.690296,7.644148
500373,Wolgast,54.04395,13.769087
500426,"Thalheim, Bahnhof",50.696297,12.849026
500483,Stetten (b. Haigerloch),48.353416,8.812741
500497,Bargstedt,53.457542,9.446276
500527,S Grünbergallee,52.39927,13.541989
500588,Aumühle,53.529854,10.314672
500743,Sohland,51.053738,14.431926
500871,Rückersbacher Schlucht,50.019627,9.057186
500912,Kraslice(Gr),50.35407,12.46732
500915,Großhelfendorf,47.94606,11.78126
501012,Chemnitz Hbf,50.839695,12.930877
501141,Wörth(Rhein) Bürgerpark,49.050842,8.254267
501165,Guntersblum,49.79198,8.351257
501172,Lauchhammer,51.474567,13.743242
501295,"Bahnhof, Teltow",52.38808,13.299522
501475,Körle,51.17159,9.513137
501654,Scharmede,51.71179,8.64524
501756,"Zwönitz, Bahnhof",50.632153,12.797858
501768,Enkenbach,49.489933,7.899501
501831,Papendorf,54.036606,12.137318
501887,Marke,51.74063,12.257222
501967,Stolberg-Schneidmühle,50.784904,6.219012
502007,"Mlada Boleslav,,hl.nadr.",50.407436,14.887088
502010,Krauthausen,50.878662,6.42327
502108,Bleichenbach(Oberh),50.320335,9.051582
502197,Markelfingen,47.73902,9.003409
502260,S Anhalter Bahnhof,52.50359,13.381283
502275,Meeschensee,53.754223,9.97963
502335,"St. Gallen(CH), St. Fiden",47.43454,9.393444
502346,Bückeburg,52.26766,9.047536
502375,Markelsheim,49.478264,9.835418
502552,S Ostkreuz Bhf,52.503315,13.469607
502593,Marburg(Lahn),50.81927,8.775014
502640,Böblingen Heusteigstraße,48.67566,9.025742
502664,Neumühle(Elster),50.702133,12.169837
502700,Deidesheim,49.408348,8.192634
502726,Niedersachswerfen Herkulesmarkt,51.542164,10.768553
502917,Köln-Chorweiler Nord,51.028126,6.892772
502920,Katharinenheerd,54.334164,8.830489
502923,Hettenhausen,50.4484,9.814657
502924,S Friedenau,52.47045,13.341258
502937,"Bahnhof Ostseite, Jüterbog",51.997135,13.053549
503093,München-Laim,48.14437,11.503669
503192,Oftering,48.227764,14.151442
503249,Smrzovka dolni n.,50.73481,15.280415
503285,Scheibenberg,50.54764,12.910989
503293,Limmritz(Sachs),51.11781,13.049655
503336,Calau(Nl),51.738064,13.979728
503388,Hailer-Meerholz,50.18967,9.150665
503596,S Westkreuz,52.50089,13.28459
503665,Ludwigslust,53.33467,11.494491
503701,Lodz Chojny,51.72638,19.484537
503704,Rotenburg(Wümme),53.11235,9.390098
503738,Rostock Parkstraße,54.085243,12.10789
503760,Tübingen-Lustnau,48.524048,9.094876
503808,Zdetin u Chotetova,50.31547,14.786099
503860,Igersheim,49.493423,9.812535
503890,Theißen,51.0906,12.107601
503927,Katzweiler,49.50008,7.700935
503976,Kurort Altenberg(Erzgebirge),50.766296,13.753634
504047,Zittau,50.90446,14.805774
504076,Hirschfelde,50.94339,14.891018
504166,Stockau,49.919575,11.666718
504356,Vastorf,53.19905,10.555558
504403,Sehlem(Kr Wittlich),49.90696,6.823421
504529,Kastl(Oberbay),48.193867,12.711546
504534,S Pichelsberg,52.51018,13.227421
504575,Niederhöchstadt,50.154198,8.547237
504716,Bremerhaven-Wulsdorf,53.508595,8.611934
504877,Stadtallendorf,50.825207,9.015296
504950,Katzenfurt,50.61587,8.343086
505124,Goldbeck(Osterburg),52.71606,11.858149
505223,Mochenwangen,47.87257,9.637901
505418,Erzingen(Baden),47.659542,8.430123
505480,Tübingen-Derendingen,48.503487,9.05059
505511,Töppeln,50.890854,12.006161
505556,Hornberg(Schwarzw),48.2121,8.232982
505569,Essen-Werden,51.38683,6.997845
505726,S Mahlow,52.36078,13.407878
505835,Kanzem,49.669357,6.573666
505846,Dombühl,49.25211,10.298523
505910,Igensdorf,49.62012,11.23453
506047,Kirchmöser,52.375645,12.421786
506118,Mörsch Rösselsbrünnle,48.96802,8.305527
506190,Edermünde-Grifte,51.209946,9.449033
506202,Rohrbach(Ilm),48.60658,11.573333
506208,Mostek,50.4913,15.692221
506252,Güntersberge,51.64423,10.985669
506385,Mechernich,50.591366,6.642296
506455,Dresden-Stetzsch,51.08048,13.651865
506467,Swinoujscie Centrum,53.914337,14.234157
506667,Lichtenhain(a d Bergbahn),50.592083,11.132371
506825,Dörfles-Esbach,50.28275,10.997756
506869,Herisau,47.390163,9.276812
506895,Bad Saarow Klinikum,52.284634,14.065964
506969,Trier Hafenstraße,49.792015,6.682724
507038,S+U Heidelberger Platz,52.48006,13.311856
507173,Buchholz(Zauche),52.165688,12.920432
507282,Weil i. S. Troppel,48.620075,9.043439
507320,Fährbrücke,50.650124,12.619722
507422,Gersthofen,48.42302,10.861193
507437,"Haus Bethlehem, Karlsruhe",49.033527,8.376661
507549,Solnhofen,48.891987,10.993983
507725,Teuchern,51.133858,12.016542
507762,Schopfloch(b Freudenstadt),48.453712,8.547754
507842,Potsdam Pirschheide,52.372776,13.01074
507860,Unteröwisheim M.-Luther-Str.,49.146484,8.66202
507877,Mudersbach,50.827477,7.951651
507920,Preetz,54.23394,10.275752
507950,Wilhelmsstraße/Stadtmuseum  Ri. Scheidemannplatz,51.314568,9.489977
508051,Bad Rappenau Kurpark,49.24037,9.113526
508131,Schöngeising,48.14737,11.192051
508264,Ulm Ost,48.407158,9.994631
508294,Elend Ab_So 012 P12,51.6969,10.69203
508351,Remscheid Hbf,51.177235,7.199983
508636,Chotevice,50.51896,15.759846
508673,Karlsruhe Lameyplatz,49.013226,8.354476
508738,Nideggen-Brück,50.689754,6.46578
508822,Delitzsch unt Bf,51.525227,12.345218
508912,Straz n.Nisou,50.788593,15.025617
508965,Elend Eld_Ab 008 P8,51.73219,10.67798
509028,Regen,48.968624,13.136465
509064,Jeeser,54.164547,13.258802
509097,Hagen-Wehringhausen,51.353584,7.452767
509163,Templin Stadt,53.11709,13.508639
509173,Luzany,49.54893,13.314682
509224,Varnsdorf stare nadrazi,50.909996,14.612304
509260,Marktredwitz,50.004597,12.082583
509373,Elend Drw_Eld 012 P12,51.74982,10.70484
509470,Balbersdorf,49.29044,12.683064
509525,Wernigerode Drw_Kn 003 P3,51.76556,10.71882
509554,Brussels Airport - Zaventem,50.89784,4.483525
509748,Themar,50.506714,10.617521
509755,Dresden-Cotta,51.062157,13.683298
509854,Jablonec n.Nisou,50.72074,15.161325
509902,Wetter(Ruhr),51.386414,7.385915
509961,Berlin-Lichtenberg,52.510002,13.49649
510097,"Reichenbach Kurpark, Waldbronn",48.918724,8.473188
510118,"Marquardt Bahnhof, Potsdam",52.45842,12.971836
510283,Niederweimar,50.756744,8.73382
510288,Köln Messe/Deutz,50.940872,6.975001
510381,Prösen West,51.42469,13.469677
510457,Alfeld(Leine),51.98142,9.817779
510855,Grimmen,54.109737,13.034025
510979,Neustadt(Aisch)Bahnhof,49.576878,10.588032
511147,Stendal-Stadtsee,52.60684,11.836728
511326,Malling(F),49.421555,6.301794
511374,S Priesterweg,52.459904,13.356324
511513,S Spandau Bhf,52.534775,13.197557
511549,Borovnice,50.509342,15.604069
511585,Steinsfurt,49.23582,8.907978
511594,S Westkreuz,52.500813,13.284665
511606,Dolanky,50.60386,15.171261
511916,S+U Gesundbrunnen Bhf,52.549316,13.389883
512061,Rovensko pod Troskami,50.53169,15.263976
512181,Jossa,50.232506,9.604178
512317,Völksen/Eldagsen,52.211876,9.626528
512318,Blankenloch Süd,49.05765,8.467268
512468,Penzberg,47.74925,11.371875
512597,Xanten,51.65967,6.445287
512740,Bisingen,48.31277,8.921035
512981,Nassenbeuren,48.078068,10.503797
513128,München(Bad Berka),50.870052,11.254596
513137,Koblenz-Lützel,50.36749,7.591607
513224,Engstlatt,48.29712,8.875219
513225,Beutelsbach,48.81029,9.386029
513307,Effelder(Thür),50.379875,11.075849
513367,Felde,54.30985,9.947018
513430,Schwabhausen(b Dachau),48.300518,11.364758
513521,Wernigerode Brm_Bro 005 P5,51.79831,10.6191
513655,Dettingen Freibad,48.523174,9.351257
513715,Bad Salzdetfurth,52.062634,10.005595
513782,Kitzingen,49.7325,10.155214
513813,Uttwil,47.586025,9.339703
513829,Vysluni,50.481003,13.211149
513906,Bad Vigaun,47.664158,13.124053
513976,Mörsch Narzissenstraße,48.96639,8.303164
514017,Pratau,51.843258,12.635964
514040,Bad Lausick,51.143803,12.648695
514059,Wernigerode Gow_Brm 001 P1,51.79151,10.59318
514085,S Olympiastadion,52.511482,13.242721
514105,S+U Neukölln,52.46947,13.44317
514109,Hradec Kralove hl.n.,50.214336,15.810026
514154,Marbach Ost (Villingen-Schwenningen),48.033722,8.47599
514412,Würzburg Hbf,49.801796,9.93578
514416,Perleberg,53.071255,11.852322
514479,Frimmersdorf,51.046143,6.566541
514541,Bochum-Langendreer,51.477993,7.323645
514635,Böblingen Südbahnhof,48.67728,9.010291
514713,Kempten(Allgäu)Ost,47.731293,10.33205
514792,S Hoppegarten,52.51811,13.673978
514858,Riedstadt-Wolfskehlen,49.853935,8.493098
515005,Herblingen,47.717003,8.664127
515024,Hamburg Holstenstraße,53.561764,9.949741
515181,S+U Neukölln,52.469402,13.443204
515260,Pardubice hl.n.,50.031662,15.758849
515513,Fridingen(b Tuttlingen),48.031822,8.93606
515621,Drei Annen Hohne,51.770115,10.726766
515661,Speele,51.377457,9.563559
515695,"Sörup, Sörup",54.716568,9.669978
515751,Baar(CH),47.195366,8.523272
515766,Pretzfeld,49.757305,11.170051
515887,Siedlinghausen,51.25776,8.473835
516014,Rahden,52.432903,8.623836
516107,Maselheim,48.133247,9.877614
516179,Westhausen,48.88141,10.183653
516223,"Bahnhof, Dallgow-Döberitz",52.543655,13.058846
516478,Beyendorf,52.061146,11.63105
516744,Auhausen,49.00634,10.623506
516778,Munchhausen,48.923958,8.141147
516808,Bahnbrücken,49.119446,8.764854
516871,Selm,51.706642,7.453406
516934,Kulmbach,50.10982,11.451889
516967,"Chemnitz, Rößlerstr",50.817177,12.91419
517028,München-Daglfing,48.149624,11.64933
517042,Büsum,54.133823,8.867113
517098,Steinfurt-Burgsteinfurt,52.147385,7.32934
517166,"Zugspitze Bahnhof Zugspitzplatt, Garmisch-Partenki",47.41428,10.985411
517231,Neustrelitz Hbf,53.359257,13.074603
517268,Kirnsulzbach,49.762325,7.435477
517275,Wernigerode Sr_Drt 005 P5,51.81155,10.73078
517330,"Ceska Lipa, hl.n.",50.676483,14.532693
517440,Kirchberg in Tirol,47.448917,12.309101
517490,Ersingen West,48.931435,8.633941
517682,Mörsch Merkurstraße,48.95284,8.290794
517776,Gessertshausen,48.333714,10.732382
517800,Sollstedt,51.413673,10.529848
517809,Sindelfingen,48.70389,8.999075
517963,Wingen-sur-Moder,48.92036,7.381868
517981,S Botanischer Garten,52.44796,13.307229
518275,S Griebnitzsee Bhf,52.394527,13.127597
518292,Oberhausen-Osterfeld Süd,51.49989,6.885134
518303,S+U Friedrichstr. Bhf,52.52046,13.387211
518338,Senden-Bösensell,51.90703,7.487687
518341,Frohburg,51.06916,12.559288
518538,Wilnsdorf-Rudersdorf,50.839127,8.144083
518591,Mertesheim,49.569195,8.133923
518607,Aichstetten,47.887882,10.07494
518646,Ludwigshafen(Rhein) BASF Mitte,49.510014,8.432052
518682,Spielberg,48.89765,8.474626
518687,Pulheim,50.998043,6.797051
518773,Markt Bibart,49.646088,10.425466
518777,Benneckenstein Bek_Klb 010 P10,51.6628,10.74179
518817,Meldorf,54.087772,9.080085
518896,Bedburg(Erft),50.986755,6.573134
518984,Neratovice sídliště,50.25693,14.507522
518989,Berlin Ostbahnhof,52.510242,13.434586
519232,Elend Ab_So 004 P4,51.71111,10.68864
519284,Roggentin,54.073494,12.213086
519477,Oranienburg,52.75408,13.249215
519680,Glauburg-Glauberg,50.313435,8.996226
519749,Pösing,49.229145,12.5429
520199,Kredenbach,50.963257,8.042776
520240,Münster(W)Zentrum Nord,51.98432,7.63847
520289,Unterneustädter Kirchplatz  Ri. Pl. d. Dt. Einheit,51.313305,9.509341
520366,Bayrischzell,47.675545,12.011157
520531,Spöck Hochhaus,49.11152,8.50091
520562,Nove Zamky,47.995003,18.173956
520620,Duisburg Hbf,51.429787,6.775903
520807,Nennig,49.53874,6.375851
520904,Ahrensfelde Nord,52.590714,13.581945
520962,Gernsbach Bf,48.768307,8.336714
521002,Rockenhausen,49.628384,7.81727
521021,Altersbach,50.70064,10.544522
521039,Achmer,52.39048,7.94216
521109,Leipzig-Liebertwolkwitz,51.28397,12.469248
521259,Broderstorf,54.078915,12.262763
521272,Frankfurt(M) Flughafen Fernbf,50.053165,8.570185
521274,Ahrensfelde,52.571392,13.565467
521330,"Altmittweida, Bahnhof",50.968494,12.959626
521412,Friesenheim(Baden),48.38168,7.86333
521439,Hannover-Vinnhorst,52.42404,9.707729
521634,Heidelberg Orthopädie,49.409996,8.774913
521644,Königschaffhausen,48.13719,7.658069
521658,Frankenmarkt,47.982864,13.431864
521661,Eschborn,50.14362,8.560971
521675,Eisenheim,49.86941,10.153426
521685,"Chemnitz, Hbf Bahnhofstr",50.83772,12.928976
521772,"Ettlinger Tor/Staatstheater (U), Karlsruhe",49.005077,8.403398
521793,Zawiercie,50.481018,19.422993
521839,Holländischer Platz  Ri. Mombachstraße,51.320614,9.502149
521898,Steinhausen-Neuburg,53.942318,11.596334
522108,Rülzheim Freizeitzentrum,49.15159,8.279365
522155,Hamburg-Othmarschen,53.559235,9.885967
522270,Halle Steintorbrücke,51.4902,11.986895
522390,Seltz,48.89666,8.098372
522425,Feldkirchen(b München),48.151848,11.732103
522628,Frankfurt(M)Lokalbahnhof,50.102173,8.693025
522690,Hauptbahnhof,51.840263,12.235471
522842,Nieder Olm,49.90553,8.20496
522848,Ponitz,50.857777,12.416664
522865,Gültstein,48.577496,8.881558
522900,Schwalbach(Taunus)Limes,50.154354,8.52797
522942,Billenhausen,48.275562,10.358162
522953,Nürnberg-Rehhof,49.462624,11.154754
522984,Radbruch,53.31787,10.289618
523145,Kropacova Vrutice,50.32355,14.701271
523287,Marktoberdorf Nord,47.789654,10.615529
523304,Grebenstein Gl.3 Ri. Hümme,51.44757,9.420203
523375,Bichtlingen,47.96753,9.101813
523428,Erlangen-Bruck,49.56992,10.997143
523441,Köln Süd,50.9273,6.938059
523594,Waldenburg(Württ),49.202538,9.658699
523630,Rietheim(CH),47.60075,8.277328
523701,S Altglienicke,52.40731,13.558877
524068,Ceska Kamenice,50.795822,14.413873
524090,Biberach(Riß) Süd,48.087017,9.803236
524111,Bremen-Oslebshausen,53.1353,8.740801
524113,Etterzhausen,49.03061,11.978031
524225,Gärtringen,48.64091,8.908993
524417,Eisenhüttenstadt,52.148556,14.658512
524711,Norsingen,47.93906,7.726066
524743,"Yorckstraße, Karlsruhe",49.01094,8.37565
524752,Hilversum,52.22667,5.181399
524771,Sokolov,50.18616,12.644152
524794,Großenhain Cottb Bf,51.291637,13.523916
524843,Krasna Lipa,50.91902,14.512289
524851,Schmidtheim,50.41324,6.552086
524863,Brühl-Kierberg,50.838196,6.888375
524865,Batzhausen,49.191364,11.593033
525049,S Westend,52.517902,13.284538
525054,Karlsruhe Mühlburger Tor,49.01062,8.38259
525074,Wernigerode Gow_Brm 004 P4,51.79446,10.62348
525086,Elz(Limburg/Lahn),50.414295,8.038458
525226,Besançon Franche-Comté TGV,47.307564,5.952675
525425,Birkengrund,52.31588,13.272179
525458,Heselbach,48.53669,8.398967
525488,Wiesenfeld(b Coburg),50.301556,10.911754
525536,"Ettlinger Tor/Staatstheater (U), Karlsruhe",49.00537,8.40349
525586,Niederoderwitz,50.9523,14.724414
525597,Berlin Ostbahnhof,52.510178,13.434942
525676,Schneeberg im Odenwald,49.641098,9.250801
525839,"Rathaus, Wörth am Rhein",49.05242,8.249809
525980,Wilferdingen-Singen,48.95386,8.572415
526026,Kläden(Stendal),52.634846,11.661113
526027,Friesdorf Ost,51.597816,11.323083
526055,Deuerling,49.04164,11.914918
526263,Überlingen-Nußdorf,47.75486,9.188144
526273,Klaus in Vorarlberg,47.308945,9.624272
526373,Otting,47.92871,12.703593
526424,Marxzell,48.863327,8.447351
526508,Haunetal-Neukirchen,50.77084,9.692546
526522,Marbeck-Heiden,51.809402,6.906067
526532,Landshut(Bay)Süd,48.52427,12.140504
526550,Dellfeld,49.227783,7.469169
526578,Bochum-Ehrenfeld,51.47212,7.20915
526619,Oberhausen-Holten,51.534573,6.810455
526638,Joachimsthal,52.980324,13.749525
526697,Ilfeld Tf_Etm 004 P4,51.62944,10.81789
526841,Böhlen Werke,51.184704,12.384024
526872,Bad Sachsa,51.581944,10.573211
526888,S Bellevue,52.52001,13.348101
526891,Bad Friedrichshall-Kochendorf,49.218563,9.210985
526937,Lazne Belohrad,50.426247,15.577254
526979,Reichenbach(Fils),48.70797,9.463733
526993,Zimmern(Main-Tauber),49.595356,9.79051
527092,Heidenau Süd,50.971695,13.874717
527223,Horni Blatna,50.388096,12.766519
527240,Friedrichstal Nord,49.108574,8.476404
527265,Königsplatz  Ri. Am Stern,51.315884,9.498226
527567,Gmund(Tegernsee),47.74951,11.734868
527669,Nördlingen,48.85084,10.497863
527743,Gelsenkirchen-Buer Süd,51.549084,7.040156
527958,Radlo,50.694286,15.108405
528017,Jänschwalde,51.866585,14.501706
528268,S Hermsdorf,52.617336,13.307756
528272,Steinen,47.641605,7.741561
528545,Harburg(Schwab),48.786617,10.694643
528701,Domazlice,49.434692,12.944582
528782,Klatovy,49.40149,13.274112
528819,"Chemnitz, Annenstr",50.827904,12.924412
528868,Reddelich,54.08524,11.849531
528917,Weickersdorf(Sachs),51.110905,14.151122
528992,Eisfelder Talmühle,51.620407,10.812956
528996,München-Neuperlach Süd,48.088684,11.645175
529003,Heiligengrabe,53.149998,12.341977
529127,Auw an der Kyll,49.903595,6.614525
529251,Elend Eld_Ab 010 P10,51.72487,10.68104
529286,Sophienhof Sh_Tf 003 P3,51.63861,10.81428
529300,Dortmund-Kirchderne,51.547073,7.510105
529303,Ottenhofen(Oberbay),48.218136,11.879385
529336,Hatlerdorf(Dornbirn),47.398,9.724847
529352,Jacobsdorf(Mark),52.332798,14.356115
529466,Oberkrozingen,47.910557,7.715884
529685,Singen Industriegebiet,47.75945,8.872131
530178,Elend Eld_Ab 002 P2,51.74389,10.68134
530234,Paris Est,48.876976,2.35912
530239,Engen,47.856346,8.772786
530477,Auestadion  Ri. H.-Heine-Straße,51.2994,9.481504
530548,"Chemnitz, Moritzhof",50.829857,12.919858
530566,Irrenlohe,49.362778,12.101376
530662,Hof Hbf,50.307743,11.923067
530670,Frick,47.507347,8.013092
530712,Luckenwalde,52.090496,13.159456
530741,Hannover Hbf,52.376762,9.741021
530881,Neuburg(Rhein),48.99213,8.238217
530889,Ruhpolding,47.762253,12.649033
530987,Klasterska Lhota,50.558636,15.660708
530991,Weimar West,50.988083,11.311561
531020,Westerstetten,48.520195,9.949281
531054,Kaldenkirchen,51.327183,6.203225
531161,Treviso Centrale,45.6597,12.245137
531246,S Heerstr.,52.507893,13.259891
531375,Tangerhütte,52.43387,11.809943
531424,"Chemnitz, Hp Kinderwaldstätte",50.883987,12.953401
531534,Karstädt,53.16084,11.738492
531623,Gunskirchen,48.1323,13.945621
531627,Nersingen,48.43014,10.118003
531643,Plauen(Vogtl) ob Bf,50.506165,12.129419
531834,Wilhelmshorst,52.33176,13.068225
531929,Ludwigshafen-Rheingönheim,49.44747,8.409493
532003,Lvova,50.780685,14.78685
532099,Nürnberg-Stein,49.425552,11.018171
532144,Hochspeyer,49.444073,7.904164
532176,"Bahnhof, Lübbenau (Spreewald)",51.862095,13.961176
532186,Sandersleben(Anh),51.67906,11.56002
532464,Wendisch Evern,53.21764,10.462781
532549,Edenkoben,49.282055,8.14062
532639,"Chemnitz, Alt Chemnitz Center",50.796116,12.918358
532687,Birkenau,49.56104,8.708359
532850,Rechenberg Schule,50.7371,13.543867
532964,Castrop-Rauxel-Merklinde,51.52793,7.324314
532976,Uhyst,51.362846,14.509056
533007,Echzell,50.389805,8.890353
533008,Hammelspring,53.070377,13.435954
533119,Wolfstein,49.58428,7.610287
533155,"Augartenstraße, Karlsruhe",48.998966,8.403596
533386,Boleslawiec,51.266155,15.568923
533551,Meschede,51.3496,8.279053
533695,Obstfelderschmiede,50.603622,11.133784
533782,Hofheim (Ried),49.659466,8.40897
533814,Elend Drw_Eld 008 P8,51.75649,10.70235
533923,Wernigerode Drt_Drw 010 P10,51.78148,10.73724
533958,Oehna,51.93305,13.048201
533964,Weesenstein,50.93636,13.862885
534058,Rostock-Lichtenhagen,54.152405,12.070866
534096,Elend Eld_Ab 013 P13,51.72104,10.67741
534182,Dottenheim,49.547497,10.522573
534262,Köln-Nippes,50.958668,6.941605
534276,Glan-Münchweiler,49.470177,7.444848
534309,"Rüppurr Tulpenstraße, Karlsruhe",48.97107,8.404045
534411,Nohfelden,49.58569,7.139443
534493,Marseille-St-Charles,43.30381,5.38195
534534,Dietzelbach,47.85937,7.763382
534749,"Helmbach, Bahnhof",49.343346,7.985996
534833,Meuselbach-Schwarzmühle,50.581413,11.079214
535070,Schötmar,52.069935,8.754951
535128,Landeck-Zams,47.148243,10.578392
535179,Ebenhausen(Unterfr),50.131306,10.13804
535208,KA Europaplatz (U),49.01,8.39464
535346,Ditzingen,48.823612,9.06705
535377,Rathenow,52.59946,12.355735
535450,Elend Ab_So 007 P7,51.70495,10.68784
535462,Tuttlingen Zentrum,47.985615,8.809435
535503,S Ostbahnhof,52.51052,13.435342
535542,Altengörs,53.898697,10.355554
535694,Münchhausen,50.963623,8.717247
535713,Korntal Gymnasium,48.83025,9.112429
535747,Flechtingen,52.34797,11.261352
535990,Ulberndorf Bahnhof,50.873783,13.672017
536095,Schöneck-Kilianstädten,50.20175,8.840486
536110,Wandersleben,50.906666,10.852498
536136,Menden(Sauerland),51.435272,7.792084
536156,Langelsheim,51.93012,10.343173
536169,Friedrichstal St-Riquier-Platz,49.101162,8.474464
536214,Kirchmöser,52.375595,12.421686
536260,Sonneberg(Thür)Nord,50.36548,11.20755
536387,Halle-Nietleben,51.487823,11.908451
536442,Ottenhöfen,48.566868,8.151041
536467,Niederglatt ZH,47.487473,8.503316
536507,Sorge So_Bek 007 P7,51.67418,10.70719
536609,Ludwigsstadt,50.486584,11.382989
536655,Waldfischbach,49.288338,7.651516
536676,Firenze Campo di Marte,43.777573,11.276586
536739,Zschopau Ost,50.744587,13.081878
536781,Grebenstein Gl.2 Ri. Hümme,51.44755,9.420105
536822,Weischlitz,50.448105,12.060517
536829,Sandhagen(b Bad Dob),54.052784,11.740909
536835,Berghausen Hummelberg,49.00981,8.526807
536903,Jaromer,50.34189,15.91052
537103,Waren(Müritz),53.52151,12.680678
537137,Herrath,51.104317,6.367399
537148,"Neukirchen, Bf Neukirchen-Klaffenbach",50.771023,12.893771
537428,Kreuz Konz,49.7037,6.5768
537511,München Hbf,48.140232,11.558335
537554,S Adlershof,52.43495,13.541175
537642,Leipzig-Knauthain,51.27818,12.309095
537790,Lambach,48.09409,13.888346
537921,Bad St Peter Süd,54.30501,8.648041
537952,"Kurt-Schumacher-Straße, Karlsruhe",49.03003,8.376206
538040,Kirchentellinsfurt,48.528748,9.13948
538161,S+U Tempelhof,52.471027,13.384476
538237,Kaiserslautern Galgenschanze,49.43549,7.744124
538353,Wernigerode Drt_Drw 005 P5,51.79193,10.73368
538478,Ilfeld Tf_Etm 007 P7,51.6244,10.81804
538669,Salzkotten,51.672874,8.600489
538699,Bakov n.Jizerou,50.472122,14.922634
538760,Bad Salzuflen-Sylbach,52.026882,8.765529
538833,Veitshöchheim,49.831432,9.876196
539010,Forchheim Nord,49.7322,11.0644
539059,Tamm(Württ),48.921604,9.125828
539082,Rödlitz-Hohndorf,50.742252,12.654033
539148,Bela p.Bezdezem z.,50.50019,14.868879
539173,Leipzig-Plagwitz,51.32804,12.32208
539541,Tägerwilen Dorf,47.65372,9.13956
539608,Angoulême,45.65402,0.164691
539614,Decin vychod,50.77511,14.223412
539616,Staffel,50.399513,8.046017
539645,Rynoltice,50.786922,14.826149
539786,Benneckenstein Bek_Klb 005 P5,51.67034,10.72459
539794,Siggenthal-Würenlingen,47.52069,8.24066
539868,S Wannsee Bhf,52.421547,13.180177
539994,Hamburg Jungfernstieg,53.552193,9.993883
540078,Schorndorf,48.80715,9.52631
540203,Immendingen Zimmern,47.932877,8.714051
540221,"Chemnitz, Annenstr",50.828407,12.924152
540228,Wittlingen,47.65663,7.646976
540424,Durlach Steiermärker Straße,48.98571,8.456219
540465,Namedy,50.457146,7.361768
540498,S Potsdam Hauptbahnhof,52.39185,13.066763
540504,Stendal Hochschule,52.616234,11.848369
540563,Lübeck-Travemünde Strand,53.964794,10.875604
540656,Spalov,50.63396,15.300609
540694,Jungingen(Hohenz),48.326187,9.038123
540887,Jagdschloß,54.37648,13.619872
540975,Dortmund-Kruckel,51.458332,7.415529
540978,Lask,51.603775,19.111855
540989,Holdorf(Meckl),53.7348,11.065701
541024,Rostock Holbeinplatz,54.0933,12.099466
541041,Hamminkeln,51.735104,6.601745
541100,Vogelsang(Kr Oberhavel),53.037712,13.385778
541211,Rodenbach(Dillkr),50.77399,8.205263
541217,Otterwisch,51.20033,12.601793
541278,Lyon Part Dieu,45.760563,4.85999
541294,Mosbach West,49.34677,9.134042
541322,Öhringen West,49.20014,9.485804
541360,Winninghausen,52.323326,9.436305
541430,Wüstenbrand,50.805485,12.756417
541449,Karlsruhe Essenweinstraße,49.009315,8.431866
541479,Dippoldiswalde Bahnhof,50.891014,13.664813
541583,Warngau,47.83357,11.709472
541645,Iffeldorf,47.782063,11.329019
541647,Dornstetten-Aach,48.4733,8.48291
541765,Berlin-Lichtenberg,52.51009,13.496357
541769,S Borgsdorf,52.71555,13.276467
541833,Wörth(Main),49.793465,9.15696
542011,Groß Kreutz,52.411068,12.777027
542030,Gomadingen,48.39912,9.392136
542157,Straßberg-Winterlingen,48.178745,9.087718
542160,Moosbachtal,49.165955,7.754959
542208,Ehringshausen(Kr Wetzlar),50.595066,8.383841
542210,Jedlova,50.84292,14.570404
542239,"Bahnhof Franz-Mehring-Str., Bestensee",52.24158,13.63497
542373,Konin,52.231396,18.253336
542461,Neckarsteinach,49.404907,8.841429
542526,Deventer,52.257435,6.160506
542533,Wernigerode Schr_Bb 001 P1,51.76563,10.67552
542548,Mengeringhausen,51.360203,8.989763
542593,"Niederdorf, Haltepunkt",50.728214,12.782371
542628,Usingen Bahnhof Nbussteig3,50.330936,8.527264
542652,Bad Mergentheim,49.49365,9.771662
542729,Nürnberg-Mögeldorf,49.459213,11.133866
542933,Artern,51.36324,11.310757
542970,Oberzell,47.751728,9.574475
543112,"Chemnitz, Hp Kinderwaldstätte",50.884396,12.953778
543119,Kleinröhrsdorf,51.13461,13.990177
543120,Seebad Ahlbeck,53.93555,14.18784
543257,Einbeck Otto-Hahn-Straße,51.81448,9.89291
543488,Mürlenbach,50.14878,6.601548
543583,Mittelsinn,50.191196,9.623423
543822,Melsdorf,54.312756,10.03083
543962,Schierke Schierke Gleis 1,51.765198,10.677749
544090,Laurenburg(Lahn),50.32955,7.905766
544186,Hildesheim Hbf,52.160625,9.953497
544272,Eggenstein Bf,49.075672,8.397941
544304,Düsseldorf-Eller Süd,51.19807,6.836128
544306,Dauenhof,53.85246,9.680659
544313,Waldkirchen(Niederbay.),48.737164,13.60658
544366,Rüsselbach,49.608738,11.231771
544401,Wecker,49.70009,6.387365
544409,Schieder,51.9224,9.152475
544476,S+U Warschauer Str.,52.50623,13.45072
544489,Pilawa,51.957237,21.53291
544545,Tenneck,47.494354,13.178956
544598,Rheda-Wiedenbrück,51.85702,8.28665
544620,Essen-Gerschede,51.483036,6.943309
544748,Neuhof(b Zossen),52.139675,13.479582
544773,Bad Arolsen,51.3816,8.997792
544868,Berghausen Pfinzbrücke,49.006527,8.520911
545031,Münchsmünster,48.758694,11.688439
545043,Westendorf b Donauwörth,48.571846,10.84337
545092,Nievern,50.337383,7.681876
545101,Elend Elend Gleis 2,51.74592,10.68978
545151,Hinterweidenthal Ost,49.203133,7.773047
545223,Rödental,50.288364,11.031308
545225,Kirchscheidungen,51.2447,11.66257
545543,Kyllburg,50.04193,6.597027
545703,Rolandseck,50.631428,7.206881
545735,Nagymaros-Visegrad,47.790894,18.9588
545888,Brachbach,50.822067,7.941758
546028,Breternitz,50.61631,11.405863
546033,S Birkenwerder Bhf,52.68866,13.288626
546102,Garding,54.326054,8.77762
546124,"Lhotka (Melník), Hledsebe",50.363605,14.562679
546145,Darmstadt Central Station (FlixTrain),49.872517,8.629379
546279,Dresden Hbf,51.04056,13.732035
546283,Wulfen(Westf),51.71919,7.011578
546359,Husby,54.764374,9.575505
546404,Lutum,51.98235,7.22644
546468,"Scheggerott, Museumsbahn",54.670353,9.820613
546473,Lemgo-Lüttfeld,52.020966,8.9107
546484,Schönstedt,51.12075,10.585823
546489,Werbig,52.564884,14.405238
546694,Eutingen im Gäu,48.479954,8.782236
546753,Berghausen(Pfalz),49.29545,8.406173
546777,Straußfurt,51.1639,10.987465
546875,Essen-Altenessen,51.48437,7.007252
546923,Bahlingen Riedlen,48.11802,7.747776
546938,Jößnitz,50.537617,12.139827
546962,Moosrain,47.767574,11.72055
547106,Zevenaar,51.922855,6.072659
547278,Museumsbf. Anlage Mitte,51.512238,14.647651
547396,Wilkau-Haßlau,50.67541,12.513578
547421,Heilbronn Neckarturm,49.142654,9.213758
547494,Erfurt-Gispersleben,51.02213,11.000277
547634,Weißenthurm,50.421177,7.450988
547715,Stara Paka,50.51655,15.485392
547795,Bysice,50.305717,14.60384
547863,Oberzent-Schöllenbach,49.565937,9.067626
547954,Sophienhof Sh_Tf 001 P1,51.64097,10.79913
547970,Güttingen,47.608753,9.292243
547989,Bad Camberg,50.296623,8.255051
547992,Großbeeren,52.350857,13.284743
548087,Vejprty,50.50019,13.033743
548208,Herrlisheim(Bas-Rhin),48.727993,7.910541
548230,Alt Rosenthal,52.550404,14.278627
548345,Boppard-Bad Salzig,50.20525,7.635481
548355,Elend Eld_Ab 009 P9,51.72836,10.67614
548551,Staufen,47.88503,7.728343
548614,Hamburg Landungsbrücken,53.54613,9.971281
548630,Porz-Wahn,50.85813,7.079266
548663,Reckweilerhof,49.606915,7.609127
548709,Leipzig-Mölkau,51.325237,12.45982
548728,München-Moosach,48.18026,11.506237
548856,Dagebüll Mole,54.729908,8.690989
549036,Reichenau(Baden),47.689346,9.125961
549067,Bodenheim,49.929585,8.312491
549110,"Einsiedel, Gymnasium",50.7801,12.971547
549136,Meyenburg,53.31118,12.247288
549174,Dahl,51.303375,7.527898
549223,Oerel,53.494156,9.03247
549286,Krefeld-Oppum,51.32975,6.61009
549466,Speyer Hbf,49.32412,8.427949
549532,Mayen Ost,50.329594,7.238939
549664,Sondernheim,49.19498,8.360272
549749,Krzeszowice,50.130962,19.633242
549814,Schöneck-Büdesheim,50.21495,8.8436
550031,Ribnitz-Damgarten West,54.239178,12.436965
550057,Freyung Bf,48.80284,13.548351
550106,Dresden-Friedrichstadt,51.056034,13.708151
550175,Berthelsdorf(Erzgebirge) Ort,50.86789,13.380147
550182,Ramerberg,48.01964,12.146704
550196,Hochstetten Grenzstraße,49.129784,8.416037
550285,Rambin(Rügen),54.353428,13.207813
550341,Reinsdorf(Artern),51.34227,11.286051
550357,Nordenham,53.48381,8.487392
550382,Arnhem Centraal,51.98478,5.901003
550581,Köln Volkhovener Weg,51.01425,6.893241
550613,Reußen,51.5032,12.134346
550636,Esens(Ostfriesl),53.636215,7.616211
550819,Himmelstadt,49.92344,9.808214
551109,Hamburg-Langenfelde,53.579693,9.93092
551111,Baiersbronn Bf,48.503574,8.372038
551252,Raisdorf,54.280937,10.243694
551255,Heinsberg-Dremmen,51.045685,6.152515
551299,Fresenburg,53.842598,10.390584
551384,Sonneberg(Thür)West,50.36803,11.159071
551455,Hennigsdorf(b Berlin),52.638847,13.205193
551515,Istein,47.66089,7.542943
551688,Erftstadt,50.807095,6.832955
551731,Büdingen(Oberhess),50.28887,9.102598
551761,Wabern(Bz Kassel),51.102966,9.358136
551848,Langenstein,51.86046,10.979275
551943,Wismar,53.896835,11.469433
552131,Oberursel-Stierstadt,50.185688,8.584694
552138,Rheinzabern Alte Römerstraße,49.109367,8.273057
552539,Wehretal-Reichensachsen,51.154095,9.985977
552556,Dettenhausen,48.60659,9.09352
552578,Poing,48.17133,11.809438
552808,S Treptower Park,52.493668,13.461736
553180,Rimbach,49.62735,8.757296
553192,St.Pölten Hbf,48.208275,15.624683
553244,Kirchberg(Murr),48.93916,9.329056
553299,Rosenwinkel,53.03825,12.343174
553359,Bad Zwischenahn,53.18255,8.003123
553449,Pesaro,43.905968,12.90475
553485,Dortmund-Körne West,51.509937,7.502409
553676,Marlishausen,50.819504,11.010056
553726,Munsbach,49.630257,6.268579
553784,Walhausen(Saar),49.5588,7.129374
553785,Zell am See,47.32052,12.796571
553825,Mallersdorf,48.768097,12.256898
553963,Weinheim-Lützelsachsen,49.528076,8.650173
554172,Stolberg-Altstadt,50.76426,6.230538
554253,Inselstadt Malchow,53.48201,12.423808
554348,Am Stern  von Altmarkt,51.317993,9.500694
554369,Rostock-Kassebohm,54.079426,12.163316
554370,Felsberg-Gensungen,51.131123,9.43563
554377,S Raoul-Wallenberg-Str.,52.550735,13.547678
554407,"Bahnhof, Halbe",52.108765,13.701473
554415,Josefuv Dul,50.779476,15.240269
554506,Hemmoor,53.684082,9.165803
554671,Am Stern  von Lutherplatz,51.318153,9.499707
554858,Weiterstadt,49.909706,8.579385
554981,Zachrastany,50.214497,15.489794
554982,Heinsberg-Randerath,51.016243,6.182449
555038,Neuhausen Rheinfall,47.679806,8.616946
555142,Emden Hbf,53.369038,7.195176
555252,Jülich Forschungszentrum,50.898594,6.392244
555261,Brötzingen Sandweg,48.88588,8.662347
555386,Linköping Central,58.41601,15.626675
555464,Lucany n.Nisou,50.739525,15.225402
555476,Oldenburg-Wechloy,53.151806,8.178156
555562,Wernigerode Wernigerode Hochschule Harz Gleis 1,51.82624,10.76595
555586,Kerkwitz,51.90973,14.627967
555640,Heggen,51.15352,7.963238
555703,Rumeln,51.398113,6.675979
555739,Fürstenzell,48.51318,13.333817
555821,"Riffelriß, Grainau",47.43554,10.987337
555903,Blindheim,48.645096,10.617933
556042,Wickede(Ruhr),51.493202,7.869713
556063,Vöhl-Ederbringhausen,51.129566,8.871803
556067,Neumünster Stadtwald,54.08343,9.962863
556073,Wernigerode Sr_Drt 006 P6,51.81015,10.72995
556075,Ennepetal,51.30478,7.343533
556149,Rastede,53.2446,8.191011
556156,Kremperheide,53.88118,9.480377
556159,Neuenbürg(Enz),48.849056,8.600745
556196,Leipzig-Engelsdorf,51.343945,12.477634
556221,Ludwigsfelde,52.299816,13.267635
556404,Herny,49.00381,6.476802
556430,Gnarrenburg Nord,53.393288,9.015403
556440,Schwenzin,53.536186,12.612018
556547,S Schöneberg,52.47924,13.351632
556602,Burgstall(Murr),48.928646,9.369932
556657,Bibelöd,47.771694,12.646506
556664,Frydlant v Cechach predm.,50.926865,15.076524
556712,Heinsberg Kreishaus,51.061775,6.10894
556743,Karsdorf,51.28069,11.655766
556785,Wernigerode Sr_Drt 008 P8,51.80672,10.72905
556789,Cranzahl,50.51125,12.993028
556857,Chotetov,50.339687,14.810389
556888,Neu Wokern,53.760033,12.500916
556906,Berchtesgaden Hbf,47.626686,12.999058
556956,Hasbergen,52.241695,7.953967
556974,Krempe,53.83411,9.481757
556977,Euskirchen-Kuchenheim,50.6556,6.834478
557064,Hagsfeld Reitschulschlag,49.04408,8.46107
557065,Mönchengladbach-Rheindahlen,51.15071,6.357894
557079,Tangermünde West,52.547737,11.960454
557298,Schömberg Stausee,48.211327,8.771352
557310,Zwiesel(Bay),49.020943,13.22638
557359,Pörtschach am Wörther See,46.636196,14.146286
557417,Rohrbach(Saar),49.276737,7.157395
557422,Düren Annakirmesplatz,50.796238,6.474259
557423,Valdek,50.981255,14.506925
557461,Zehdenick(Mark),52.979343,13.317335
557507,Schwabach,49.32645,11.0354
557628,Bratislava hl.st.,48.15891,17.106466
557718,Melsungen,51.126003,9.546079
557802,Forst(Gr),51.73637,14.661881
557812,Neukirchen-Gampern,48.02028,13.549311
557888,Sosnowiec Glowny,50.2789,19.126411
557892,Karlsruhe Entenfang,49.010963,8.359893
557933,Flawil,47.415188,9.189786
558038,"Hochstetten Altenheim, Linkenheim-Hochstetten",49.13254,8.418277
558076,Stendal Vorbf,52.595837,11.87129
558159,Kesswil,47.595497,9.317427
558169,Lübben(Spreewald),51.93978,13.877006
558276,Holzgerlingen,48.636852,9.007129
558316,Berlin Hbf,52.52506,13.369167
558393,Frankfurt(M) Flughafen Regionalbf,50.05122,8.571251
558468,Langwedel,52.977882,9.194981
558517,Vatterode Wippergrund (Parkeisenbahn),51.60125,11.427166
558548,Adelsdorf(Mittelfr),49.474945,10.687041
558571,Salzburg Mülln-Altstadt,47.8084,13.034178
558615,Furschenbach,48.579765,8.135178
558638,Vöcklabruck,48.010067,13.663703
558730,Berlin Potsdamer Platz,52.50938,13.375988
558742,Halle Rosengarten,51.44686,11.982787
558746,Wehrheim,50.29635,8.56703
558758,Beimerstetten,48.482,9.976914
558767,Liberec-Horni Ruzodol,50.753563,15.032983
558862,Kaltenbrunnen im Montafon,47.085384,9.888115
558883,Lörrach-Haagen/Messe,47.633232,7.680893
558903,Bad Neuenahr,50.547657,7.144032
558935,Wörth(Isar),48.624184,12.332925
558976,Rangendingen,48.381115,8.893859
558986,Schneverdingen,53.11057,9.798868
558991,Hamburg-Tiefstack,53.531223,10.065591
559061,Kloster Oesede,52.200592,8.111626
559074,Dolni Zleb zast.,50.837402,14.223179
559598,Merzig(Saar),49.43642,6.634192
559616,Auringen-Medenbach,50.11361,8.332093
559639,Schüttorf,52.31684,7.22061
559773,Gießen Licher Str,50.58167,8.697242
559823,Bretten Rechberg,49.032597,8.701614
559865,Eriskirch,47.628403,9.526672
559934,Mulda(Sachs),50.809,13.413153
560004,Türkenfeld,48.104725,11.077277
560045,Röthenbach(Oberpf),49.623543,11.995583
560082,Kronshagen,54.33121,10.083155
560229,Nassenheide,52.816525,13.239579
560283,Zdunska Wola,51.61125,18.946575
560353,Bretten Stadtmitte,49.033993,8.702809
560360,Maasbüll(b Niebüll),54.75445,8.812742
560477,Freihung,49.62722,11.902879
560516,Landau(Isar),48.68289,12.695062
560528,Ulm-Söflingen,48.402725,9.958849
560610,Markkleeberg,51.27903,12.372615
560613,Rokycany,49.74038,13.591744
560811,Wesselburen,54.20718,8.932718
560826,Holysov,49.597546,13.10137
560865,Bruckberg,48.51598,11.997782
560889,Willmenrod,50.53933,7.985758
560924,Altdöbern,51.65251,14.009376
560933,S Mahlsdorf Bhf,52.51214,13.610641
560959,Lubolz,51.961735,13.822422
560997,Dresden-Dobritz,51.011616,13.808477
561035,Glesch,50.97147,6.589313
561121,Berlin Ostkreuz,52.50304,13.468615
561209,Groß Ammensleben,52.235645,11.525417
561230,Dabrowa Gornicza Zabkowice,50.366478,19.264442
561289,Letmathe Dechenhöhle,51.365463,7.644154
561345,S Waßmannsdorf,52.368713,13.463746
561368,Unterhaching,48.06496,11.612359
561405,Elend Ab_So 009 P9,51.70143,10.69101
561470,Vohburg-Rockolding,48.739437,11.608912
561484,Skrivany,50.271923,15.498777
561536,Krauchenwies,48.019684,9.23794
561589,Lichtenstein Ernst-Schneller-Siedlung,50.764465,12.625858
561886,Eimeldingen,47.62795,7.5956
561892,Luh p.Smrkem,50.891735,15.152028
561967,Weißenau,47.765976,9.594383
562011,Frankfurt-Rödelheim,50.124615,8.607026
562057,Sandkrug,53.05443,8.254993
562137,Possenhofen,47.96196,11.306475
562151,Schelklingen,48.3717,9.735267
562308,Wutike,53.00433,12.352882
562345,Singen(Hohentwiel),47.75888,8.841269
562373,Ellerau,53.750145,9.923374
562498,Garching(Alz),48.13037,12.57299
562551,Marktl,48.256695,12.852478
562602,"Poststraße, Karlsruhe",48.9952,8.40364
562659,Coswig(Anh),51.888,12.457625
562663,Wurzen,51.364418,12.738972
562712,Kleinheubach,49.721424,9.207476
562741,Dolni Zleb zastavka,50.83743,14.223116
562746,Hamburg-Nettelnburg,53.48789,10.181408
562969,"Marktplatz (Pyramide U), Karlsruhe",49.009007,8.403811
563122,Gaimersheim,48.79879,11.36979
563129,Niemberg,51.552063,12.099869
563243,Halen,52.339123,7.945044
563266,Ludwigshafen-Oggersheim,49.493187,8.381523
563319,Flintsbach,47.72425,12.128024
563531,Holtensen/Linderte,52.271954,9.653221
563828,Rodgau-Dudenhofen,50.010662,8.884482
563885,Lübstorf,53.72888,11.411316
563922,S Zepernick,52.65986,13.534081
563930,Langenhagen-Kaltenweide,52.480083,9.736342
564049,Karlsruhe-Neureut Kirchfeld,49.052914,8.388835
564095,Nordwalde,52.077393,7.461641
564186,Koblenz(CH),47.600338,8.22705
564217,"Charlottenhof Bahnhof, Potsdam",52.392895,13.037509
564270,"Linkenheim Friedrichstraße, Linkenheim-Hochstetten",49.119686,8.409346
564399,Recklinghausen Hbf,51.61636,7.20349
564519,Oberachern Bindfadenfabrik,48.603462,8.093268
564537,Adelebsen,51.57769,9.760044
564650,Münster-Albachten,51.914577,7.528197
564682,Daxlanden Karl-Delisle-Straße,48.996304,8.338378
564953,Zwickau Zentrum,50.715546,12.496893
564977,Aulendorf,47.953053,9.644046
565045,Aßling(Oberbay),47.98949,11.993518
565046,St Thomas,50.06979,6.601076
565116,Nordhausen-Altentor,51.50804,10.778952
565126,Seekirchen/Wallersee Stadt,47.89058,13.119961
565221,Rümmingen,47.642925,7.640709
565357,Benneckenstein Bek_Klb 003 P3,51.67336,10.72314
565415,Altenau(Bay),47.648365,11.017375
565674,Gemmingen West,49.154514,8.977553
565719,Berlin Gesundbrunnen,52.548386,13.390704
565782,Tuttlingen Gänsäcker,47.964664,8.781233
565889,Kennelgarten,49.440998,7.733013
566237,Decin - Priper,50.784863,14.209138
566445,Radebeul-Weintraube,51.103123,13.655748
566487,Dessau Süd,51.802197,12.236455
566561,Oldenburg(Oldb)Hbf,53.14432,8.222713
566706,S Waidmannslust,52.60626,13.321086
566768,Prösen Ost,51.425858,13.500903
566774,Osterode am Harz Leege,51.71706,10.273027
566815,Ahrensburg-Gartenholz,53.68848,10.251786
566950,Gittelde/Bad Grund(Harz),51.78734,10.203025
566995,WE Berkaer Bahnhof,50.980938,11.313498
567082,Laufen(Oberbay),47.933655,12.922363
567179,Hamburg-Schnelsen,53.634125,9.906616
567211,Hamburg-Ohlsdorf,53.620872,10.031968
567224,Hagsfeld Bahnhof,49.02723,8.453731
567242,S+U Gesundbrunnen Bhf,52.54913,13.389907
567696,Rosenheim,47.850018,12.119202
567733,S Teltow Stadt,52.396877,13.276641
567872,"Dammerstock, Karlsruhe",48.98421,8.403578
567884,Ahnatal-Weimar Gl.1 Ri.Wolfhagen,51.363407,9.391969
567888,Zürich HB,47.378178,8.540212
568080,Kleinenbroich,51.195663,6.551972
568169,Büchen,53.47497,10.623298
568240,Dresden Freiberger Straße,51.047993,13.719864
568249,Zwickau-Pölbitz,50.737213,12.479662
568276,Melsungen Bartenwetzerbrücke,51.132175,9.548839
568525,Elend Ab_So 013 P13,51.69529,10.69289
568582,Zelezna Ruda centrum,49.136127,13.236809
568644,Berlin Jungfernheide,52.53029,13.299397
568697,Bayerbach,48.414413,13.134451
568744,Mikulasovice dol. nadr.,50.984226,14.336735
568746,Neukirchen b.Lambach,48.095436,13.832156
568750,"Chemnitz, Bahnhof Hilbersdorf",50.86178,12.952916
568800,Bad Doberan Goethestraße,54.108463,11.899894
568860,Maxhütte-Haidhof,49.198017,12.107818
568921,Kutenholz,53.47038,9.309961
568923,Orlamünde,50.77566,11.544899
568935,Stumsdorf,51.616234,12.066859
568969,Reutlingen-Betzingen,48.49621,9.175442
568970,Stadtoldendorf,51.881,9.620519
569007,Königsplatz  Ri. Friedrichsplatz,51.3156,9.497502
569017,Erbach(Württ),48.3259,9.894953
569130,S Ostbahnhof,52.510715,13.435552
569223,Holländischer Platz  Ri. Am Stern,51.320328,9.501801
569256,Drusenheim,48.765995,7.947572
569259,Lübeck-Travem. Skandinavienkai,53.950787,10.854029
569287,Ubstadt-Weiher,49.167023,8.623335
569288,Koblenz Hbf,50.35093,7.588345
569373,Brillit,53.41453,9.01366
569519,Niederbiegen,47.830627,9.620958
569524,S Hohenschönhausen Bhf,52.56622,13.512489
569755,Bayreuth Hbf,49.949615,11.579985
569846,Haitz-Höchst,50.208633,9.226821
569888,Karlsruhe Hauptfriedhof,49.012993,8.431165
570096,Dahn,49.154556,7.771283
570121,"Lameyplatz, Karlsruhe",49.013165,8.35446
570193,Wincheringen,49.60874,6.406842
570203,Melle,52.209255,8.343221
570219,Hamburg-Blankenese,53.564365,9.814607
570247,Neunkirchen(Kr Siegen),50.784702,8.006101
570284,Schönberg(Vogtl),50.528427,11.961259
570289,Lüneburg,53.249657,10.41989
570298,Jena-Zwätzen,50.955486,11.620875
570408,Apolda,51.03094,11.526136
570545,Klasdorf Glashütte,52.021053,13.544067
570698,Obermohr,49.456253,7.501412
570753,Breitenschützing,48.078785,13.800888
570907,Nauheim(b Gr.Gerau),49.94214,8.449929
570954,Bad Schlema,50.6189,12.680229
571066,Achern,48.63399,8.065324
571213,Uslar,51.65448,9.65524
571240,Pinnow(Uckermark),53.06538,14.089064
571379,Jülich-Broich,50.947235,6.342104
571421,Sterbfritz,50.312866,9.625417
571462,Kovac,50.392315,15.469555
571520,Langenwang(Schwab),47.43659,10.276032
571526,Leverkusen Chempark,51.01141,6.996675
571567,Felsberg-Wolfershausen,51.18655,9.45006
571589,Levinska Olesnice,50.52434,15.530748
571620,Hörselgau,50.92338,10.577866
571719,Stein(Traun),47.985355,12.546124
571741,Stettfeld(Baden),49.178905,8.64374
571955,Gdansk Glowny,54.35552,18.643803
572019,Ebenhofen,47.81482,10.618479
572058,Halberstadt-Spiegelsberge,51.88258,11.048307
572090,Ebelsbach-Eltmann,49.982674,10.669614
572131,Sarnow,53.11717,12.230508
572164,Silberhütte NE,51.629093,11.091686
572407,Kreuztal,50.956028,7.991696
572501,Schweinfurt Stadt,50.046806,10.244297
572568,"Stollberg, Schlachthofstr",50.714428,12.778822
572765,Bad Kohlgrub Kurhaus,47.67021,11.039181
572957,Calw,48.714794,8.74199
573088,St. Anton im Montafon,47.109943,9.866123
573109,Gosberg,49.704456,11.109205
573116,Singen(Thür),50.727802,11.067263
573138,Klecken,53.366207,9.928922
573185,Norheim,49.808807,7.812291
573375,Krimov,50.489754,13.276007
573479,Weiherhammer,49.631252,12.061829
573524,Niederheimbach,50.036064,7.805471
573591,Arrach,49.195366,13.002804
573605,Deblin,51.577408,21.834736
573618,Neuzelle,52.098797,14.648866
573671,Langen-Flugsicherung,50.005707,8.658565
573685,Zeulenroda unt Bf,50.659374,12.011351
573817,Frydlant v Cechach,50.91894,15.07303
573885,Berlin-Karow,52.614883,13.469204
573968,Schkeuditz,51.40239,12.222169
573985,Hemsbach,49.59087,8.648722
574136,Jindřichovice pod Smrkem-Skanzen,50.959084,15.22834
574237,Hamburg Burgwedel,53.647614,9.908496
574321,S+U Westhafen,52.536217,13.344329
574339,Luzec p.Smrkem,50.886322,15.164838
574345,Poppenhausen,50.100475,10.138786
574451,Offenbach(Main)Hbf,50.099262,8.760743
574475,Wernigerode Drängetal Gleis 2,51.79815,10.72989
574512,"Chemnitz, Schule Altchemnitz",50.79865,12.913543
574597,Untermaubach-Schlagstein,50.726852,6.460448
574747,Hanweiler(Gr),49.111805,7.057638
574771,KA Tullastraße/Alter Schlachthof,49.006096,8.432522
574874,Lohmen,50.98906,13.987904
575027,Bad Doberan,54.100002,11.905335
575056,Jüterbog,51.99719,13.053465
575081,Neuss Rheinparkcenter,51.206177,6.717153
575083,Bochnia,49.9773,20.430775
575256,Freiburg-Wiehre,47.982414,7.854127
575259,Utting,48.02274,11.093969
575418,"Sophienstraße, Karlsruhe",49.00752,8.379027
576060,Wetzlar,50.56563,8.503819
576121,Ainring,47.815033,12.964501
576139,S+U Yorckstr. (Großgörschenstr.),52.492294,13.367812
576197,Arnbach,48.34132,11.344044
576274,Vormwald Dorf,50.98993,8.127215
576327,Bretzfeld,49.17274,9.440302
576397,Beuchow,54.36212,13.502454
576517,Karlsruhe Weinweg,49.0045,8.441118
576615,Ilberstedt,51.806557,11.647375
576722,Marne la Vallée-Chessy,48.870274,2.782876
576772,Muldenhütten,50.905685,13.388804
576781,Ruhland,51.455254,13.870026
576976,Dresden-Strehlen,51.030678,13.761861
577039,Kelkheim,50.137264,8.44773
577098,Dannenberg Ost,53.104996,11.117734
577130,Kranj,46.23901,14.348167
577147,Triefenried,48.96967,13.052686
577153,Udine,46.055786,13.24216
577246,Silberhausen,51.319424,10.34241
577313,Wolfratshausen,47.914425,11.427201
577314,Bad Harzburg,51.88837,10.554219
577333,Opalenica,52.309727,16.400345
577385,Dvur Kralove n.Labem,50.413475,15.799425
577420,Erbach(Odenw) Nord,49.669582,8.989963
577665,Ensdorf(Saar),49.302876,6.776015
577669,Mühlheim(Main),50.119186,8.837922
577723,Ahnatal-Casselbreite Gl.1 Ri. Wolfhagen,51.36286,9.434109
577761,Köttewitz,50.945145,13.859704
577845,Leingarten West,49.145977,9.105799
577886,Daxlanden Thomas-Mann-Straße,48.999226,8.341558
577943,Köln-Dellbrück,50.981438,7.070124
577999,S+U Warschauer Str.,52.506405,13.450818
578041,Murrhardt,48.982758,9.57777
578097,Duisburg-Rahm,51.346836,6.779924
578105,Friedrichshafen Landratsamt,47.657146,9.451988
578252,Elend Ab_So 003 P3,51.71477,10.68572
578304,Lohgarten-Roth,49.24357,11.09595
578393,Darmstadt-Eberstadt,49.813923,8.62582
578521,Kurort Kipsdorf,50.80591,13.676546
578582,Dietzenbach Mitte,50.01766,8.789218
578737,Vernawahlshausen,51.629436,9.614148
578818,Heidelberg Central Station (FlixTrain),49.4039,8.675808
578839,Bukovno,50.443344,14.833341
578939,Neustadt(Dosse),52.853245,12.450233
578942,Ostheim v Rhön,50.455925,10.231621
579054,"Chemnitz, Bahnhof Hilbersdorf",50.86192,12.953518
579113,Magstadt,48.736137,8.965308
579228,Urschalling,47.835815,12.33869
579351,Döbeln Hbf,51.126568,13.094988
579379,Oberwinden,48.15253,8.044583
579765,Aalen Hbf,48.841015,10.096271
579795,Langenselbold,50.162067,9.057682
579935,Goleniow,53.559483,14.839893
579936,Wolterdingen(Han),53.026943,9.845273
579971,Blankenloch Mühlenweg,49.068607,8.47432
579976,Linsenhofen,48.579796,9.371584
580457,Pirmasens Nord,49.259216,7.604401
580480,Kühren,51.34939,12.833225
580523,Bellheim Bf,49.188305,8.29456
580542,Oberrothenbach,50.76388,12.475776
580621,Hohenthurm,51.51236,12.097881
580724,Miesbach,47.79083,11.830816
580780,Oberstaufen,47.554207,10.025285
580914,"Wagersrott, Museumsbahn",54.663254,9.794351
580945,Zinnowitz,54.075565,13.903359
581124,S Köllnische Heide,52.469677,13.46806
581361,Dollbergen,52.417152,10.181657
581362,Groß-Umstadt Mitte,49.864063,8.924707
581366,Dahlewitz,52.326275,13.419925
581433,S Anhalter Bahnhof,52.503544,13.381498
581491,Bad Lobenstein,50.452415,11.641806
581506,Wahlbach(Kr Siegen),50.758415,8.053783
581539,Cuxhaven,53.8609,8.703431
581621,Vettweiß,50.743073,6.602616
581628,S Storkower Str.,52.52366,13.465047
581704,Sättelstädt,50.945915,10.480338
582003,Weizern-Hopferau,47.614594,10.62046
582022,Berlin-Schöneweide,52.45469,13.509638
582035,Alzenau(Unterfr),50.088715,9.065603
582053,Wörth(Rhein) Bienwaldhalle,49.04978,8.260879
582096,Falkenau(Sachs)Hp,50.854687,13.118402
582100,Schifferstadt,49.39291,8.364945
582104,Neustadt(Waldnaab),49.725918,12.168337
582120,Schwerin-Wüstmark,53.584045,11.399627
582129,Papenburg(Ems),53.089706,7.386708
582133,Nohra(Wipper),51.443035,10.698478
582143,Rohr(Thür),50.571587,10.515839
582258,Vlotho,52.1718,8.86419
582267,"Mühlburger Tor, Karlsruhe",49.010517,8.383644
582290,Wölfersheim-Södel,50.397335,8.81622
582403,Lüdenscheid,51.220352,7.628717
582410,Hamburg Elbgaustraße,53.602573,9.893738
582468,Breitengüßbach,49.96683,10.887135
582664,Bahnhof Goßdorf-Kohlmühle,50.94117,14.164725
582742,Jöhlingen,49.02818,8.575224
582777,Ostheim(Kr Hanau),50.2191,8.903381
582862,Wetter(Hessen),50.903713,8.729147
582869,Limburgerhof,49.424274,8.390747
583042,Mannheim-Waldhof,49.52566,8.482603
583144,Oberbillig,49.710163,6.511634
583244,Weißer See,53.283035,12.948926
583289,"Chemnitz, Bahnhof Reichenhain",50.795338,12.934815
583308,Desna-Riedlova vila,50.759235,15.313994
583382,"Doksy,,zel.st.",50.573524,14.647139
583458,Melsungen-Schwarzenberg,51.146206,9.56111
583486,Malmsheim,48.771873,8.905224
583498,Osterode am Harz Mitte,51.72604,10.245443
583528,Tauberfeld,48.819237,11.275691
583932,Gablenz/Gora,51.528896,14.681508
583970,Wiesa(Erzgeb),50.61064,13.023533
584108,Flensburg(Gr),54.814842,9.36324
584110,Altenwillershagen,54.259407,12.572818
584123,Hagsfeld Reitschulschlag,49.043262,8.460872
584126,Rathmannsdorf Bahnhof,50.926956,14.130868
584135,"Zugspitzbahnhof, Garmisch-Partenkirchen",47.4902,11.0961
584212,Mainroth,50.120663,11.319285
584331,Bludenz Brunnenfeld,47.13631,9.8389
584462,Schweinsdorf,49.4006,10.226984
584498,Jülich-Selgersdorf,50.89023,6.40829
584628,Grebenstein Gl.1 Ri. Kassel,51.44753,9.419973
584902,Neusorg,49.933846,11.971987
584924,Peißenberg Nord,47.81568,11.077304
584977,Heigenbrücken,50.02261,9.380836
584987,Ilmenau-Roda,50.697227,10.889111
585007,Bremen-Burg,53.16029,8.704773
585012,Pönitz(Leipzig),51.408535,12.514432
585168,Treis-Karden,50.179836,7.299635
585263,Paderborn Hbf,51.71298,8.740505
585291,Dresden-Neustadt,51.0659,13.740701
585451,Neuenkirchen(Oldb),52.508434,8.059574
585463,Pflach,47.514114,10.718022
585477,Menningen-Leitishofen,48.00673,9.160945
585480,Alte Veste,49.454323,10.972363
585520,S Waßmannsdorf,52.368477,13.463492
585621,Elmshorn,53.754025,9.659408
585653,Förderstedt,51.90352,11.633757
585664,Krimov zastavka,50.487644,13.295264
585705,"Bahnhof, Niedergörsdorf",51.967907,12.978512
585812,Prösen West,51.424644,13.469804
585828,Schaffhausen,47.69828,8.632756
585938,Brilon Wald,51.34916,8.576073
586207,Niebüll Autoverladung,54.78456,8.835786
586299,Innsbruck Westbahnhof,47.25559,11.391871
586420,Beeskow,52.177685,14.250974
587020,Hohenwulsch,52.66732,11.595136
587312,Eppertshausen,49.94537,8.84236
587427,Kindsbach,49.419373,7.612836
587573,Etelsen,52.999203,9.123745
587609,Herxheim am Berg,49.50949,8.190044
587636,Altenfeld(Rhön),50.450897,9.849726
587661,Ludwigschorgast,50.121624,11.557252
587692,Rastow,53.458157,11.430859
587699,Hämelerwald,52.354706,10.110601
587740,Apeldoorn,52.20943,5.968491
587799,Baddeckenstedt,52.08916,10.228767
587832,Marktschorgast,50.090794,11.65353
587836,Szob(Gr),47.824898,18.844774
587873,Waging,47.931618,12.727085
587951,S Erkner Bhf,52.42957,13.750774
588043,Landshut(Bay)Hbf,48.547493,12.13593
588095,Rotenburg a.d. Fulda,50.997856,9.733344
588271,Frauenhain,51.384224,13.503636
588300,Schonungen,50.049206,10.304913
588336,Offenbach-Waldhof,50.08169,8.828938
588434,Kalisz,51.74282,18.071917
588504,Ilfeld Tf_Etm 003 P3,51.63073,10.81669
588622,Spaichingen Mitte,48.078503,8.730425
588786,Merklingen - Schwäbische Alb,48.52116,9.740877
588809,Dortmund-Mengede,51.570347,7.374374
588829,Ahrweiler,50.54641,7.107258
588837,Millingen(b Rees),51.809456,6.400012
588876,Eschwege,51.191753,10.042586
588892,Althengstett,48.72688,8.79743
588993,Niederbobritzsch,50.90139,13.440637
589304,Weida Altstadt,50.76787,12.058457
589432,Kuks,50.395954,15.884577
589534,Sinzheim,48.75988,8.158429
589539,Unterhausen(Bay),48.716774,11.100288
589566,Crimmitschau,50.815067,12.392986
589592,Frankfurt-Unterliederbach,50.107964,8.527994
589631,Langendorf,51.18145,11.959322
589756,Lauenförde-Beverungen,51.65847,9.392667
589765,Landsberg(Lech),48.047276,10.871701
589805,Horb,48.44147,8.688982
589810,Neudorf(Erzgeb),50.47803,12.97404
589877,Klingnau,47.58156,8.250295
589883,Rehfelde,52.52842,13.922803
590124,Aulendorf Bahnhof,47.95297,9.643873
590223,Bad Kissingen,50.191547,10.079885
590269,"Eggenstein Spöcker Weg, Eggenstein-Leopoldshafen",49.079746,8.399657
590273,Wölfershausen,50.49151,10.436588
590323,Düren Renkerstraße,50.770275,6.489493
590394,Beroun,49.957256,14.076457
590410,Kosatky,50.316944,14.670189
590464,Hagsfeld Süd,49.02422,8.449122
590567,Spechtritz,50.952637,13.638817
590611,Bad Münster a Stein,49.813427,7.846989
590636,Sulz(Neckar),48.366486,8.636748
590667,Schalksmühle,51.24059,7.532751
590767,Friedrichssegen,50.311954,7.650733
590771,Löbau(Sachs),51.099445,14.671941
590780,Mörsch Rösselsbrünnle,48.96746,8.304889
590787,Freital-Coßmannsdorf,50.976875,13.624952
590812,Grafling-Arzting,48.889645,12.973322
590899,Ludwigshafen(Bodensee),47.815613,9.05305
590973,Bülzig,51.894894,12.752715
591022,Sondershausen,51.370052,10.849193
591213,Chlumcany u Dobran,49.623333,13.292444
591327,Seifersdorf/DW Bahnhof,50.939808,13.647772
591335,Brandenburg Hbf,52.400276,12.565075
591415,Niederschlottwitz,50.88958,13.810979
591507,Tocnik,49.4293,13.309204
591566,Koscian,52.07896,16.641829
591769,Neuoelsnitz,50.719513,12.723437
591959,Lottschesee,52.8154,13.498501
592060,Karlsruhe Lameyplatz,49.013042,8.355006
592087,Bad Lauterberg im Harz Barbis,51.619022,10.414607
592174,Zirovice-Seniky,50.148296,12.335567
592195,Sinsheim Museum/Arena,49.24137,8.899843
592286,Neuötting,48.261158,12.690432
592346,Haselstauden (Dornbirn),47.43261,9.749185
592405,Dellfeld Ort,49.23887,7.478162
592470,Oftersheim,49.373505,8.579013
592477,Lütter,50.480865,9.765486
592729,Bonn-Duisdorf,50.716476,7.042548
592774,Deggendorf Hbf,48.83944,12.949727
592848,Amstetten(W) Lokalbahn,48.57785,9.873959
592884,Isselhorst-Avenwedde,51.939976,8.438524
592982,München-Langwied,48.163113,11.432508
593048,"Reuth(b Plauen,Vogtl)",50.47586,11.954337
593206,Niederlehme,52.301975,13.652526
593208,Althof,54.090443,11.922341
593373,Steinebach,48.061184,11.206812
593384,Hähnichen,51.36412,14.856726
593491,Elze(Han),52.120148,9.746894
593497,Berlin-Wannsee,52.42135,13.180446
593575,Walheim(Württ),49.01094,9.152118
593618,Homburg(Saar)Hbf,49.328083,7.337035
593702,Elend Drw_Eld 005 P5,51.75585,10.71076
593706,Neidenstein,49.320236,8.890152
593958,Lauf West,49.50113,11.278
593970,Raitersaich,49.374897,10.843549
594021,Bagenz,51.65438,14.426997
594037,S Hohenschönhausen Bhf,52.56627,13.512604
594171,Falkenberg(Elster),51.584034,13.246983
594394,Regenstauf,49.122158,12.125142
594424,Greiz-Dölau,50.63088,12.185217
594598,Münsterlingen Spital,47.632046,9.236117
594664,Niederwalgern,50.7366,8.708379
594776,Nejdek-Oldrichov,50.34781,12.769029
594812,Groß Gerau-Dornheim,49.877506,8.493656
595068,Blönsdorf,51.955544,12.89583
595157,Karlsruhe-Mühlburg,49.014557,8.351126
595214,S Biesdorf,52.513065,13.555982
595261,Rostock-Marienehe,54.111774,12.080072
595336,Werfen,47.4726,13.195183
595396,Mersch(Westf),51.76211,7.737412
595570,Altenmarkt(Alz),47.999817,12.536027
595590,Frankenberg-Goßberg,51.065,8.799326
595695,Essen-Borbeck Süd,51.461674,6.953922
595743,Wesel,51.65584,6.627134
595758,Wörrstadt,49.846252,8.114712
595815,Ramsberg,49.11184,10.925378
595888,Freudenstadt Industriegebiet,48.464966,8.434941
596003,Luckenwalde,52.09121,13.161264
596014,Bindfelde,52.58456,11.898035
596015,Nauen,52.61272,12.886006
596062,Neuenbürg(Enz) Süd,48.84457,8.598864
596096,Allersberg(Rothsee),49.26213,11.212573
596105,S Lichtenrade,52.38707,13.396301
596212,Wörth(Rhein) Alte Bahnmeisterei,49.04862,8.266465
596425,S Friedrichsfelde Ost,52.51353,13.519078
596453,Grieskirchen-Gallspach,48.231052,13.838907
596664,Jöhlingen West,49.030937,8.569975
596955,Brunau-Packebusch,52.751274,11.484586
597319,Krippen Bahnhof,50.91312,14.160198
597347,Neustadt(Sachs),51.021385,14.213246
597380,Trossingen Bahnhof,48.087666,8.585154
597473,Oschersleben(Bode),52.030727,11.22684
597487,Eilenburg Ost,51.463425,12.667772
597550,Höpfling,47.811226,12.651162
597594,Neuenbürg(Enz) Freibad,48.83694,8.59033
597630,Pabianice,51.66095,19.325098
597644,Horst(Holst),53.804596,9.645156
597737,Niederschelden Nord,50.84419,7.970657
597765,Höchst Hetschbach,49.807716,8.983131
597861,Tieffenbach-Struth,48.90636,7.255394
597883,Smrzovka stred,50.731922,15.254867
597986,"Bahnhof, Wittstock (Dosse)",53.160427,12.480338
598135,"Landesbausparkasse, Karlsruhe",49.001698,8.377609
598136,Zerbst/Anhalt,51.95382,12.088931
598205,Vsestary,50.252632,15.764589
598342,Bansin Seebad,53.96439,14.129385
598367,Petersaurach Nord,49.3184,10.739097
598391,Kaiserslautern-Hohenecken,49.41579,7.699292
598394,Allmendingen,48.327736,9.722427
598445,Marburg Süd,50.794468,8.762431
598541,Meiningen,50.57407,10.421205
598573,Kreimbach-Kaulbach,49.55149,7.631296
598575,St Goar,50.150154,7.714587
598600,Bad Vilbel Süd,50.178585,8.733227
598902,Remagen,50.577003,7.23027
598951,Wandlitz,52.744823,13.46615
598974,Jabel(Meckl),53.54526,12.547559
599057,S+U Schönhauser Allee,52.54938,13.415241
599162,Teichland,51.81844,14.422351
599234,Guxhagen Gl.2 Ri. Melsungen,51.204376,9.481862
599283,Heide(Holst),54.19356,9.101029
599313,Muldenstein,51.667786,12.354047
599322,Wernigerode Sr_Drt 007 P7,51.80755,10.7223
599367,Birach,48.349518,8.080366
599520,Steinach(Bodensee),47.500957,9.442003
599553,Wasserburg(Bodensee),47.571903,9.639064
599657,Großpösna,51.26671,12.488839
599671,"Mathystraße, Karlsruhe",49.002167,8.394361
599822,Vach,49.51757,10.986146
599926,Leiferde(b Gifhorn),52.45645,10.427937
599976,Brzeg Dolny,51.266193,16.726768
600032,Lochau-Hörbranz,47.52962,9.742196
600115,Düsseldorf-Gerresheim,51.22036,6.863933
600262,Bad Saarow,52.293255,14.064929
600445,Jaworzno Szczakowa,50.246326,19.297424
600551,Bork(Westf),51.66933,7.456308
600579,Pockau-Lengefeld,50.707172,13.226793
600646,S Frohnau,52.632305,13.29044
600885,Betzdorf(Sieg),50.789295,7.87005
601116,Olsberg,51.360497,8.484206
601123,Dieburg,49.903645,8.840894
601143,Bad Bodendorf,50.556267,7.217217
601238,Wächtersbach,50.25396,9.295828
601274,Groß Kiesow,54.01372,13.480617
601282,Kirchdorf(Deister),52.289852,9.491936
601326,Salzbergen,52.32325,7.350526
601392,Freiburg Klinikum,48.00556,7.842755
601442,Bennigsen,52.240734,9.666376
601511,Kasbach,50.585644,7.260031
601759,Trier Süd,49.74463,6.636686
601761,Vatterode,51.597706,11.428983
601882,"Ceska Lipa, Strelnice",50.69184,14.533151
601894,Bochum-Riemke,51.5178,7.205275
601965,Tharandt,50.982872,13.592111
601970,Alsdorf-Kellersberg,50.867527,6.167354
602032,Donaueschingen Aufen,47.963356,8.47562
602172,Berlingen(CH),47.673214,9.022023
602250,Hostinne,50.53676,15.737774
602319,Karlsruhe Mühlburger Tor,49.010616,8.382764
602330,Darlingerode,51.84908,10.733037
602341,Obermaubach,50.713985,6.446967
602344,Götzis,47.33661,9.636696
602376,Mittenwald(Gr),47.39807,11.267441
602403,Markt Indersdorf,48.35239,11.378446
602435,Bichlbach-Berwang,47.421356,10.793384
602448,Frantiskov nad Ploucnici,50.72402,14.331794
602485,KA Hirtenweg/Technologiepark,49.017094,8.438666
602640,Lengerich(Westf),52.175785,7.878459
602676,Neckarhausen bei Neckarsteinach,49.416954,8.879703
602885,S+U Potsdamer Platz Bhf,52.509605,13.376579
603003,Sassenroth,50.77157,7.915248
603031,Kostalov,50.568783,15.403727
603053,Kiel-Elmschenhagen,54.287144,10.180414
603102,Wiesloch-Walldorf,49.29135,8.664146
603224,Weißwasser - Ost,51.51689,14.657837
603306,Timelkam,48.00794,13.595975
603374,Feucht Ost,49.376034,11.220502
603420,St-Pierre-des-Corps,47.385544,0.723888
603567,Uhldingen-Mühlhofen,47.736996,9.248419
603602,Buschmühle,50.825928,13.689158
603809,S Wildau,52.319324,13.633739
603815,Barmstedt Brunnenstr,53.792618,9.761888
603857,Gernrode-Niederorschel,51.383224,10.416533
603867,Dörverden,52.84641,9.246334
603896,Wernigerode Schr_Bb 002 P2,51.767,10.67285
603938,Dolní Zleb,50.846504,14.215157
604032,Wittlich Hbf,49.97312,6.943557
604236,Rhens,50.28152,7.620484
604243,Prisdorf,53.67529,9.760216
604379,Amstetten(Württ),48.578327,9.872965
604437,Zierenberg Gl.4 von Kassel,51.36516,9.304596
604524,Albstadt-Ebingen,48.21029,9.026962
604671,"Chemnitz, Zentralhaltestelle",50.832203,12.921825
604679,Ilfeld Tf_Etm 009 P9,51.62252,10.81399
604712,Leimstruth,50.990658,8.312789
604768,S Hackescher Markt,52.522675,13.402462
604831,Bad Oeynhausen,52.2054,8.796523
604914,Löf,50.230568,7.443512
605141,Schwaikheim,48.86834,9.354943
605167,Herbertingen,48.06362,9.413808
605189,Jablonne v Podjestedi,50.76945,14.758118
605241,Rheydt Hbf,51.16303,6.439564
605261,Warszawa Centralna,52.22886,21.003235
605352,Bretzenheim(Nahe),49.874588,7.898692
605407,Straßberg-Glasebach,51.618214,11.049358
605486,Obertraubling,48.967537,12.169996
605630,"Priort Bahnhof, Wustermark",52.516483,12.971314
605655,Johanngeorgenstadt,50.437595,12.728736
605787,Leipzig-Paunsdorf,51.3443,12.444338
605811,Wernigerode Wdt_Wdk 005 P5,51.82914,10.77517
605871,Reichenbach(Vogtl) ob Bf,50.627777,12.29312
605891,Gottenheim,48.051655,7.727832
606085,Horice v Podkrkonosi,50.356274,15.634863
606198,Falkenberg(Elster),51.58405,13.247109
606512,Heinsberg-Oberbruch,51.053074,6.135084
606527,Seulberg,50.241905,8.646005
606578,"Rüppurrer Tor, Karlsruhe",49.00589,8.40936
606601,Brniste,50.716587,14.728752
606658,Zirndorf Kneippallee,49.450027,10.945303
606729,Kirchseeon,48.0709,11.887255
606831,Hamm(Westf)Hbf,51.678078,7.807821
607170,Bahlingen am Kaiserstuhl,48.124493,7.741516
607281,"Velký Borek, Melnicka Vrutice",50.344357,14.54659
607453,S Hennigsdorf Bhf,52.637447,13.205971
607466,Meckesheim,49.32066,8.812836
607527,Brand Tropical Islands,52.029827,13.721686
607603,Unteröwisheim Bf,49.146343,8.668986
607664,Jena Saalbf,50.93692,11.593783
607760,Schrozberg,49.346916,9.974904
607776,Wernigerode Wdk_Wdh 001 P1,51.82495,10.7614
607787,Niedaltdorf,49.34354,6.594053
607867,Halle-Neustadt,51.480057,11.920632
608352,Schandelah,52.267227,10.685403
608365,"Biehla Bahnhof, Elsterwerda",51.47234,13.51929
608373,Kleinensiel,53.444736,8.476006
608386,Flughafen BER,52.36433,13.508164
608402,Emden Außenhafen,53.344467,7.186179
608424,Jerice,50.3428,15.676653
608501,Friedberg(Hess),50.332607,8.762056
608514,Essen Hbf,51.451355,7.014793
608577,Wernigerode Bb_Eck 001 P1,51.77767,10.64421
608581,Alt Schwerin,53.51212,12.355341
608613,Riegel am Kaiserstuhl Ort,48.154144,7.749704
608614,Darmstadt-Kranichstein,49.906826,8.679359
608688,Neustadt-Glewe,53.37764,11.593779
608707,Hittfeld,53.403713,9.974525
608817,Berlin-Lichtenberg,52.510124,13.496304
608832,Mögglingen(Gmünd),48.824646,9.958017
608858,Dortmund Knappschaftskrankenhaus,51.51877,7.537458
608946,Olpe,51.027737,7.841447
609153,Wernigerode Wdt_Wdk 007 P7,51.82754,10.77218
609239,Thaleischweiler-Fröschen,49.26126,7.578673
609384,Schirgiswalde-Kirschau,51.079567,14.426765
609456,Gutach Freilichtmuseum,48.271675,8.198572
609603,Wernigerode Drw_Kn 005 P5,51.76059,10.71115
609766,Venlo(Gr),51.340893,6.192712
609839,Rimini,44.064236,12.574016
609890,Domsühl,53.485405,11.765931
609947,Baden-Baden Haueneberstein,48.81191,8.209021
610038,Berlin-Charlottenburg,52.504097,13.301861
610039,Fischen,47.456593,10.271717
610049,Choszczno,53.16528,15.403792
610140,Ittersbach Rathaus,48.865902,8.509824
610150,Föhren,49.857098,6.767531
610162,Jablonec n.N.centrum,50.720867,15.173866
610165,Frankfurt-Mainkur,50.1346,8.767437
610217,"Ferch-Lienewitz Bahnhof, Schwielowsee",52.30374,12.964099
610221,Neuruppin West Bahnhof,52.926258,12.794096
610281,Tanvald,50.743347,15.311029
610389,Waldshut,47.62137,8.219526
610481,Benneckenstein Bek_Klb 008 P8,51.66805,10.73471
610591,Emmelshausen,50.157673,7.560494
610860,Weidenbach,48.254124,12.347317
610863,Großwalbur,50.32719,10.849282
610914,Pinneberg,53.655178,9.797608
611273,Offenbach(Main)Ost,50.10271,8.784424
611282,Heldrungen,51.30217,11.183186
611337,München-Lochhausen,48.176506,11.407895
611355,Korenov,50.770103,15.3658
611385,Wustweiler,49.398895,7.034824
611456,Ulbersdorf,50.95562,14.219801
611481,Düsseldorf-Eller,51.20267,6.851927
611518,Rövershagen Karls Erlebnisdorf,54.16,12.2383
611576,Vise,50.737858,5.692657
611651,Groß Gerau,49.924885,8.485954
611675,Eisenärzt,47.796272,12.638301
611682,S+U Alexanderplatz Bhf,52.521587,13.411357
611698,Porz(Rhein),50.882908,7.064724
611741,Watzelsteg,49.20694,12.899847
612019,München-Feldmoching,48.213814,11.541318
612033,Frankfurt(Oder),52.336567,14.546854
612071,Nebra,51.28344,11.570126
612127,Feilitzsch,50.364323,11.934034
612196,Nesselwang,47.623943,10.504419
612229,Bad Schussenried,47.994034,9.668497
612246,Herzogenrath(Gr),50.880222,6.085883
612251,Anwanden,49.411694,10.930396
612278,Eichstetten am Kaiserstuhl,48.0929,7.748021
612452,Brachelen,51.007824,6.231463
612492,Jena-Göschwitz,50.88394,11.593537
612555,Neu-Ulm,48.393494,10.005766
612559,Gernlinden,48.212765,11.300378
612921,Dietzhausen,50.600437,10.597946
612925,Reuterstadt Stavenhagen,53.70692,12.9142
612952,Krasna Lipa mesto,50.907433,14.512049
613039,S Springpfuhl,52.527084,13.536604
613100,Laupheim Stadt,48.233303,9.878394
613136,Emmerich(Gr),51.901196,6.137652
613207,Spöck Hochhaus,49.111485,8.500201
613221,Marktleuthen,50.130802,12.01317
613232,Simmelsdorf-Hüttenbach,49.598457,11.341671
613324,"Chemnitz, Roter Turm",50.83453,12.923101
613425,"Moltkestraße/Städt. Klinikum, Karlsruhe",49.015705,8.375209
613429,Neuenhaus,52.5019,6.96998
613446,Utzedel,53.860725,13.116222
613840,Pansky,50.948254,14.463799
613873,Solingen Grünewald,51.1639,7.079004
613877,Icking,47.95325,11.436647
614189,Nordhausen Schurzfell,51.52265,10.775989
614248,Hässleholm Central,56.15852,13.763922
614275,Loßburg-Rodt,48.418026,8.453094
614298,Dannenwalde(Gransee),53.08077,13.180868
614367,Ronneburg(Thür),50.859554,12.18172
614492,Görden,52.42788,12.503951
614545,Heidelberg-Kirchheim/Rohrbach,49.37939,8.675383
614556,Peiting Ost,47.792953,10.936692
614571,Niederdreisbach,50.755516,7.922511
614606,Wernigerode Wernigerode Gleis 31,51.83891,10.7874
614664,Steinhagen(Westf),52.017418,8.420787
614743,"Chemnitz, Rosenbergstr",50.818024,12.929236
614795,"Händelstraße, Karlsruhe",49.01125,8.36937
614883,München-Mittersendling,48.107822,11.536354
614929,Besigheim,48.997723,9.136645
614985,Strasburg(Uckerm),53.515102,13.745272
614990,Griebo,51.880577,12.522977
615000,Ahnatal-Heckershausen Gl.2 Ri. Wolfhagen,51.362988,9.422123
615104,Olbernhau-Grünthal,50.649845,13.364854
615181,Bela u Stare Paky z.,50.53372,15.445615
615186,Nova Ves n.Nisou,50.723866,15.193862
615205,Niedertrebra,51.064342,11.579246
615251,Osterholz-Scharmbeck,53.222775,8.797434
615260,S Treptower Park,52.49371,13.461615
615267,Eilvese,52.545216,9.428147
615371,Praha-Vysocany,50.11229,14.497362
615412,Darmstadt Nord,49.892136,8.654311
615463,Bitzfeld,49.187233,9.453222
615474,Alexisbad,51.648132,11.115311
615542,Elend Ab_So 008 P8,51.70314,10.6891
615597,"Bahnhof, Wiesenburg (Mark)",52.098827,12.431628
615675,Schierke Brockenmoor Gleis 1,51.7987,10.62412
615863,Helpup,51.97738,8.714725
615902,Bochum Hbf,51.478607,7.223275
615993,Liederbach-Süd,50.115417,8.501678
616018,Norden,53.588196,7.218913
616041,Mühlstetten,49.15149,11.00796
616064,Mölln(Lauenb),53.624413,10.683209
616272,Eschenlohe,47.601746,11.187945
616332,Mulsum-Essel,53.498745,9.307073
616572,Bellinzona,46.19543,9.029519
616574,Lauingen,48.574566,10.424966
616577,Imsweiler,49.597656,7.807976
616588,Stendal Hbf,52.594723,11.854412
616665,Frauenfeld,47.558163,8.89656
616683,Elsterwerda,51.45942,13.516226
616835,Massen,51.541775,7.643711
616906,Bad Ems West,50.330692,7.706039
616912,Geltendorf,48.10599,11.037455
616926,Altenstadt(Waldnaab),49.71568,12.16487
617048,"Ebertstraße, Karlsruhe",48.994617,8.394675
617063,Fürstenwalde(Spree),52.366898,14.059075
617086,Kreuzlingen,47.652554,9.16908
617184,Köln-Mülheim,50.957985,7.013295
617188,Sandförde,53.56398,13.971273
617209,Stetten am Heuchelberg,49.136913,9.014726
617251,Benneckenstein Bek_Klb 006 P6,51.66991,10.72821
617253,Oebisfelde,52.439274,10.983852
617267,Ditfurt,51.83348,11.186728
617268,Grimma ob Bf,51.230076,12.714131
617302,Como S. Giovanni,45.80897,9.072714
617375,Niedermohr,49.458427,7.471588
617461,S+U Yorckstr.,52.491333,13.372158
617536,Villach Hbf (Autoreisezuganlage),46.621056,13.864988
617663,Zierenberg,51.365116,9.304813
617680,Raumünzach,48.644848,8.351408
617769,Bad Schandau Nationalparkbahnhof,50.9193,14.137713
617881,Hainewalde,50.90661,14.704463
617938,Albshausen,50.545715,8.434869
618028,Lancut,50.08143,22.227507
618169,Deuben(Zeitz),51.11053,12.068913
618232,Reichertshausen(Ilm),48.471195,11.510203
618278,Groß Lüsewitz,54.073406,12.339221
618370,Heilbronn Harmonie/Kunsthalle,49.142487,9.222599
618424,Reckendorf,50.019394,10.834038
618574,Einfeld,54.12937,9.997923
618663,Dedinghausen,51.67236,8.398281
618778,Weidenthal,49.417496,7.994912
618822,Pfreimd,49.48579,12.167453
618846,Pfronten-Steinach,47.566113,10.574572
618886,Seehausen(Altm),52.885643,11.743576
618932,Hamburg Kornweg(Klein Borstel),53.63238,10.053841
619065,Seifhennersdorf,50.9358,14.613706
619251,Rathaus  Ri. Friedrichsplatz,51.312634,9.492859
619254,Düsseldorf Hbf,51.22191,6.794021
619256,Bernburg-Waldau,51.805782,11.723312
619333,Roßtal Wegbrücke,49.39502,10.885598
619364,Graal-Müritz Koppelweg,54.24589,12.237167
619502,Cottbus Hbf,51.750957,14.324162
619522,Kapfenberg,47.44523,15.292357
619549,S Tegel,52.588074,13.289675
619568,Poggenhagen,52.467308,9.453972
619573,Duckterath,50.984814,7.103496
619774,Essen-Kray Nord,51.46943,7.080476
619849,Chiasso,45.83217,9.03145
619883,Neutrebbin,52.676327,14.237036
619915,Stockstadt(Rhein),49.809433,8.47244
619942,"Viechtach, Bahnhof/ZOB",49.078854,12.889369
620275,Bielefeld-Brackwede,51.99738,8.498426
620288,Niederspier,51.290104,10.848231
620440,Berlin Hbf,52.52519,13.369752
620480,Hagen-Heubing,51.352318,7.423087
620586,Oberlenningen,48.554317,9.470749
620738,Berlin-Hohenschönhausen,52.566013,13.512471
620784,S Biesdorf,52.513096,13.556379
620806,Jockgrim Bf,49.09229,8.272272
620810,Friesack(Mark),52.76054,12.58765
620978,Mayen West,50.328373,7.213894
621463,Fürsteneck,48.71843,13.469922
621467,Geldern,51.51329,6.319336
621507,"Ceska Lipa, hl.n.",50.676697,14.532765
621587,Wernigerode Wernigerode-Hasserode Gleis 1,51.820114,10.742449
621695,KA Tullastraße/Alter Schlachthof,49.00629,8.43165
621779,Kirchlengern,52.196754,8.643778
621782,Münchweiler(Rodalb),49.221355,7.700417
621892,Blumenhagen,53.528328,13.87204
622227,Esslingen-Zell,48.724327,9.359389
622348,Treuenbrietzen Süd,52.080734,12.880842
622373,Kassel-Jungfernkopf Gl.2 Ri. Kassel,51.33906,9.463159
622401,Freudenstadt Hbf,48.460323,8.428803
622519,S Lichterfelde Süd,52.41025,13.308587
622552,Lauter(Sachs),50.56805,12.749028
622607,Kronberg(Taunus),50.17992,8.516874
622737,Geeste,52.598095,7.312044
622803,Baltersweiler,49.493786,7.166538
622835,S Wannsee Bhf,52.421604,13.180082
622907,Schlüchtern,50.34118,9.510039
622921,Niedersteinbach,50.086597,9.148562
623060,"Medewitz (Mark) Bahnhof, Wiesenburg (Mark)",52.061153,12.392049
623205,Kloster Bronnbach,49.715145,9.543516
623318,Ilsenburg,51.869003,10.683103
623412,S Strausberg Stadt,52.57666,13.887953
623420,Biebesheim,49.78198,8.473978
623425,Dornburg(Saale),51.008614,11.675499
623630,Achern Stadt,48.625736,8.067706
623680,Springe,52.21515,9.556238
623750,Krasny Les bazant.,50.930782,15.109133
623752,Braunsbedra,51.28878,11.884594
623755,Rheinsberg(Mark),53.092857,12.899993
623808,Kranichfeld,50.856335,11.203225
623880,Leun/Braunfels,50.539913,8.366902
623889,Geestenseth,53.506733,8.858373
623965,Donauwörth,48.714027,10.771443
624002,Chemnitz-Harthau,50.77687,12.924197
624137,Hohenems,47.364708,9.681001
624163,Böhl-Iggelheim,49.37983,8.303602
624209,Altstädten(Allgäu),47.48855,10.280907
624212,Cents-Hamm,49.61502,6.165978
624378,Hohenlimburg,51.348854,7.571686
624466,Overath,50.93273,7.288817
624563,Gillrath,50.979744,6.072975
624604,S Bellevue,52.519947,13.34809
624616,Hausen i Tal,48.080406,9.027574
624703,Bily Kostel nad Nisou,50.821194,14.917889
624842,Dortmund-Nette/Oestrich,51.561497,7.377731
624944,Martensdorf,54.30092,12.930252
624962,Kummerow(Stralsund),54.298378,12.884609
624986,Sukow(b Schwerin),53.554787,11.559558
625091,Gundersheim(Rheinhess),49.690166,8.196596
625124,Dabendorf,52.23733,13.43729
625167,Dießen,47.950817,11.10754
625270,Kleinkems,47.68613,7.524662
625423,Horni Podluzi,50.88299,14.557046
625452,Woltersdorf/Nuthe-Urstromtal,52.117374,13.19548
625539,Mikulášovice střed,50.96239,14.357504
625704,Seerhausen,51.27027,13.240079
625823,Magdeburg Südost,52.07019,11.669977
626069,Blaustein,48.414597,9.919326
626144,Leipzig Mockauer Straße,51.3738,12.4121
626157,Mössingen,48.404037,9.046391
626410,Sülstorf,53.513996,11.388039
626502,Halle-Silberhöhe,51.445576,11.966203
626671,Wasserbillig,49.71283,6.499351
626699,Bischofswerda,51.125584,14.186144
626829,Stuttgart-Bad Cannstatt,48.801376,9.217531
626887,Eberbach,49.465767,8.984152
626896,Prosecne,50.547497,15.696281
626900,Satteldorf,49.178444,10.078155
626965,Engeln,50.424946,7.156853
626971,Knesebeck,52.67781,10.690267
627001,Antonsthal,50.49994,12.755245
627053,Bad Wildbad Uhlandplatz,48.750835,8.549366
627083,Königshofen(Kahl),50.058846,9.205986
627347,"Praha, hlavni nadrazi",50.083164,14.437409
627374,Obertrattnach-Markt Hofkirchen,48.245945,13.766864
627412,S Feuerbachstr.,52.463432,13.332339
627438,Bolzano/Bozen,46.496376,11.358791
627483,Hechthausen,53.638718,9.228071
627529,Nordhausen-Krimderode,51.52853,10.773972
627543,Schemmerberg,48.18923,9.829031
627614,Freiberg(Neckar),48.930107,9.197796
627684,Jenbach,47.388447,11.778454
627819,S+U Warschauer Str.,52.506306,13.450761
627951,Schönebeck-Felgeleben,52.000748,11.757148
627955,Dachrieden,51.26952,10.442322
627975,Uhlstädt,50.741642,11.462662
628092,Fröttstädt,50.93036,10.573019
628290,Guxhagen Gl.1 Ri. Kassel,51.204376,9.482093
628299,Trassenheide,54.08138,13.868517
628638,Neuruppin Rheinsberger Tor,52.929848,12.810431
628783,Gniezno,52.52965,17.602184
628820,Fleetmark,52.790802,11.378693
628821,"Dolní Bousov, Bechov",50.436146,15.085328
628892,Merzenich,50.84003,6.518051
628914,Kolin(CZ),50.025436,15.214279
628933,Clarholz,51.898453,8.200835
629003,Emmerich,51.834175,6.25648
629064,Rastatt Beinle,48.852146,8.225065
629148,Burghaun(Hünfeld),50.70055,9.727953
629191,Groß Pankow,53.1226,12.04672
629257,Köln Messe/Deutz Gl.11-12,50.941723,6.974067
629313,Niederfinow,52.83067,13.928948
629344,Klasdorf Glashütte,52.022186,13.542614
629463,Benneckenstein Bek_Klb 012 P12,51.66273,10.75239
629536,Zierenberg-Rosental,51.36767,9.291483
629581,Brigachtal Kirchdorf,48.014343,8.467807
629628,Ingolstadt Nord,48.77369,11.43225
629667,Bad Friedrichshall Hbf,49.23157,9.199771
629676,Freckleben,51.702366,11.54413
629712,Erfurt Nord,51.003357,11.029277
629757,Neusalza-Spremberg,51.034252,14.526247
629759,Ohnistany,50.333607,15.507015
629784,Leipzig-Stötteritz,51.324512,12.411428
629858,Bienenmühle,50.7404,13.528533
630008,Feudingen,50.940796,8.329337
630288,Lennestadt-Altenhundem,51.10412,8.071475
630363,S+U Alexanderplatz Bhf,52.52152,13.411226
630376,Forchheim Hallenbad,48.97821,8.31645
630428,Torgau,51.563038,12.991134
630498,Szob,47.821,18.862057
630632,Kempen(Niederrhein),51.367565,6.425549
630696,Wellmitz,52.064724,14.71497
630753,Nauendorf(Saalkr),51.608833,11.884262
630826,Niederau,51.176094,13.560417
631068,Erzhausen,49.950867,8.650993
631215,"Linkenheim Schulzentrum, Linkenheim-Hochstetten",49.127525,8.413486
631242,Ansbach,49.29803,10.578239
631257,"Chemnitz, Moritzhof",50.82944,12.920056
631372,Mainaschaff,49.982407,9.085739
631417,Holzdorf(b Weimar),50.941868,11.277195
631468,Erfurt Ost,51.01454,11.04377
631526,Bruchmühlbach-Miesau,49.38534,7.443979
631593,Hradec Kralove hl.n.,50.214283,15.810062
631629,Karlsruhe Bahnhofsvorplatz,48.994347,8.399587
631733,Obergries,47.70754,11.563533
631785,Triptis,50.740883,11.872173
631793,Körle Gl.1 Ri. Melsungen,51.17172,9.512612
631804,St. Gallen(CH),47.42318,9.369897
631806,S Nikolassee,52.432186,13.193136
631808,Murnau,47.682266,11.192628
631925,Ebringen,47.96036,7.76818
631936,Holstentherme,53.839935,9.946077
631984,Rutesheim,48.790016,8.95955
632119,Neuendettelsau,49.282677,10.782372
632121,Gröbenzell,48.19492,11.374107
632122,"Poststraße, Karlsruhe",48.99506,8.403048
632156,Ochsenhausen,48.071068,9.947367
632157,Kehlhof,47.572254,9.169748
632266,Biesenrode,51.603977,11.385092
632274,Klingenberg(Main),49.781418,9.176549
632418,Reurieth,50.45979,10.653519
632468,Porschdorf Bahnhof,50.943172,14.138387
632525,Eisenach West,50.9789,10.30474
632928,Bodenwöhr Nord,49.27838,12.325948
632938,Bad Kleinen,53.766975,11.466925
632964,Bauerbach,49.073963,8.748153
633180,Tczew,54.09732,18.790155
633294,Hamburg-Altona(S),53.551853,9.934554
633347,Rybnik(PL),50.089134,18.547642
633399,Laberweinting,48.79684,12.315237
633444,Simbach(Inn),48.262814,13.022952
633484,Blankenloch Nord,49.074966,8.467538
633539,Niederzissen,50.461224,7.223197
633544,Hennigsdorf(b Berlin),52.638844,13.205133
633733,Hausen(Schwab),48.101006,10.482517
633790,Flintbek,54.243347,10.062913
633835,"Chemnitz, Rößlerstr",50.81665,12.914055
633896,"Untermühlstraße, Karlsruhe",49.00202,8.45527
633961,Briesen(Mark),52.34649,14.28143
633964,Pfronten-Ried,47.58359,10.561026
634028,Velky Valtinov,50.742588,14.733296
634030,Prora Ost,54.43006,13.574515
634067,Platz der Deutschen Einheit  Ri. Sandershäuser Straße,51.31078,9.513048
634082,Bernburg-Strenzfeld,51.819893,11.717645
634092,Offensen(Kr North),51.588886,9.679817
634182,Ehingen(Donau),48.28568,9.72434
634196,Trostberg,48.02474,12.555646
634203,Bad Wildbad Kurpark,48.748756,8.550459
634278,Goßdorf-Kohlmühle,50.94117,14.164655
634310,Kohlstetten,48.400764,9.332438
634363,Boppard-Buchholz,50.2108,7.554876
634380,München-Riem,48.143982,11.678049
634393,Hamburg Mittlerer Landweg,53.498173,10.131122
634462,Gennweiler,49.36998,7.049984
634504,Eichenberg,51.374825,9.921482
634515,"Park Sanssouci Bahnhof Palast, Potsdam",52.394596,13.01375
634556,Chemnitz Süd,50.823765,12.926188
634849,Weinheim(Bergstr)Hbf,49.553303,8.665351
634901,Berlin Südkreuz,52.475925,13.365291
634993,Kaulsdorf(Saale),50.6117,11.433361
634999,Allerheiligen,51.142445,6.756795
635101,Steinefrenz,50.44842,7.938888
635209,Elend Eld_Ab 011 P11,51.7225,10.68159
635228,Heufeld,47.871197,11.96738
635372,Wuppertal-Unterbarmen,51.25893,7.171212
635378,Klostermansfeld,51.57468,11.491899
635379,Visp,46.29403,7.881465
635399,Hallein Burgfried,47.67599,13.114192
635481,Taucha(Leipzig),51.379017,12.484471
635499,Bad Grönenbach,47.88247,10.253715
635711,Karlovy Vary dolni n.,50.23041,12.864007
635813,Bodelshausen,48.38337,8.990601
635904,Deißlingen Mitte,48.108376,8.611586
635935,Heidenheim,48.68017,10.156642
636103,Diez Ost,50.376045,8.038587
636133,Pillgram,52.336933,14.397803
636176,Karlsruhe Entenfang,49.011017,8.357773
636309,Horneburg,53.50868,9.57655
636333,Kassel-Oberzwehren,51.27635,9.454028
636530,Darmstadt TU-Lichtwiese,49.86093,8.687611
636549,S Ostkreuz Bhf,52.50342,13.469006
636581,Schalkstetten,48.611797,9.91133
636640,Unteraschau,47.922955,12.697808
637012,Lünen Hbf,51.61713,7.529485
637183,Glanzstoffwerke,49.828552,9.152309
637211,Durlach Gritznerstraße,48.999462,8.46416
637266,Ostasov,50.763332,15.012852
637330,Rinteln,52.198936,9.077815
637356,Schöna Bahnhof,50.875916,14.234695
637377,Zakupy,50.68146,14.635766
637395,Urbach(b Schorndorf),48.804955,9.573734
637441,Maxau,49.035965,8.307736
637498,Eisenach Hbf,50.97692,10.331986
637607,Magdeburg-Neustadt,52.14884,11.641703
637632,Arnsberg-Oeventrop,51.39202,8.132081
637654,Radymno,49.939533,22.829151
637772,Gröbers,51.432346,12.116826
637917,Pommritz,51.159016,14.5747
637945,Zelezny Brod,50.639908,15.265961
638069,Ingelheim,49.976276,8.053716
638076,Eugendorf,47.87332,13.116712
638113,S Lankwitz,52.43876,13.342041
638214,Kahl Kopp/Heide,50.079144,9.01577
638416,S Bergfelde,52.67013,13.320479
638564,Goldshöfe,48.894222,10.128254
638679,Krzyz,52.87742,16.017834
638736,Swinoujscie,53.90482,14.266627
638739,Kamen-Methler,51.56738,7.613056
638949,Vienenburg,51.955032,10.562174
638953,Neustadt(Orla),50.73479,11.757621
639001,Mindelheim,48.044918,10.501626
639160,Oederan,50.857224,13.174791
639221,Weilbach(Unterallg),48.125996,10.429623
639226,Rech,50.5153,7.036344
639281,Eisenach Opelwerke Hp,50.979336,10.283491
639301,Biberach(Riß),48.101845,9.793127
639334,Neuratting,48.227135,13.373892
639489,Bad St Peter-Ording,54.31729,8.614736
639564,Aumenau,50.400307,8.249234
639572,Lichtenstein Gewerbegebiet,50.775284,12.632105
639577,Hanfertal,48.099766,9.235652
639591,Leisnig,51.160324,12.938389
639711,Königslutter,52.257168,10.812489
639900,Offenburg,48.476475,7.946723
639902,Zorneding,48.0896,11.832456
640117,Wolgaster Fähre,54.056377,13.790624
640131,Weiden(Oberpf),49.67049,12.153846
640207,Altheim(Hess),49.923332,8.890906
640208,Ottensoos,49.50775,11.339683
640299,Sorge Sorge Gleis 1,51.69342,10.6974
640364,Sulzberg,47.675213,10.363935
640401,Siershahn,50.48594,7.771312
640453,Kapen Biosphärenreservat,51.816483,12.33669
640479,Hamburg-Rahlstedt,53.60486,10.154396
640642,Westheim(Schwab),48.38599,10.818233
640978,Loxstedt,53.47465,8.654301
641191,Ranstadt,50.35673,8.983134
641247,Velky Senov,50.993378,14.380956
641266,Hamburg Hoheneichen,53.63548,10.067648
641280,Heroldsberg,49.528614,11.149921
641293,Gliwice,50.301105,18.677158
641332,Griesen(Oberbay),47.478218,10.94612
641350,Plaaz,53.840458,12.337716
641389,Ochenbruck,49.36284,11.253831
641577,Decin - Priper,50.785133,14.209506
641689,Raciborz,50.09035,18.226397
641915,Bad Sulza Nord,51.097427,11.6283
641919,Lorch(Württ),48.797905,9.695761
642010,S Charlottenburg Bhf,52.50493,13.304487
642129,Thalfingen(b Ulm),48.432983,10.047853
642176,Bissendorf,52.522705,9.748191
642193,Eichenau(Oberbay),48.179325,11.328277
642204,Unterharmersbach,48.354137,8.089966
642303,Klein Winternheim-Ober Olm,49.939713,8.206986
642635,Wuppertal-Zoologischer Garten,51.24347,7.10702
642671,Hagenow Stadt,53.429436,11.18499
642692,Hopfgarten im Brixental,47.455353,12.14918
642722,Kating,54.32603,8.872281
643003,Fortezza/Franzensfeste,46.78872,11.610083
643090,Karlsruhe Rheinhafenstraße,49.00168,8.345223
643253,Ferndorf(Siegen),50.959454,8.009227
643264,Kothmaißling,49.242912,12.729367
643413,Lützel,50.967045,8.174364
643465,Leverkusen-Rheindorf,51.064266,6.963464
643524,Dabendorf,52.236935,13.437361
643596,Niederlinxweiler,49.4322,7.160695
643722,Wasserthaleben,51.258457,10.890294
643751,Emmerthal,52.046413,9.382856
643849,Vahldorf,52.252388,11.499764
643856,Wennigsen(Deister),52.27963,9.572167
643882,Lugano,46.0055,8.946995
643935,Schmiedeberg Buschmühle,50.825928,13.689238
643972,Dresden Mitte,51.056168,13.724109
644056,Kiel-Oppendorf,54.326103,10.208369
644238,Przemysl Zasanie,49.79363,22.774115
644316,Platz der Deutschen Einheit  Ri. Unterneust. Kirchplatz,51.311058,9.512318
644370,Graben-Neudorf Nord,49.17796,8.494096
644545,Trochtelfingen ALB-GOLD,48.32885,9.245916
644547,Bremerhaven-Lehe,53.566322,8.600657
644550,Brandenburg Hbf,52.40043,12.565258
644561,München-Freiham,48.14,11.410112
644593,"Leopoldshafen Frankfurter Straße, Eggenstein-Leopo",49.100834,8.403753
644619,Stein am Rhein,47.656113,8.85502
644675,Sierck-les-Bains,49.442776,6.352122
644744,Sophienhof,51.641117,10.789416
644831,Steinheim-Sandebeck,51.81837,8.986954
644933,Brötzingen Mitte,48.889465,8.667027
644949,Gifhorn,52.455963,10.545786
644961,Luhe-Wildenau,49.598732,12.126909
645046,Sorge So_Bek 006 P6,51.67615,10.7044
645243,München Hbf Gl.27-36,48.14153,11.556708
645266,Uster,47.35037,8.718709
645442,Butzbach,50.431156,8.669517
645591,Meißen,51.162956,13.482522
645708,Großen Linden,50.528297,8.662097
645785,Raun,50.25988,12.293245
645798,Baabe,54.362316,13.704806
645884,Trooz,50.573193,5.688713
645897,Karlsruhe Händelstraße,49.011246,8.369047
645917,"Pfaffenhain, Bahnhof",50.750095,12.822921
645949,Ostelsheim,48.728363,8.854714
646128,Neukirch(Lausitz)West,51.084297,14.270656
646230,S Borgsdorf,52.715527,13.276319
646406,Horka(Gr),51.2862,15.032184
646410,Ilfeld Tf_Etm 005 P5,51.62832,10.81666
646456,Dolni Bousov,50.441616,15.132337
646478,Kämmereiforst,51.476154,12.541189
646692,Moritzburg,51.155586,13.683435
646798,"Bärenstein(b Glashütte, Sachs)",50.809727,13.794728
646804,Lunderskov st,55.48012,9.303791
646807,Olbersdorf Niederdorf,50.881176,14.781219
646881,Oberau,47.559273,11.139272
646977,Teltow,52.38803,13.299812
647034,Niederschmalkalden,50.716724,10.375907
647162,Hochdorf(b Horb),48.482487,8.724052
647302,Köln-Müngersdorf Technologiepark,50.948395,6.888201
647315,Thale Hbf,51.746048,11.031048
647598,Oberottmarshausen,48.235867,10.851834
647615,Neubäu,49.23986,12.436474
647955,Nova Ves nad Popelkou,50.518925,15.407976
648199,Anklam,53.856102,13.701827
648309,Westheim-Langendorf,50.125774,9.932748
648434,Boppard Hbf,50.231422,7.586014
648435,Erkrath-Nord,51.22928,6.91064
648526,Wasseralfingen,48.858616,10.103645
648661,Müllrose,52.24177,14.434217
648693,Papiermühle(Stadtr),50.885315,11.790181
648734,Hamburg-Wilhelmsburg,53.498936,10.007006
648836,Schutzbach,50.75849,7.903878
648925,Ilfeld Tf_Etm 008 P8,51.62311,10.81761
648990,Jeßnitz(Anh),51.682552,12.277353
649025,Nová Huť v Lužických horách,50.83073,14.585891
649063,Trebbin,52.21658,13.229556
649085,Garftitz,54.37771,13.637847
649139,Baar-Ebenhausen,48.67494,11.460092
649177,Behringersdorf,49.481575,11.198498
649376,Großenlüder,50.592937,9.550001
649403,Bonn UN Campus,50.71454,7.11801
649429,Magdeburg-Eichenweiler,52.166447,11.657982
649605,Hohenschäftlarn,47.9913,11.457513
649720,Blankenbach,50.065205,9.230064
649759,Hennen,51.437157,7.646847
649913,Hosena,51.454754,14.015117
649953,"Dahlewitz Bahnhof, Blankenfelde-Mahlow",52.32629,13.419799
650155,S Hoppegarten,52.518295,13.673932
650229,Bertsdorf,50.868446,14.746641
650246,Külte-Wetterburg,51.39682,9.071138
650313,Essen-Zollverein Nord,51.49361,7.046744
650505,Calbe(Saale) Stadt,51.91388,11.776342
650523,Alpirsbach,48.343807,8.398251
650535,Zella-Mehlis,50.64672,10.674124
650539,Holzgerlingen Hülben,48.64473,9.008629
650595,Giersleben,51.7646,11.568545
650614,Duisburg-Ruhrort,51.45728,6.736015
650746,Hettstedt Kupferkammerhütte,51.63311,11.510762
650768,"Kurt-Schumacher-Straße, Karlsruhe",49.030262,8.37635
650957,Durlach Auer Str./Dr. Schwabe,49.000385,8.463702
651023,Netzschkau,50.611404,12.244275
651030,Jakuszyce-Polana,50.81922,15.433937
651113,Kassel-Wilhelmshöhe Gl.9 Ri. Kassel,51.311737,9.447982
651131,Bad König Zell,49.719707,8.99404
651192,Büsenbachtal,53.269596,9.858592
651212,Augsburg Haunstetterstraße,48.355286,10.900985
651271,Hannover-Kleefeld,52.373608,9.79061
651335,Ottendorf-Okrilla Süd,51.177967,13.824915
651411,Gdynia Glowna,54.52084,18.529556
651425,Gorgast,52.563232,14.55131
651469,Eberswalde Hbf,52.83386,13.79663
651528,Waldheim,51.075817,13.013923
651529,Fremersdorf,49.409927,6.647942
651535,Bernburg (Saale) Keßlerturm (Parkeisenbahn),51.792297,11.71669
651582,"Karl-Marx-Str., Bad Belzig",52.136063,12.59495
651626,Breclav(Gr),48.71265,16.86837
651673,Kaiserstuhl AG,47.56645,8.419162
651685,Hamburg-Stellingen,53.589844,9.918336
651752,Kinding(Altmühltal),48.99138,11.378503
651785,Fichtenberg,48.987347,9.700763
651793,"Kongresszentrum (U), Karlsruhe",49.002884,8.403254
651948,Neckarbischofsheim Nord,49.30699,8.942342
651961,Saulgrub,47.66609,11.025397
651984,Eschelbronn,49.323982,8.867796
652117,Meschede-Freienohl,51.36642,8.169484
652321,Millingen(b Rheinb),51.560154,6.556373
652500,Zürich Oerlikon,47.41153,8.54414
652532,Sandershäuser Straße Ri. Pl. d. Dt. Einheit,51.30932,9.517457
652610,Varel(Oldb),53.399097,8.150187
652841,Oelsnitz(Vogtl),50.41323,12.159
652983,Wellendorf,52.18117,8.140157
653112,Schwarzach-St.Veit,47.318535,13.154464
653121,Wurmlingen Mitte,48.001755,8.777842
653163,Hohenleipisch,51.492832,13.564958
653346,Rothenburg ob der Tauber,49.37669,10.1907
653429,Rheinhausen,51.393505,6.706484
653697,Dillenburg,50.734943,8.294621
653763,Rastatt,48.86048,8.215623
653829,Hagsfeld Süd,49.024654,8.449913
653956,Rumburk,50.956882,14.550659
654010,Tönning,54.31414,8.937601
654061,Leithen b.Seefeld,47.290787,11.221932
654328,Himmelreich,47.958614,7.991356
654433,Kollmarsreute,48.09827,7.887074
654552,Stollberg Schlachthofstraße,50.71423,12.778782
654854,Knittlingen-Kleinvillars,48.993443,8.744536
654894,S Priesterweg,52.459934,13.356075
654902,Dittersbach,50.926563,13.068763
654954,Dortmund Stadthaus,51.507828,7.468764
655295,Bregenz Hafen,47.50612,9.748294
655328,München Isartor,48.1342,11.583234
655336,Wernigerode Wernigerode Gleis 34,51.83882,10.78759
655479,Bennemühlen,52.580994,9.726836
655640,Heringsdorf Neuhof,53.952644,14.148556
655642,Schmilka Hp Hirschmühle,50.88983,14.228524
655836,Hagen-Westerbauer,51.34178,7.397392
655877,Neusörnewitz,51.147552,13.552767
655882,Dedenhausen,52.432217,10.23873
655926,Hazlov,50.16185,12.279022
655953,Niederjosbach,50.149807,8.351017
656065,S+U Brandenburger Tor,52.516487,13.381879
656069,Düsseldorf-Hamm,51.21077,6.740335
656097,Langenlonsheim,49.90137,7.899887
656146,Oberhofen-Zell am Moos,47.95886,13.301464
656235,Hövelriege,51.865124,8.642067
656286,Redl-Zipf,48.026226,13.515069
656312,Decin hl.n.,50.773113,14.201439
656357,Wiesbaden Ost,50.041065,8.256826
656436,Hausen(Taunus),50.30775,8.507244
656518,Sanitz(b Rostock),54.07506,12.376588
656566,Taufkirchen an der Pram,48.406857,13.522575
656640,Altenseelbach,50.783836,7.992398
656724,Kahl(Main),50.07687,9.005468
656744,Steinfeld(Stendal),52.61477,11.728855
656808,Zirndorf,49.44389,10.958468
657007,Falkenberg(Mark),52.80767,13.960305
657101,Schlierbach(Schwalm-Eder-Kr.),50.968784,9.201445
657212,Immenhausen Gl.1 Ri. Hümme,51.427074,9.464434
657227,"Staaken Bahnhof, Berlin",52.537758,13.141315
657232,Hamburg-Bahrenfeld,53.56006,9.910778
657249,S Sonnenallee,52.47299,13.455632
657272,Dortmund-Kirchhörde,51.46424,7.457764
657316,Aschaffenburg Hbf,49.980556,9.143697
657370,"Altmittweida, Bahnhof",50.968784,12.959752
657509,Rammingen(Württ),48.512386,10.19086
657665,Bannemin-Mölschow,54.071262,13.836052
657929,Groß-Umstadt Wiebelsbach,49.833202,8.940897
658045,Leipzig-Leutzsch,51.354,12.303738
658178,Iserlohn,51.373295,7.691608
658195,Landsberg(L)Schule,48.05418,10.869641
658333,Kedzierzyn Kozle,50.34436,18.204765
658416,Scharstorf,53.970078,12.245847
658421,Castrop-Rauxel Hbf,51.573524,7.30398
658457,Grünebacherhütte,50.781654,7.891546
658478,S+U Friedrichstr. Bhf,52.520363,13.38716
658498,Wingst,53.74505,9.098158
658620,Dortmund-Scharnhorst,51.538372,7.536564
658641,Essen-Dellwig,51.487923,6.922269
658698,Lage(Lippe),51.99174,8.801199
658706,Nordhausen-Salza,51.51511,10.77314
658858,Marquardt,52.45837,12.971971
658929,Szczecin Gumience,53.397747,14.494864
658987,Berg(Pfalz),48.980675,8.212761
658990,Hagen(Kr. Stade),53.549995,9.459899
659000,"Langensteinbach St. Barbara, Karlsbad",48.90973,8.499572
659151,Weißenhorn-Eschach,48.301052,10.134668
659156,Bad Bentheim(Gr),52.3091,7.04016
659184,Krimmeri-Meinau,48.56362,7.752633
659358,Schmalkalden,50.72018,10.440504
659392,Crossen Ort,50.974716,11.9819
659484,Saal(Donau),48.90242,11.933195
659587,Zagreb Glavni kolodvor,45.80444,15.978705
659592,Jettenbach,48.17143,12.36682
659603,Domina,50.47944,13.351523
659653,Oranienburg,52.75412,13.249437
659701,Niederstetten,49.403572,9.915079
659714,Hauptbahnhof A1,54.315235,10.131234
659749,Rövershagen,54.175568,12.247446
659827,Girod,50.45433,7.902936
659973,Koblenz Dorf,47.609386,8.240164
660077,Saarbrücken Hbf,49.241066,6.991021
660187,Nejdek zastavka,50.329422,12.721907
660263,Mikulasovice horni nadrazi,50.95647,14.39021
660267,Raddusch,51.815403,14.032956
660330,Görlitz,51.146767,14.97908
660523,Markt Erlbach,49.492676,10.658449
660614,Elend Drw_Eld 010 P10,51.75483,10.70437
660720,Schruns,47.079506,9.917602
660760,Gladbeck-Zweckel,51.59027,6.984424
660962,Horn-Bad Meinberg,51.88152,8.955092
660994,Baruth(Mark),52.058723,13.511465
661094,Lutherplatz  Ri. Am Stern,51.318783,9.496747
661110,Oegeln,52.17273,14.27087
661119,Mönchengladbach Hbf,51.196583,6.446111
661181,Heilbronn Rathaus,49.141945,9.21906
661184,Kuchl Garnei,47.6515,13.128377
661453,Zschopau,50.74324,13.065988
661478,München Ost,48.12744,11.604971
661543,Elend Drw_Eld 004 P4,51.75691,10.71339
661631,Malter,50.923595,13.654343
661737,Pressig-Rothenkirchen,50.34884,11.310824
661838,Langenwolmsdorf,51.03625,14.153669
661990,"Siemens, Karlsruhe",49.0253,8.34624
662040,Brohl Rheinanlagen,50.4873,7.327933
662128,Münster-Sprakel,52.04151,7.619982
662179,Ediger-Eller,50.1047,7.139598
662317,München-Aubing,48.155968,11.413309
662472,Efringen-Kirchen,47.65562,7.563918
662505,Bad Salzungen,50.81491,10.22943
662574,Grafrath,48.132095,11.153259
662696,Unterreichenbach,48.82686,8.711284
662963,Menden(Sauerland)Süd,51.428333,7.807804
663009,S Grünau,52.412434,13.573957
663030,Schönkirchen Bf,54.332836,10.229358
663037,Rot am See,49.249393,10.030336
663119,"Wittgensdorf, Ob Bf",50.879543,12.842917
663182,Thüngersheim,49.877983,9.840298
663373,Elend Ab_So 005 P5,51.709,10.68786
663404,Vöhringen,48.279087,10.083628
663536,Linnich Bhf,50.982357,6.276227
663654,Altefähr,54.322926,13.14101
663710,Frankfurt-Sindlingen,50.087498,8.512259
663741,Wallersee,47.91942,13.159328
663798,Altbach,48.720394,9.382384
663876,Schwelm West,51.285645,7.269619
663882,Heinsberg(Rheinl),51.065037,6.098881
663924,Kreuztal-Eichen,50.973866,7.977934
663953,Paindorf,48.44268,11.487263
664091,Finkenheerd,52.24944,14.569558
664103,Neetzka,53.53352,13.500838
664208,Eiserfeld(Sieg),50.847298,7.987071
664217,"Linkenheim Süd, Linkenheim-Hochstetten",49.116863,8.4116
664227,Krumbach(Schwab),48.24759,10.358619
664338,Vesele pod Rabstejnem,50.794437,14.362876
664352,Walldürn,49.578022,9.367542
664426,Frankfurt(Main)-Gateway Gardens,50.056576,8.594495
664452,Dolni Krecany (Bahnhof),50.95636,14.518104
664520,Neudietendorf,50.9139,10.909685
664562,Calmbach Bahnhof,48.77648,8.571132
664653,Westerhausen,52.236324,8.278625
664693,Pegnitz,49.75871,11.547596
664717,S Wannsee Bhf,52.421665,13.179986
664771,Bassum,52.84739,8.739924
664794,Köln-Buchforst,50.953487,7.004327
665059,Enschede De Eschmarke,52.221138,6.951102
665151,Angermünde,53.01574,13.995672
665168,KA Marktplatz (Kaiserstraße U),49.009617,8.402958
665245,Werder(Havel),52.39294,12.926189
665423,S Priesterweg,52.459892,13.356434
665480,Zakupy-Bozikov,50.678642,14.650035
665538,Usti nad Labem hl.n.,50.65956,14.044728
665771,Bottighofen,47.640705,9.213104
665787,S Wilhelmsruh,52.581722,13.3623
666034,Hainburg Hainstadt,50.078114,8.938135
666084,Murnau Ort,47.678833,11.19566
666115,Reichenbach(b. Ettlingen),48.920483,8.479553
666186,Frankenthal Hbf,49.53557,8.349702
666190,Stockheim(Oberfr),50.306824,11.282133
666218,Praha-Vrsovice,50.064663,14.447836
666258,Waldkraiburg-Kraiburg,48.202953,12.408022
666280,Nöbdenitz,50.878906,12.280657
666316,Hoppstädten(Nahe),49.61553,7.195011
666532,Horka,51.303986,14.902096
666625,Hitzacker,53.139156,11.038199
666734,Erlenbach(Main),49.803635,9.154436
666804,Buttenheim,49.799397,11.01373
666950,Regensburg-Prüfening,49.01206,12.049297
666962,Rheinsheim,49.22906,8.415648
666993,Dernau,50.533325,7.044367
667009,Thansüß,49.622265,11.937845
667071,Neuenstein,49.206135,9.583919
667130,Fraipont,50.56506,5.724187
667174,Edelfingen,49.513023,9.743113
667196,Bremen Neustadt,53.075783,8.785808
667277,Horni Branna,50.59672,15.587001
667402,Straßgräbchen-Bernsdorf,51.36147,14.052047
667437,Finkenkrug,52.569733,13.050801
667468,Karlsruhe Rheinhafen,49.015747,8.347379
667500,S Messe Nord/ZOB,52.5077,13.283556
667802,Großburgwedel,52.50682,9.858535
667883,Goch,51.681824,6.160862
667929,Fohrde,52.484146,12.46282
667994,S Mahlsdorf Bhf,52.512253,13.610598
668131,Mseno,50.43577,14.64068
668145,Düsseldorf-Rath Mitte,51.261135,6.808398
668588,Friedrichstal(Baden),49.10097,8.474139
668670,Gaggenau Bf,48.80577,8.319977
668709,S Anhalter Bahnhof,52.503513,13.381617
668926,Hausach,48.284924,8.181665
669079,Lehmen,50.284744,7.45523
669162,Schlatt(Hohenz),48.343544,9.025203
669349,Sasbach am Kaiserstuhl,48.13875,7.620345
669538,Benningen(Neckar),48.943615,9.244504
669599,Jablonne v Podjestedi,50.769444,14.758251
669639,Satzvey,50.622787,6.71266
669820,Erbach(Odenw),49.65671,8.989827
669972,Dessau-Waldersee,51.836563,12.270566
670002,Gerstetten,48.624836,10.022662
670016,Malter Bahnhof,50.92354,13.654599
670264,Attendorn-Hohen Hagen,51.090164,7.855281
670371,Langensteinbach Bahnhof,48.915257,8.50312
670466,Cheb(Gr),50.086975,12.253503
670486,Hüttingen,49.96742,6.585008
670510,S Grunewald,52.48837,13.260926
670624,Schondorf(Bay),48.05285,11.089847
670649,Schney,50.166203,11.073623
670807,Goslar,51.91157,10.421436
670811,Elsterwerda,51.459404,13.516305
670875,Dortmund Möllerbrücke,51.507156,7.451706
670884,Belleben,51.673603,11.633376
